id,size,u16_at2,ihdr_count,iend_count,first_ihdr_off,head16
0,7343,256,1,0,17,00000100800040000000001ca2000000
3,2274,256,1,0,17,000301003000300000000008d5000000
4,2262,256,1,0,17,000401003000300000000008c9000000
5,2257,256,1,0,17,000501003000300000000008c4000000
6,2170,256,1,0,17,0006010030003000000000086d000000
7,2087,256,1,0,17,0007010030003000000000081a000000
8,1995,256,1,0,17,000801003000300000000007be000000
9,2108,256,1,0,17,0009010030003000000000082f000000
10,2178,256,1,0,17,000a0100300030000000000875000000
11,1913,256,1,0,17,000b010030003000000000076c000000
12,1941,256,1,0,17,000c0100300030000000000788000000
18,1241,256,1,0,17,001201001e001e0000000004cc000000
19,1186,256,1,0,17,001301001e001e000000000495000000
20,3921,256,1,0,17,00140100370037000000000f44000000
21,118,256,1,0,17,00150100400017000000000069000000
22,12810,262,1,0,177,001601065e001d14000000000048001d
23,19188,263,1,0,177,00170107d30032140000000000570032
24,6,1536,0,0,-1,001806001600
25,6,1536,0,0,-1,001906001601
26,6,1536,0,0,-1,001a06001602
27,6,1536,0,0,-1,001b06001603
28,6,1536,0,0,-1,001c06001604
29,6,1536,0,0,-1,001d06001605
32,2061,256,1,0,17,00200100300030000000000800000000
33,1942,256,1,0,17,00210100300030000000000789000000
34,2073,256,1,0,17,0022010030003000000000080c000000
35,2011,256,1,0,17,002301003000300000000007ce000000
36,2130,256,1,0,17,00240100300030000000000845000000
37,2140,256,1,0,17,0025010030003000000000084f000000
38,1856,256,1,0,17,00260100300030000000000733000000
39,2081,256,1,0,17,00270100300030000000000814000000
40,1973,256,1,0,17,002801003000300000000007a8000000
41,2121,256,1,0,17,0029010030003000000000083c000000
42,1817,256,1,0,17,002a010030003000000000070c000000
43,1767,256,1,0,17,002b01003000300000000006da000000
44,1808,256,1,0,17,002c0100300030000000000703000000
45,1879,256,1,0,17,002d010030003000000000074a000000
46,1724,256,1,0,17,002e01003000300000000006af000000
47,1857,256,1,0,17,002f0100300030000000000734000000
48,1805,256,1,0,17,00300100300030000000000700000000
49,1799,256,1,0,17,003101003000300000000006fa000000
50,1803,256,1,0,17,003201003000300000000006fe000000
51,1727,256,1,0,17,003301003000300000000006b2000000
52,1800,256,1,0,17,003401003000300000000006fb000000
53,1830,256,1,0,17,00350100300030000000000719000000
54,1797,256,1,0,17,003601003000300000000006f8000000
55,1744,256,1,0,17,003701003000300000000006c3000000
56,2356,256,1,0,17,00380100300030000000000927000000
57,2200,256,1,0,17,0039010030003000000000088b000000
58,2176,256,1,0,17,003a0100300030000000000873000000
59,2399,256,1,0,17,003b0100300030000000000952000000
60,2323,256,1,0,17,003c0100300030000000000906000000
61,2193,256,1,0,17,003d0100300030000000000884000000
62,2184,256,1,0,17,003e010030003000000000087b000000
63,2368,256,1,0,17,003f0100300030000000000933000000
64,2181,256,1,0,17,00400100300030000000000878000000
65,2274,256,1,0,17,004101003000300000000008d5000000
66,2150,256,1,0,17,00420100300030000000000859000000
67,2292,256,1,0,17,004301003000300000000008e7000000
68,2294,256,1,0,17,004401003000300000000008e9000000
69,2178,256,1,0,17,00450100300030000000000875000000
70,2121,256,1,0,17,0046010030003000000000083c000000
71,1974,256,1,0,17,004701003000300000000007a9000000
72,2058,256,1,0,17,004801003000300000000007fd000000
73,2051,256,1,0,17,004901003000300000000007f6000000
74,2053,256,1,0,17,004a01003000300000000007f8000000
75,2087,256,1,0,17,004b010030003000000000081a000000
76,2218,256,1,0,17,004c010030003000000000089d000000
77,2003,256,1,0,17,004d01003000300000000007c6000000
78,1967,256,1,0,17,004e01003000300000000007a2000000
79,2314,256,1,0,17,004f01003000300000000008fd000000
80,2000,256,1,0,17,005001003000300000000007c3000000
81,1963,256,1,0,17,0051010030003000000000079e000000
82,1902,256,1,0,17,00520100300030000000000761000000
83,2082,256,1,0,17,00530100300030000000000815000000
84,1931,256,1,0,17,0054010030003000000000077e000000
85,2703,256,1,0,17,00550100300030000000000a82000000
86,2725,256,1,0,17,00560100300030000000000a98000000
87,2805,256,1,0,17,00570100300030000000000ae8000000
88,2691,256,1,0,17,00580100300030000000000a76000000
89,2633,256,1,0,17,00590100300030000000000a3c000000
90,2679,256,1,0,17,005a0100300030000000000a6a000000
91,2542,256,1,0,17,005b01003000300000000009e1000000
92,2650,256,1,0,17,005c0100300030000000000a4d000000
93,2608,256,1,0,17,005d0100300030000000000a23000000
94,2798,256,1,0,17,005e0100300030000000000ae1000000
95,2769,256,1,0,17,005f0100300030000000000ac4000000
96,2690,256,1,0,17,00600100300030000000000a75000000
97,2523,256,1,0,17,006101003000300000000009ce000000
98,2713,256,1,0,17,00620100300030000000000a8c000000
99,2626,256,1,0,17,00630100300030000000000a35000000
100,2676,256,1,0,17,00640100300030000000000a67000000
101,2648,256,1,0,17,00650100300030000000000a4b000000
102,2733,256,1,0,17,00660100300030000000000aa0000000
103,2638,256,1,0,17,00670100300030000000000a41000000
104,2669,256,1,0,17,00680100300030000000000a60000000
105,2698,256,1,0,17,00690100300030000000000a7d000000
106,2701,256,1,0,17,006a0100300030000000000a80000000
107,2604,256,1,0,17,006b0100300030000000000a1f000000
108,2677,256,1,0,17,006c0100300030000000000a68000000
109,2677,256,1,0,17,006d0100300030000000000a68000000
110,2711,256,1,0,17,006e0100300030000000000a8a000000
111,2644,256,1,0,17,006f0100300030000000000a47000000
112,2526,256,1,0,17,007001003000300000000009d1000000
113,2548,256,1,0,17,007101003000300000000009e7000000
114,2403,256,1,0,17,00720100300030000000000956000000
115,2414,256,1,0,17,00730100300030000000000961000000
116,2480,256,1,0,17,007401003000300000000009a3000000
117,2550,256,1,0,17,007501003000300000000009e9000000
118,2411,256,1,0,17,0076010030003000000000095e000000
119,2564,256,1,0,17,007701003000300000000009f7000000
120,2555,256,1,0,17,007801003000300000000009ee000000
121,1980,256,1,0,17,007901003000300000000007af000000
122,2553,256,1,0,17,007a01003000300000000009ec000000
123,2109,256,1,0,17,007b0100300030000000000830000000
124,2601,256,1,0,17,007c0100300030000000000a1c000000
125,2561,256,1,0,17,007d01003000300000000009f4000000
126,2711,256,1,0,17,007e0100300030000000000a8a000000
127,2632,256,1,0,17,007f0100300030000000000a3b000000
128,2156,256,1,0,17,0080010030003000000000085f000000
129,2192,256,1,0,17,00810100300030000000000883000000
130,2266,256,1,0,17,008201003000300000000008cd000000
131,2301,256,1,0,17,008301003000300000000008f0000000
132,2229,256,1,0,17,008401003000300000000008a8000000
133,2011,256,1,0,17,008501003000300000000007ce000000
134,2139,256,1,0,17,0086010030003000000000084e000000
135,2054,256,1,0,17,008701003000300000000007f9000000
136,1945,256,1,0,17,0088010030003000000000078c000000
137,2013,256,1,0,17,008901003000300000000007d0000000
138,2106,256,1,0,17,008a010030003000000000082d000000
139,1532,256,1,0,25,008b0100280023010000000000280023
140,6,1536,0,0,-1,008c06001606
141,6,1536,0,0,-1,008d06001607
142,6,1536,0,0,-1,008e06001608
143,6,1536,0,0,-1,008f06001609
144,6,1536,0,0,-1,00900600160a
145,6,1536,0,0,-1,00910600160b
146,1380,256,1,0,25,009201004c001f0100000000004c001f
147,1394,256,1,0,25,009301004c001f0100000000004c001f
148,1515,256,1,0,25,00940100280023010000000000280023
149,5064,256,1,0,17,009501003700370000000013bb000000
150,4664,256,1,0,17,0096010032003200000000122b000000
151,5243,256,1,0,17,0097010032003200000000146e000000
152,3026,256,1,0,17,00980100320032000000000bc5000000
153,4143,256,1,0,17,00990100320032000000001022000000
154,2931,256,1,0,17,009a0100360032000000000b66000000
156,6,1536,0,0,-1,009c0600160c
157,6,1536,0,0,-1,009d0600160d
158,6,1536,0,0,-1,009e0600160e
159,6,1536,0,0,-1,009f0600160f
160,6,1536,0,0,-1,00a006001610
161,6,1536,0,0,-1,00a106001611
162,6,1536,0,0,-1,00a206008b00
163,6,1536,0,0,-1,00a306009200
164,6,1536,0,0,-1,00a406009300
165,6,1536,0,0,-1,00a506009400
166,6,1536,0,0,-1,00a606001612
167,6,1536,0,0,-1,00a706001613
168,6,1536,0,0,-1,00a806001700
169,6,1536,0,0,-1,00a906001701
170,6,1536,0,0,-1,00aa06001702
171,6,1536,0,0,-1,00ab06001703
172,6,1536,0,0,-1,00ac06001704
173,6,1536,0,0,-1,00ad06001705
174,6,1536,0,0,-1,00ae06001706
175,6,1536,0,0,-1,00af06001707
176,6,1536,0,0,-1,00b006001708
177,6,1536,0,0,-1,00b106001709
178,6,1536,0,0,-1,00b20600170a
179,6,1536,0,0,-1,00b30600170b
180,6,1536,0,0,-1,00b40600170c
181,6,1536,0,0,-1,00b50600170d
182,6,1536,0,0,-1,00b60600170e
183,6,1536,0,0,-1,00b70600170f
184,6,1536,0,0,-1,00b806001710
185,6,1536,0,0,-1,00b906001711
186,6,1536,0,0,-1,00ba06001712
187,6,1536,0,0,-1,00bb06001713
188,235,768,0,0,-1,00bc0300640114005900240029001000
190,235,768,0,0,-1,00be0300640114007000370036001800
191,530,256,1,0,17,00bf0100110011000000000205000000
192,1315,256,1,0,89,00c00100fb000e0900000000002a00fb
193,6,1536,0,0,-1,00c10600c000
195,6,1536,0,0,-1,00c30600c001
196,6,1536,0,0,-1,00c40600c002
197,6,1536,0,0,-1,00c50600c003
198,6,1536,0,0,-1,00c60600c004
199,6,1536,0,0,-1,00c70600c005
200,6,1536,0,0,-1,00c80600c006
201,6,1536,0,0,-1,00c90600c007
202,6,1536,0,0,-1,00ca0600c008
203,2426,256,1,0,17,00cb01004f001600000000096d000000
204,3271,256,1,0,17,00cc0100750016000000000cba000000
205,2985,256,1,0,17,00cd0100740016000000000b9c000000
206,1691,256,1,0,17,00ce01002a001500000000068e000000
207,2314,256,1,0,17,00cf01004e00150000000008fd000000
208,2358,256,1,0,17,00d001004e0016000000000929000000
209,2320,256,1,0,17,00d10100510015000000000903000000
210,3075,256,1,0,17,00d20100750016000000000bf6000000
211,3082,256,1,0,17,00d30100740016000000000bfd000000
212,3472,256,1,0,17,00d40100880016000000000d83000000
213,2325,256,1,0,17,00d501004f0015000000000908000000
214,2463,256,1,0,17,00d601004c0014000000000992000000
215,2459,256,1,0,17,00d7010051001500000000098e000000
216,2341,256,1,0,17,00d801004e0014000000000918000000
217,2478,256,1,0,17,00d901004f00160000000009a1000000
218,2349,256,1,0,17,00da0100520013000000000920000000
219,2367,256,1,0,17,00db01004d0015000000000932000000
220,2377,256,1,0,17,00dc01004d001600000000093c000000
221,2323,256,1,0,17,00dd0100520016000000000906000000
222,2368,256,1,0,17,00de01004f0015000000000933000000
223,2350,256,1,0,17,00df01004e0015000000000921000000
224,2206,256,1,0,17,00e001004e0013000000000891000000
225,1761,256,1,0,17,00e101002d00150000000006d4000000
226,3128,256,1,0,17,00e20100770017000000000c2b000000
227,3245,256,1,0,17,00e30100770016000000000ca0000000
228,2972,256,1,0,17,00e40100750016000000000b8f000000
229,2459,256,1,0,17,00e5010050001500000000098e000000
230,2410,256,1,0,17,00e601004f001600000000095d000000
231,2970,256,1,0,17,00e70100760015000000000b8d000000
232,2384,256,1,0,17,00e801004e0015000000000943000000
233,2441,256,1,0,17,00e901004c001500000000097c000000
234,2337,256,1,0,17,00ea01004f0017000000000914000000
235,2742,256,1,0,17,00eb01004d0014000000000aa9000000
236,2384,256,1,0,17,00ec01004e0015000000000943000000
237,1557,256,1,0,17,00ed0100240015000000000608000000
238,2515,256,1,0,17,00ee01005100150000000009c6000000
239,3198,256,1,0,17,00ef0100740015000000000c71000000
240,2281,256,1,0,17,00f001004e00150000000008dc000000
241,3269,256,1,0,17,00f10100260026000000000cb8000000
242,1180,256,1,0,17,00f201001e001e00000000048f000000
244,1221,256,1,0,17,00f401001e001e0000000004b8000000
245,842,256,1,0,17,00f5010024001700000000033d000000
246,719,256,1,0,17,00f601002400170000000002c2000000
247,3850,256,1,0,25,00f70100330052010000000000330052
248,6,1536,0,0,-1,00f80600f700
249,216,768,0,0,-1,00f9030064050300330052001a004600
250,786,256,1,0,25,00fa01007e000d01007f0000ffff007e
252,401,256,1,0,97,00fc010050000a0a000000000008000a
267,6,1536,0,0,-1,010b0600fc00
268,6,1536,0,0,-1,010c0600fc01
269,6,1536,0,0,-1,010d0600fc02
270,6,1536,0,0,-1,010e0600fc03
271,6,1536,0,0,-1,010f0600fc04
272,6,1536,0,0,-1,01100600fc05
273,6,1536,0,0,-1,01110600fc06
274,6,1536,0,0,-1,01120600fc07
275,6,1536,0,0,-1,01130600fc08
276,6,1536,0,0,-1,01140600fc09
279,6,1536,0,0,-1,01170600fa00
280,2206,256,1,0,17,011801003c003c000000000891000000
281,2599,256,1,0,17,011901004b0015000000000a1a000000
284,581,256,1,0,17,011c0100be0014000000000238000000
285,2805,256,1,0,17,011d01004e0016000000000ae8000000
286,2968,256,1,0,17,011e0100770016000000000b8b000000
287,3090,256,1,0,17,011f0100770016000000000c05000000
288,2167,256,1,0,17,012001004f001200000000086a000000
289,2472,256,1,0,17,012101004e001500000000099b000000
290,1365,256,1,0,17,01220100260012000000000548000000
291,2379,256,1,0,17,0123010051001400000000093e000000
292,185,256,1,0,17,0124010019000d0000000000ac000000
293,2870,256,1,0,17,01250100620015000000000b29000000
294,3059,256,1,0,17,01260100630016000000000be6000000
301,2447,256,1,0,17,012d01004d0015000000000982000000
302,1358,256,1,0,17,012e0100280012000000000541000000
303,2309,256,1,0,17,012f01004f00160000000008f8000000
304,2627,256,1,0,17,01300100610016000000000a36000000
305,2475,256,1,0,17,013101004f001600000000099e000000
306,2356,256,1,0,17,013201004f0016000000000927000000
307,2485,256,1,0,17,013301005000170000000009a8000000
308,1541,256,1,0,17,013401002800150000000005f8000000
309,2258,256,1,0,17,013501004f00160000000008c5000000
310,2762,256,1,0,17,01360100610015000000000abd000000
311,2228,256,1,0,17,013701004d00170000000008a7000000
312,2299,256,1,0,17,013801004e00160000000008ee000000
313,2258,256,1,0,17,013901005200150000000008c5000000
314,2296,256,1,0,17,013a01004e00160000000008eb000000
315,2287,256,1,0,17,013b01004b00150000000008e2000000
316,1545,256,1,0,17,013c01002a00150000000005fc000000
317,2239,256,1,0,17,013d01004d00150000000008b2000000
318,1575,256,1,0,17,013e01002b001400000000061a000000
319,2345,256,1,0,17,013f01004e001400000000091c000000
320,2237,256,1,0,17,014001004f00140000000008b0000000
321,2355,256,1,0,17,014101004f0016000000000926000000
322,3065,256,1,0,17,01420100770015000000000bec000000
323,3066,256,1,0,17,01430100760015000000000bed000000
324,2470,256,1,0,17,014401004f0015000000000999000000
325,320,256,1,0,17,014501003b000f000000000133000000
328,6240,256,1,0,17,014801003c003c000000001853000000
329,1758,256,1,0,17,014901002f00150000000006d1000000
332,4789,256,1,0,17,014c01003c003c0000000012a8000000
335,343,256,1,0,17,014f010046001200000000014a000000
391,2238,256,1,0,17,018701004e00140000000008b1000000
392,2160,256,1,0,17,018801004a0014000000000863000000
393,4446,256,1,0,17,01890100c70016000000001151000000
394,1938,256,1,0,17,018a01002a0015000000000785000000
395,2297,256,1,0,17,018b01004d00140000000008ec000000
396,24021,258,1,0,121,018c01020e00320d00000000001f0032
397,6,1537,0,0,-1,018d06017600
398,6,1537,0,0,-1,018e06018c00
415,6,1537,0,0,-1,019f06018c01
417,158,768,0,0,-1,01a1030064010d0036003e0019002000
418,6,1537,0,0,-1,01a206017700
419,2755,256,1,0,17,01a30100360032000000000ab6000000
420,3167,256,1,0,17,01a40100360032000000000c52000000
421,3751,256,1,0,17,01a50100360032000000000e9a000000
422,1420,256,1,0,17,01a6010032003200000000057f000000
423,3250,256,1,0,17,01a70100320032000000000ca5000000
424,3540,256,1,0,17,01a80100360032000000000dc7000000
425,2091,256,1,0,17,01a901003e002800000000081e000000
426,2194,256,1,0,17,01aa01003e0028000000000885000000
427,1995,256,1,0,17,01ab01002800280000000007be000000
428,180,768,0,0,-1,01ac0300640509003900c8003900c800
438,1445,256,1,0,17,01b60100280028000000000598000000
439,1892,256,1,0,17,01b701003e0028000000000757000000
440,1403,256,1,0,17,01b8010028002800000000056e000000
441,2222,256,1,0,17,01b901003e00280000000008a1000000
442,2192,256,1,0,17,01ba0100280028000000000883000000
443,3144,256,1,0,17,01bb01002d002d000000000c3b000000
444,2733,256,1,0,17,01bc01002d002d000000000aa0000000
445,2453,256,1,0,17,01bd01002d002d000000000988000000
446,4087,256,1,0,17,01be0100370037000000000fea000000
447,4440,256,1,0,17,01bf010037003700000000114b000000
448,4187,256,1,0,17,01c001002e002e00000000104e000000
449,314,256,1,0,17,01c101000e000e00000000012d000000
450,335,256,1,0,17,01c201000e000e000000000142000000
451,3604,256,1,0,17,01c301007e0027000000000e07000000
466,426,256,1,0,25,01d201002e00110100000000002b0011
467,212,256,1,0,25,01d3010012000f01000000000012000f
468,6,1537,0,0,-1,01d40601d200
469,6,1537,0,0,-1,01d50601d300
470,217,256,1,0,17,01d6010019000d0000000000cc000000
471,198,256,1,0,17,01d7010019000d0000000000b9000000
472,217,256,1,0,17,01d8010019000d0000000000cc000000
473,249,256,1,0,17,01d9010025000d0000000000ec000000
474,243,256,1,0,17,01da010024000d0000000000e6000000
475,250,256,1,0,17,01db010025000d0000000000ed000000
476,245,256,1,0,17,01dc010025000d0000000000e8000000
477,1424,256,1,0,17,01dd0100180012000000000583000000
482,82,256,1,0,17,01e20100130002000000000045000000
483,64,256,1,0,17,01e30100130002000000000033000000
484,84,256,1,0,17,01e40100130002000000000047000000
485,70,256,1,0,17,01e50100130002000000000039000000
572,145,3328,0,0,-1,023c0d000200020001030000000d7445
573,7,1282,0,0,-1,023d05023c01ff
574,17261,257,1,0,17,023e0101200090000000004360000000
575,132,256,1,0,17,023f0100060006000000000077000000
576,7,1282,0,0,-1,024005023c02ff
577,7,1282,0,0,-1,024105023c03ff
578,131,256,1,0,17,02420100060006000000000076000000
579,3937,256,1,0,25,02430100b00013010000000000100013
580,93,256,1,0,17,024401001a0017000000000050000000
581,123,256,1,0,17,024501001a001700000000006e000000
582,71,256,1,0,17,0246010001002e00000000003a000000
583,92,256,1,0,17,0247010001002d00000000004f000000
584,142,256,1,0,17,02480100100011000000000081000000
585,143,256,1,0,17,02490100100011000000000082000000
586,6,1538,0,0,-1,024a06024300
587,6,1538,0,0,-1,024b06022501
588,6,1538,0,0,-1,024c06022502
589,6,1538,0,0,-1,024d06022503
590,6,1538,0,0,-1,024e06022504
591,6,1538,0,0,-1,024f06022505
592,6,1538,0,0,-1,025006022506
593,6,1538,0,0,-1,025106022507
594,6,1538,0,0,-1,025206022409
596,46086,257,1,0,65,02540101910054060000000000380054
607,272246,257,1,0,129,025f010198017c0e000000000066005f
608,6,1538,0,0,-1,026006025f00
609,98093,260,1,0,81,02610104bc005d080000000000a3005d
610,6,1538,0,0,-1,026206026100
611,6,1538,0,0,-1,026306026101
612,6,1538,0,0,-1,026406026102
613,6,1538,0,0,-1,026506026103
614,6,1538,0,0,-1,026606026104
615,6,1538,0,0,-1,026706026105
616,6,1538,0,0,-1,026806026106
617,6,1538,0,0,-1,026906026107
626,6,1538,0,0,-1,027206025400
627,6,1538,0,0,-1,027306025401
628,6,1538,0,0,-1,027406025402
629,6,1538,0,0,-1,027506025403
630,6,1538,0,0,-1,027606025404
631,6,1538,0,0,-1,027706025405
633,3164,256,1,0,17,027901002f002d000000000c4f000000
634,283,256,1,0,17,027a01002e001200000000010e000000
635,1991,256,1,0,17,027b01002c002c0000000007ba000000
636,867,256,1,0,17,027c010064001a000000000356000000
637,343,256,1,0,17,027d01000b001200000000014a000000
638,447,256,1,0,17,027e01002a00120000000001b2000000
639,304,256,1,0,17,027f01000c000a000000000123000000
640,151,256,1,0,17,028001000c000a00000000008a000000
641,5566,256,1,0,17,028101003c003c0000000015b1000000
642,1174,256,1,0,17,028201005e0013000000000489000000
643,2422,256,1,0,17,02830100570014000000000969000000
644,2452,256,1,0,17,02840100450015000000000987000000
645,1091,256,1,0,17,02850100170014000000000436000000
646,141,256,1,0,17,0286010003000d000000000080000000
647,614,256,1,0,17,02870100120010000000000259000000
648,202,256,1,0,17,028801001200100000000000bd000000
649,654,256,1,0,17,02890100140012000000000281000000
650,1317,256,1,0,17,028a0100200018000000000518000000
651,292,256,1,0,17,028b0100070017000000000117000000
652,217,256,1,0,17,028c01000700170000000000cc000000
657,55472,257,1,0,49,02910101f10076040000000e00580068
658,6,1538,0,0,-1,029206029100
659,6,1538,0,0,-1,029306029101
660,6,1538,0,0,-1,029406029102
661,6,1538,0,0,-1,029506029103
663,71,768,0,0,-1,0297030064010800980080004d003c00
664,2431,256,1,0,25,029801003a00260100000000003a0026
665,6,1538,0,0,-1,029906029800
666,111,256,1,0,17,029a010032000f000000000062000000
667,82,256,1,0,17,029b0100300002000000000045000000
668,10741,256,1,0,33,029c0100c20035020000000000610035
669,159,256,1,0,17,029d0100300008000000000092000000
670,6,1538,0,0,-1,029e06029c00
671,6,1538,0,0,-1,029f06029c01
672,1462,256,1,0,25,02a0010059002f01000000000059002f
673,6,1538,0,0,-1,02a10602a000
674,2207,256,1,0,17,02a20100300030000000000892000000
675,2160,256,1,0,17,02a30100300030000000000863000000
676,2314,256,1,0,17,02a401003000300000000008fd000000
677,2272,256,1,0,17,02a501003000300000000008d3000000
678,2216,256,1,0,17,02a6010030003000000000089b000000
679,2322,256,1,0,17,02a70100300030000000000905000000
680,2215,256,1,0,17,02a8010030003000000000089a000000
681,2208,256,1,0,17,02a90100300030000000000893000000
682,2228,256,1,0,17,02aa01003000300000000008a7000000
683,2306,256,1,0,17,02ab01003000300000000008f5000000
684,2343,256,1,0,17,02ac010030003000000000091a000000
685,2235,256,1,0,17,02ad01003000300000000008ae000000
686,2309,256,1,0,17,02ae01003000300000000008f8000000
687,2345,256,1,0,17,02af010030003000000000091c000000
688,2348,256,1,0,17,02b0010030003000000000091f000000
689,2168,256,1,0,17,02b1010030003000000000086b000000
690,2222,256,1,0,17,02b201003000300000000008a1000000
691,2320,256,1,0,17,02b30100300030000000000903000000
692,2387,256,1,0,17,02b40100300030000000000946000000
693,2137,256,1,0,17,02b5010030003000000000084c000000
694,2227,256,1,0,17,02b601003000300000000008a6000000
695,2262,256,1,0,17,02b701003000300000000008c9000000
696,2358,256,1,0,17,02b80100300030000000000929000000
697,2368,256,1,0,17,02b90100300030000000000933000000
698,2360,256,1,0,17,02ba010030003000000000092b000000
699,2388,256,1,0,17,02bb0100300030000000000947000000
700,2358,256,1,0,17,02bc0100300030000000000929000000
701,2181,256,1,0,17,02bd0100300030000000000878000000
702,2216,256,1,0,17,02be010030003000000000089b000000
703,2330,256,1,0,17,02bf010030003000000000090d000000
704,2285,256,1,0,17,02c001003000300000000008e0000000
705,2191,256,1,0,17,02c10100300030000000000882000000
706,2180,256,1,0,17,02c20100300030000000000877000000
707,2281,256,1,0,17,02c301003000300000000008dc000000
708,2326,256,1,0,17,02c40100300030000000000909000000
709,2186,256,1,0,17,02c5010030003000000000087d000000
710,2234,256,1,0,17,02c601003000300000000008ad000000
711,2324,256,1,0,17,02c70100300030000000000907000000
712,2429,256,1,0,17,02c80100300030000000000970000000
713,2209,256,1,0,17,02c90100300030000000000894000000
714,2214,256,1,0,17,02ca0100300030000000000899000000
715,2331,256,1,0,17,02cb010030003000000000090e000000
716,2363,256,1,0,17,02cc010030003000000000092e000000
717,2229,256,1,0,17,02cd01003000300000000008a8000000
718,2206,256,1,0,17,02ce0100300030000000000891000000
719,2195,256,1,0,17,02cf0100300030000000000886000000
720,5685,256,1,0,17,02d00100300030000000001628000000
721,4748,256,1,0,17,02d1010030003000000000127f000000
722,4518,256,1,0,17,02d20100300030000000001199000000
723,5617,256,1,0,17,02d301003000300000000015e4000000
724,4568,256,1,0,17,02d401003000300000000011cb000000
725,5428,256,1,0,17,02d50100300030000000001527000000
726,4827,256,1,0,17,02d601003000300000000012ce000000
727,4922,256,1,0,17,02d7010030003000000000132d000000
728,5665,256,1,0,17,02d80100300030000000001614000000
729,6164,256,1,0,17,02d90100300030000000001807000000
730,5776,256,1,0,17,02da0100300030000000001683000000
731,5786,256,1,0,17,02db010030003000000000168d000000
732,5085,256,1,0,17,02dc01003000300000000013d0000000
733,5043,256,1,0,17,02dd01003000300000000013a6000000
734,5036,256,1,0,17,02de010030003000000000139f000000
735,5096,256,1,0,17,02df01003000300000000013db000000
736,2049,256,1,0,17,02e001003000300000000007f4000000
737,1904,256,1,0,17,02e10100300030000000000763000000
738,1868,256,1,0,17,02e2010030003000000000073f000000
739,2019,256,1,0,17,02e301003000300000000007d6000000
740,1970,256,1,0,17,02e401003000300000000007a5000000
741,1967,256,1,0,17,02e501003000300000000007a2000000
742,1896,256,1,0,17,02e6010030003000000000075b000000
743,1854,256,1,0,17,02e70100300030000000000731000000
744,1933,256,1,0,17,02e80100300030000000000780000000
745,2065,256,1,0,17,02e90100300030000000000804000000
746,1969,256,1,0,17,02ea01003000300000000007a4000000
747,2006,256,1,0,17,02eb01003000300000000007c9000000
748,2130,256,1,0,17,02ec0100300030000000000845000000
749,2043,256,1,0,17,02ed01003000300000000007ee000000
750,1904,256,1,0,17,02ee0100300030000000000763000000
751,2001,256,1,0,17,02ef01003000300000000007c4000000
752,1895,256,1,0,17,02f0010030003000000000075a000000
753,2067,256,1,0,17,02f10100300030000000000806000000
754,1962,256,1,0,17,02f2010030003000000000079d000000
755,2001,256,1,0,17,02f301003000300000000007c4000000
756,2104,256,1,0,17,02f4010030003000000000082b000000
757,2148,256,1,0,17,02f50100300030000000000857000000
758,2252,256,1,0,17,02f601003000300000000008bf000000
759,2287,256,1,0,17,02f701003000300000000008e2000000
760,2140,256,1,0,17,02f8010030003000000000084f000000
761,2169,256,1,0,17,02f9010030003000000000086c000000
762,2215,256,1,0,17,02fa010030003000000000089a000000
763,2184,256,1,0,17,02fb010030003000000000087b000000
764,2148,256,1,0,17,02fc0100300030000000000857000000
765,2242,256,1,0,17,02fd01003000300000000008b5000000
766,2002,256,1,0,17,02fe01003000300000000007c5000000
767,2165,256,1,0,17,02ff0100300030000000000868000000
768,2054,256,1,0,17,030001003000300000000007f9000000
769,2073,256,1,0,17,0301010030003000000000080c000000
770,2229,256,1,0,17,030201003000300000000008a8000000
771,2122,256,1,0,17,0303010030003000000000083d000000
772,2005,256,1,0,17,030401003000300000000007c8000000
773,2253,256,1,0,17,030501003000300000000008c0000000
774,2111,256,1,0,17,03060100300030000000000832000000
775,2108,256,1,0,17,0307010030003000000000082f000000
776,2248,256,1,0,17,030801003000300000000008bb000000
777,2233,256,1,0,17,030901003000300000000008ac000000
778,2141,256,1,0,17,030a0100300030000000000850000000
779,2141,256,1,0,17,030b0100300030000000000850000000
780,2102,256,1,0,17,030c0100300030000000000829000000
781,2219,256,1,0,17,030d010030003000000000089e000000
782,2056,256,1,0,17,030e01003000300000000007fb000000
783,2078,256,1,0,17,030f0100300030000000000811000000
784,1969,256,1,0,17,031001003000300000000007a4000000
785,2126,256,1,0,17,03110100300030000000000841000000
786,2003,256,1,0,17,031201003000300000000007c6000000
787,2009,256,1,0,17,031301003000300000000007cc000000
788,1952,256,1,0,17,03140100300030000000000793000000
789,1946,256,1,0,17,0315010030003000000000078d000000
790,1968,256,1,0,17,031601003000300000000007a3000000
791,2010,256,1,0,17,031701003000300000000007cd000000
792,2029,256,1,0,17,031801003000300000000007e0000000
793,2053,256,1,0,17,031901003000300000000007f8000000
794,2050,256,1,0,17,031a01003000300000000007f5000000
795,2054,256,1,0,17,031b01003000300000000007f9000000
796,2135,256,1,0,17,031c010030003000000000084a000000
797,1832,256,1,0,17,031d010030003000000000071b000000
798,1974,256,1,0,17,031e01003000300000000007a9000000
799,1958,256,1,0,17,031f0100300030000000000799000000
800,1986,256,1,0,17,032001003000300000000007b5000000
801,2092,256,1,0,17,0321010030003000000000081f000000
802,1925,256,1,0,17,03220100300030000000000778000000
803,2024,256,1,0,17,032301003000300000000007db000000
804,2016,256,1,0,17,032401003000300000000007d3000000
805,2126,256,1,0,17,03250100300030000000000841000000
806,1973,256,1,0,17,032601003000300000000007a8000000
807,1909,256,1,0,17,03270100300030000000000768000000
808,2143,256,1,0,17,03280100300030000000000852000000
809,1873,256,1,0,17,03290100300030000000000744000000
810,1964,256,1,0,17,032a010030003000000000079f000000
811,1980,256,1,0,17,032b01003000300000000007af000000
812,1925,256,1,0,17,032c0100300030000000000778000000
813,2150,256,1,0,17,032d0100300030000000000859000000
814,2862,256,1,0,17,032e0100300030000000000b21000000
815,2689,256,1,0,17,032f0100300030000000000a74000000
816,2708,256,1,0,17,03300100300030000000000a87000000
817,2743,256,1,0,17,03310100300030000000000aaa000000
818,2772,256,1,0,17,03320100300030000000000ac7000000
819,2780,256,1,0,17,03330100300030000000000acf000000
820,2733,256,1,0,17,03340100300030000000000aa0000000
821,2592,256,1,0,17,03350100300030000000000a13000000
822,2204,256,1,0,17,0336010030003000000000088f000000
823,2240,256,1,0,17,033701003000300000000008b3000000
824,2222,256,1,0,17,033801003000300000000008a1000000
825,2221,256,1,0,17,033901003000300000000008a0000000
826,2229,256,1,0,17,033a01003000300000000008a8000000
827,2210,256,1,0,17,033b0100300030000000000895000000
828,2225,256,1,0,17,033c01003000300000000008a4000000
829,2250,256,1,0,17,033d01003000300000000008bd000000
830,2101,256,1,0,17,033e0100300030000000000828000000
831,2264,256,1,0,17,033f01003000300000000008cb000000
832,429,256,1,0,17,034001001400140000000001a0000000
833,423,256,1,0,17,0341010014001400000000019a000000
834,424,256,1,0,17,0342010014001400000000019b000000
835,434,256,1,0,17,034301001400140000000001a5000000
836,415,256,1,0,17,03440100140014000000000192000000
837,427,256,1,0,17,0345010014001400000000019e000000
838,418,256,1,0,17,03460100140014000000000195000000
839,432,256,1,0,17,034701001400140000000001a3000000
840,412,256,1,0,17,0348010014001400000000018f000000
841,413,256,1,0,17,03490100140014000000000190000000
842,433,256,1,0,17,034a01001400140000000001a4000000
843,415,256,1,0,17,034b0100140014000000000192000000
844,429,256,1,0,17,034c01001400140000000001a0000000
845,421,256,1,0,17,034d0100140014000000000198000000
846,440,256,1,0,17,034e01001400140000000001ab000000
847,432,256,1,0,17,034f01001400140000000001a3000000
848,306,256,1,0,17,03500100070017000000000125000000
849,157,256,1,0,17,035101002a0017000000000090000000
850,211,256,1,0,17,035201002a00170000000000c6000000
851,157,256,1,0,17,035301002a0017000000000090000000
852,258,256,1,0,17,035401002a00170000000000f5000000
853,6,1537,0,0,-1,035506018c02
854,6,1537,0,0,-1,035606018c03
855,6,1537,0,0,-1,035706018c04
856,6,1537,0,0,-1,035806018c05
857,6,1537,0,0,-1,035906018c06
858,6,1537,0,0,-1,035a06018c07
859,6,1537,0,0,-1,035b06018c08
860,6,1537,0,0,-1,035c06018c09
861,6,1537,0,0,-1,035d06018c0a
862,6,1537,0,0,-1,035e06018c0b
863,6,1537,0,0,-1,035f06018c0c
864,262,256,1,0,17,036001002b000f0000000000f9000000
865,3546,256,1,0,17,036101005e0025000000000dcd000000
866,3839,256,1,0,17,036201005e0025000000000ef2000000
867,639,256,1,0,17,0363010035001d000000000272000000
868,1013,256,1,0,17,036401006d001e0000000003e8000000
869,1187,256,1,0,17,03650100150015000000000496000000
870,1223,256,1,0,17,036601001500150000000004ba000000
871,1241,256,1,0,17,036701001500150000000004cc000000
872,1176,256,1,0,17,0368010015001500000000048b000000
873,1601,256,1,0,17,036901001e001d000000000634000000
874,1283,256,1,0,17,036a01001e001d0000000004f6000000
875,2778,256,1,0,17,036b0100640014000000000acd000000
876,893,256,1,0,17,036c0100500019000000000370000000
877,455,256,1,0,17,036d01002f00120000000001ba000000
878,459,256,1,0,17,036e01002a00120000000001be000000
879,249,256,1,0,17,036f01000f000d0000000000ec000000
880,222,256,1,0,17,0370010010000d0000000000d1000000
881,221,256,1,0,17,0371010010000d0000000000d0000000
882,219,256,1,0,17,0372010010000d0000000000ce000000
883,212,256,1,0,17,0373010014000d0000000000c7000000
884,30713,257,1,0,17,037401018000c00000000077ec000000
885,5657,256,1,0,17,037501003e002200000000160c000000
886,5322,256,1,0,25,037601003e00220100000000003e0022
888,5452,256,1,0,17,037801003a005f00000000153f000000
889,587,256,1,0,17,037901001d001c00000000023e000000
890,376,256,1,0,17,037a01004a001200000000016b000000
891,552,256,1,0,17,037b01004a001200000000021b000000
892,2917,256,1,0,17,037c0100640014000000000b58000000
893,2025,256,1,0,17,037d01003800160000000007dc000000
894,3651,256,1,0,17,037e0100970014000000000e36000000
895,2903,256,1,0,17,037f0100620014000000000b4a000000
896,3786,256,1,0,17,03800100950014000000000ebd000000
897,82547,258,1,0,73,038101021400620700000000004d0060
899,6,1539,0,0,-1,038306038100
900,6,1539,0,0,-1,038406038101
901,6,1539,0,0,-1,038506038102
902,6,1539,0,0,-1,038606038103
903,6,1539,0,0,-1,038706038104
904,6,1539,0,0,-1,038806038105
905,6,1539,0,0,-1,038906038106
906,92,768,0,0,-1,038a0300640107005400680025005400
907,2129,256,1,0,17,038b0100300030000000000844000000
908,2184,256,1,0,17,038c010030003000000000087b000000
909,2193,256,1,0,17,038d0100300030000000000884000000
910,2171,256,1,0,17,038e010030003000000000086e000000
911,2074,256,1,0,17,038f010030003000000000080d000000
912,2050,256,1,0,17,039001003000300000000007f5000000
913,2090,256,1,0,17,0391010030003000000000081d000000
914,2068,256,1,0,17,03920100300030000000000807000000
915,1896,256,1,0,17,0393010030003000000000075b000000
916,1989,256,1,0,17,039401003000300000000007b8000000
917,1974,256,1,0,17,039501003000300000000007a9000000
918,3892,256,1,0,17,03960100950016000000000f27000000
919,3253,256,1,0,17,03970100630016000000000ca8000000
920,3394,256,1,0,17,03980100640016000000000d35000000
921,3474,256,1,0,17,039901007c0016000000000d85000000
922,3329,256,1,0,17,039a0100630014000000000cf4000000
923,2914,256,1,0,17,039b0100640015000000000b55000000
924,3872,256,1,0,17,039c01007d0016000000000f13000000
925,1230,256,1,0,17,039d01003000300000000004c1000000
926,1294,256,1,0,17,039e0100300030000000000501000000
927,654,256,1,0,17,039f0100150015000000000281000000
928,488,256,1,0,17,03a001002f00120000000001db000000
929,504,256,1,0,17,03a1010010000e0000000001eb000000
930,503,256,1,0,17,03a2010010000e0000000001ea000000
931,506,256,1,0,17,03a3010010000e0000000001ed000000
932,518,256,1,0,17,03a4010010000e0000000001f9000000
933,618,256,1,0,17,03a5010064000e00000000025d000000
934,3497,256,1,0,17,03a601002e002c000000000d9c000000
935,6481,256,1,0,17,03a70100330038000000001944000000
936,4969,256,1,0,17,03a801002e002c00000000135c000000
937,6662,256,1,0,17,03a901003300380000000019f9000000
938,5070,256,1,0,17,03aa01002e002c0000000013c1000000
939,6355,256,1,0,17,03ab01003300380000000018c6000000
940,4843,256,1,0,17,03ac01002e002c0000000012de000000
941,6715,256,1,0,17,03ad0100330038000000001a2e000000
942,5122,256,1,0,17,03ae01002e002c0000000013f5000000
943,5074,256,1,0,17,03af01002e002c0000000013c5000000
944,6564,256,1,0,17,03b00100330038000000001997000000
945,1181,256,1,0,17,03b101001c001c000000000490000000
946,173,256,1,0,17,03b2010005000e0000000000a0000000
947,5703,256,1,0,17,03b301002e003100000000163a000000
948,5516,256,1,0,17,03b401003c003c00000000157f000000
949,15410,257,1,0,97,03b50101c200320a0032000000320032
950,9702,256,1,0,17,03b601004000400000000025d9000000
951,14785,257,1,0,105,03b70101c200320b0000000000320032
952,12820,257,1,0,97,03b80101c200320a0000000000320032
953,6,1539,0,0,-1,03b90603b500
954,6666,256,1,0,17,03ba01003000300000000019fd000000
955,456,256,1,0,17,03bb01002a00120000000001bb000000
956,1765,256,1,0,17,03bc01003700140000000006d8000000
957,478,256,1,0,17,03bd01004d000f0000000001d1000000
958,466,256,1,0,17,03be01004c000f0000000001c5000000
959,6,1539,0,0,-1,03bf0603b501
960,6,1539,0,0,-1,03c00603b502
961,6,1539,0,0,-1,03c10603b503
963,6,1539,0,0,-1,03c30603b504
964,6,1539,0,0,-1,03c40603b505
965,6,1539,0,0,-1,03c50603b506
966,6,1539,0,0,-1,03c60603b507
967,6,1539,0,0,-1,03c70603b508
968,6,1539,0,0,-1,03c80603b509
969,114,768,0,0,-1,03c90300640109003200320000000000
970,6,1539,0,0,-1,03ca0603b700
974,6,1539,0,0,-1,03ce0603b701
975,6,1539,0,0,-1,03cf0603b702
976,6,1539,0,0,-1,03d00603b703
977,6,1539,0,0,-1,03d10603b704
978,6,1539,0,0,-1,03d20603b705
979,6,1539,0,0,-1,03d30603b706
980,6,1539,0,0,-1,03d40603b707
981,6,1539,0,0,-1,03d50603b708
982,6,1539,0,0,-1,03d60603b709
983,6,1539,0,0,-1,03d70603b70a
985,114,768,0,0,-1,03d90300640109003200320000000000
986,6,1539,0,0,-1,03da0603b800
987,6,1539,0,0,-1,03db0603b801
988,6,1539,0,0,-1,03dc0603b802
992,6,1539,0,0,-1,03e00603b803
993,6,1539,0,0,-1,03e10603b804
994,6,1539,0,0,-1,03e20603b805
995,6,1539,0,0,-1,03e30603b806
996,6,1539,0,0,-1,03e40603b807
997,6,1539,0,0,-1,03e50603b808
998,114,768,0,0,-1,03e60300640109003200320000000000
1000,6,1539,0,0,-1,03e80603b809
1001,882,256,1,0,17,03e901004a0014000000000365000000
1002,916,256,1,0,17,03ea01004a0013000000000387000000
1003,2296,256,1,0,17,03eb01004c00150000000008eb000000
1004,2064,256,1,0,17,03ec01003c0014000000000803000000
1005,2463,256,1,0,17,03ed01004e0015000000000992000000
1006,1551,256,1,0,17,03ee0100280014000000000602000000
1007,2235,256,1,0,17,03ef01005100160000000008ae000000
1008,2401,256,1,0,17,03f001004d0015000000000954000000
1009,2509,256,1,0,17,03f101004f00150000000009c0000000
1010,2482,256,1,0,17,03f201004f00160000000009a5000000
1011,2524,256,1,0,17,03f301005000160000000009cf000000
1012,2515,256,1,0,17,03f401004b00160000000009c6000000
1013,2382,256,1,0,17,03f501004b0014000000000941000000
1014,2470,256,1,0,17,03f601004d0016000000000999000000
1015,2365,256,1,0,17,03f701004b0016000000000930000000
1016,2231,256,1,0,17,03f801004d00140000000008aa000000
1017,2528,256,1,0,17,03f901004d00160000000009d3000000
1018,851,256,1,0,17,03fa0100280012000000000346000000
1019,1571,256,1,0,17,03fb0100280012000000000616000000
1020,394,256,1,0,17,03fc010030000f00000000017d000000
1021,339,256,1,0,17,03fd01001c000e000000000146000000
1022,523,256,1,0,17,03fe01003d000f0000000001fe000000
1023,393,256,1,0,17,03ff010029000f00000000017c000000
1024,558,256,1,0,17,040001003c000f000000000221000000
1025,1392,256,1,0,17,04010100460015000000000563000000
1026,2092,256,1,0,17,0402010046001500000000081f000000
1027,6571,256,1,0,17,0403010030003000000000199e000000
1028,6549,256,1,0,17,04040100300030000000001988000000
1029,3256,256,1,0,17,040501004a0027000000000cab000000
1030,3592,256,1,0,17,040601008c0014000000000dfb000000
1031,9660,256,1,0,17,040701004000400000000025af000000
1032,4460,256,1,0,17,0408010074002100000000115f000000
1033,9480,256,1,0,17,040901004000400000000024fb000000
1034,10439,256,1,0,17,040a01004000400000000028ba000000
1035,11423,256,1,0,17,040b0100400040000000002c92000000
1036,10965,256,1,0,17,040c0100400040000000002ac8000000
1037,9383,256,1,0,17,040d010040004000000000249a000000
1038,9463,256,1,0,17,040e01004000400000000024ea000000
1039,10289,256,1,0,17,040f0100400040000000002824000000
1040,10517,256,1,0,17,04100100400040000000002908000000
1041,10260,256,1,0,17,04110100400040000000002807000000
1042,11187,256,1,0,17,04120100400040000000002ba6000000
1043,130,256,1,0,17,041301000c000c000000000075000000
1044,129,256,1,0,17,041401000c000c000000000074000000
1045,130,256,1,0,17,041501000c000c000000000075000000
1046,130,256,1,0,17,041601000c000c000000000075000000
1047,130,256,1,0,17,041701000c000c000000000075000000
1048,1383,256,1,0,17,0418010038001400000000055a000000
1049,1699,256,1,0,17,04190100380014000000000696000000
1050,2287,256,1,0,17,041a01005d000c0000000008e2000000
1051,577,256,1,0,17,041b01001a000a000000000234000000
1052,419,256,1,0,17,041c01001a000a000000000196000000
1053,362,256,1,0,17,041d01002c001200000000015d000000
1054,8406,258,1,0,17,041e01021b00180000000020c9000000
1055,2447,258,1,0,17,041f0102100010000000000982000000
1056,1261,256,1,0,17,0420010012001c0000000004e0000000
1057,767,256,1,0,17,0421010010001c0000000002f2000000
1058,303,256,1,0,17,04220100960096000000000122000000
1059,971,256,1,0,17,042301002800280000000003be000000
1060,213,256,1,0,17,042401009600280000000000c8000000
1061,480,256,1,0,17,042501002800960000000001d3000000
1062,2135,256,1,0,17,0426010028009600000000084a000000
1063,2365,256,1,0,17,04270100960096000000000930000000
1064,2446,256,1,0,17,04280100280028000000000981000000
1065,2610,256,1,0,17,04290100960028000000000a25000000
1066,1223,256,1,0,17,042a01002a00100000000004ba000000
1067,1025,256,1,0,17,042b01001e00100000000003f4000000
1068,635,256,1,0,17,042c01000f001000000000026e000000
1069,2162,256,1,0,17,042d0100380015000000000865000000
1070,984,256,1,0,17,042e01001400150000000003cb000000
1071,1651,256,1,0,17,042f0100270015000000000666000000
1072,239,256,1,0,17,0430010017000b0000000000e2000000
1073,226,256,1,0,17,0431010015000b0000000000d5000000
1074,231,256,1,0,17,0432010017000b0000000000da000000
1075,244,256,1,0,17,0433010017000b0000000000e7000000
1076,227,256,1,0,17,0434010017000b0000000000d6000000
1077,1440,256,1,0,17,04350100260013000000000593000000
1078,1440,256,1,0,17,04360100260013000000000593000000
1079,482,256,1,0,17,043701003f000f0000000001d5000000
1080,457,256,1,0,17,043801002b00120000000001bc000000
1081,1627,256,1,0,17,043901002e001400000000064e000000
1082,1627,256,1,0,17,043a01002e001400000000064e000000
1083,5284,256,1,0,17,043b01005c0024000000001497000000
1084,5497,256,1,0,17,043c01005c002400000000156c000000
1085,5403,256,1,0,17,043d01005c002400000000150e000000
1086,5181,256,1,0,17,043e01005c0024000000001430000000
1087,561,256,1,0,17,043f010041000f000000000224000000
1088,567,256,1,0,17,0440010041000f00000000022a000000
1089,532,256,1,0,17,0441010041000f000000000207000000
1090,538,256,1,0,17,0442010041000f00000000020d000000
1091,489,256,1,0,17,044301003f000f0000000001dc000000
1092,2227,256,1,0,17,044401004800130000000008a6000000
1093,35717,259,1,0,177,044501036b005914000500000053002a
1094,6,1540,0,0,-1,044606044500
1095,6,1540,0,0,-1,044706044501
1096,6,1540,0,0,-1,044806044502
1097,6,1540,0,0,-1,044906044503
1098,6,1540,0,0,-1,044a06044504
1099,6,1540,0,0,-1,044b06044505
1100,6,1540,0,0,-1,044c06044506
1101,6,1540,0,0,-1,044d06044507
1102,6,1540,0,0,-1,044e06044508
1103,6,1540,0,0,-1,044f06044509
1104,6,1540,0,0,-1,04500604450a
1105,6,1540,0,0,-1,04510604450b
1106,6,1540,0,0,-1,04520604450c
1107,6,1540,0,0,-1,04530604450d
1108,6,1540,0,0,-1,04540604450e
1109,6,1540,0,0,-1,04550604450f
1110,6,1540,0,0,-1,045606044511
1111,6,1540,0,0,-1,045706044510
1112,6,1540,0,0,-1,045806044513
1113,6,1540,0,0,-1,045906044512
1114,235,768,0,0,-1,045a0300640114006f003f0033001700
1116,4187,256,1,0,25,045c0100490024010000000000490024
1117,4443,256,1,0,25,045d0100490024010000000000490024
1118,92,768,0,0,-1,045e0300640107004900250000000000
1119,6,1540,0,0,-1,045f06045d00
1120,6,1540,0,0,-1,046006045c00
1121,20064,259,1,0,177,0461010308006214000000000044002e
1122,9925,258,1,0,177,046201023000431400000000002b0021
1123,16698,259,1,0,177,0463010370005d14000000000048002d
1124,19394,259,1,0,177,04640103f000551400000000005d0029
1125,21457,257,1,0,169,046501019f0064130000000000230034
1126,20595,257,1,0,177,04660101eb0061140000000000330031
1127,6,1540,0,0,-1,046706046600
1128,6,1540,0,0,-1,046806046601
1129,6,1540,0,0,-1,046906046602
1130,6,1540,0,0,-1,046a06046603
1131,6,1540,0,0,-1,046b06046604
1132,6,1540,0,0,-1,046c06046605
1133,6,1540,0,0,-1,046d06046606
1134,6,1540,0,0,-1,046e06046607
1135,6,1540,0,0,-1,046f06046608
1136,6,1540,0,0,-1,047006046609
1137,6,1540,0,0,-1,04710604660a
1138,6,1540,0,0,-1,04720604660b
1139,6,1540,0,0,-1,04730604660c
1140,6,1540,0,0,-1,04740604660d
1141,6,1540,0,0,-1,04750604660e
1142,6,1540,0,0,-1,04760604660f
1143,6,1540,0,0,-1,047706046610
1144,6,1540,0,0,-1,047806046611
1145,6,1540,0,0,-1,047906046612
1146,6,1540,0,0,-1,047a06046613
1147,235,768,0,0,-1,047b03006401140041003b001d001d00
1148,224,768,0,0,-1,047c030064011300400042001c001b00
1149,235,768,0,0,-1,047d03006401140038004a0017001c00
1150,277301,257,1,0,129,047e010198017c0e000000000066005f
1151,235,768,0,0,-1,047f0300640114005600320029001700
1152,235,768,0,0,-1,04800300640114005d00310029001800
1153,235,768,0,0,-1,04810300640114007c0031002e001700
1154,235,768,0,0,-1,0482030064011400440026001f001000
1155,6,1540,0,0,-1,048306046500
1156,6,1540,0,0,-1,048406046501
1157,6,1540,0,0,-1,048506046502
1158,6,1540,0,0,-1,048606046503
1159,6,1540,0,0,-1,048706046504
1160,6,1540,0,0,-1,048806046505
1161,6,1540,0,0,-1,048906046506
1162,6,1540,0,0,-1,048a06046507
1163,6,1540,0,0,-1,048b06046508
1164,6,1540,0,0,-1,048c06046509
1165,6,1540,0,0,-1,048d0604650a
1166,6,1540,0,0,-1,048e0604650b
1167,6,1540,0,0,-1,048f0604650c
1171,6,1540,0,0,-1,04930604650d
1172,6,1540,0,0,-1,04940604650e
1173,6,1540,0,0,-1,04950604650f
1174,6,1540,0,0,-1,049606046510
1175,6,1540,0,0,-1,049706046511
1176,6,1540,0,0,-1,049806046512
1177,19236,257,1,0,177,0499010197006b1400010000001f0031
1178,6,1540,0,0,-1,049a06049900
1179,6,1540,0,0,-1,049b06049901
1180,6,1540,0,0,-1,049c06049902
1181,6,1540,0,0,-1,049d06049903
1182,6,1540,0,0,-1,049e06049904
1183,6,1540,0,0,-1,049f06049905
1184,6,1540,0,0,-1,04a006049906
1185,6,1540,0,0,-1,04a106049907
1186,6,1540,0,0,-1,04a206049908
1187,6,1540,0,0,-1,04a306049909
1188,6,1540,0,0,-1,04a40604990a
1189,6,1540,0,0,-1,04a50604990b
1190,6,1540,0,0,-1,04a60604990c
1191,6,1540,0,0,-1,04a70604990d
1192,6,1540,0,0,-1,04a80604990e
1193,6,1540,0,0,-1,04a90604990f
1194,6,1540,0,0,-1,04aa06049910
1195,6,1540,0,0,-1,04ab06049911
1196,6,1540,0,0,-1,04ac06049912
1197,6,1540,0,0,-1,04ad06049913
1198,6,1540,0,0,-1,04ae06046100
1199,6,1540,0,0,-1,04af06046101
1200,6,1540,0,0,-1,04b006046102
1201,6,1540,0,0,-1,04b106046103
1202,6,1540,0,0,-1,04b206046104
1203,6,1540,0,0,-1,04b306046105
1204,6,1540,0,0,-1,04b406046106
1205,6,1540,0,0,-1,04b506046107
1206,6,1540,0,0,-1,04b606046108
1207,6,1540,0,0,-1,04b706046109
1208,6,1540,0,0,-1,04b80604610a
1209,6,1540,0,0,-1,04b90604610b
1210,6,1540,0,0,-1,04ba0604610c
1211,6,1540,0,0,-1,04bb0604610d
1212,6,1540,0,0,-1,04bc0604610e
1213,6,1540,0,0,-1,04bd0604610f
1214,6,1540,0,0,-1,04be06046110
1215,6,1540,0,0,-1,04bf06046111
1216,6,1540,0,0,-1,04c006046112
1217,6,1540,0,0,-1,04c106046113
1218,6,1540,0,0,-1,04c206046200
1219,6,1540,0,0,-1,04c306046201
1220,6,1540,0,0,-1,04c406046202
1221,6,1540,0,0,-1,04c506046203
1222,6,1540,0,0,-1,04c606046204
1223,6,1540,0,0,-1,04c706046205
1224,6,1540,0,0,-1,04c806046206
1225,6,1540,0,0,-1,04c906046207
1226,6,1540,0,0,-1,04ca06046208
1227,6,1540,0,0,-1,04cb06046209
1228,6,1540,0,0,-1,04cc0604620a
1229,6,1540,0,0,-1,04cd0604620b
1230,6,1540,0,0,-1,04ce0604620c
1231,6,1540,0,0,-1,04cf0604620d
1232,6,1540,0,0,-1,04d00604620e
1233,6,1540,0,0,-1,04d10604620f
1234,6,1540,0,0,-1,04d206046210
1235,6,1540,0,0,-1,04d306046211
1236,6,1540,0,0,-1,04d406046212
1238,6,1540,0,0,-1,04d606046213
1239,6,1540,0,0,-1,04d706046300
1240,6,1540,0,0,-1,04d806046301
1241,6,1540,0,0,-1,04d906046302
1242,6,1540,0,0,-1,04da06046303
1243,6,1540,0,0,-1,04db06046304
1244,6,1540,0,0,-1,04dc06046305
1245,6,1540,0,0,-1,04dd06046306
1246,6,1540,0,0,-1,04de06046307
1247,6,1540,0,0,-1,04df06046308
1248,6,1540,0,0,-1,04e006046309
1249,6,1540,0,0,-1,04e10604630a
1250,6,1540,0,0,-1,04e20604630b
1251,6,1540,0,0,-1,04e30604630c
1252,6,1540,0,0,-1,04e40604630d
1253,6,1540,0,0,-1,04e50604630e
1254,6,1540,0,0,-1,04e60604630f
1255,6,1540,0,0,-1,04e706046310
1256,6,1540,0,0,-1,04e806046311
1257,6,1540,0,0,-1,04e906046312
1258,6,1540,0,0,-1,04ea06046313
1259,6,1540,0,0,-1,04eb06046400
1260,6,1540,0,0,-1,04ec06046401
1261,6,1540,0,0,-1,04ed06046402
1262,6,1540,0,0,-1,04ee06046403
1263,6,1540,0,0,-1,04ef06046404
1264,6,1540,0,0,-1,04f006046405
1265,6,1540,0,0,-1,04f106046406
1266,6,1540,0,0,-1,04f206046407
1267,6,1540,0,0,-1,04f306046408
1276,6,1540,0,0,-1,04fc06046409
1277,6,1540,0,0,-1,04fd0604640a
1278,6,1540,0,0,-1,04fe0604640b
1279,6,1540,0,0,-1,04ff0604640c
1280,6,1540,0,0,-1,05000604640d
1281,6,1540,0,0,-1,05010604640e
1282,6,1540,0,0,-1,05020604640f
1283,6,1540,0,0,-1,050306046410
1284,6,1540,0,0,-1,050406046411
1285,6,1540,0,0,-1,050506046412
1286,6,1540,0,0,-1,050606046413
1287,279674,257,1,0,129,0507010198017c0e000000000066005f
1288,278145,257,1,0,129,0508010198017c0e000000000066005f
1289,6,1542,0,0,-1,05090606f100
1290,6,1542,0,0,-1,050a0606f101
1291,168647,261,1,0,129,050b01052400820e0000000000bc0041
1292,169700,258,1,0,73,050c0102600092070000000000980049
1293,6,1542,0,0,-1,050d0606f102
1294,271910,257,1,0,129,050e010198017c0e000000000066005f
1295,6,1541,0,0,-1,050f06050e00
1296,6,1541,0,0,-1,051006050e01
1361,18533,256,1,0,65,05510100de0054060000000000260054
1362,9543,256,1,0,65,05520100c30030060000000000210030
1363,1049,256,1,0,25,05530100280023010000000000280023
1364,1011,256,1,0,25,055401004c001f0100000000004c001f
1365,6,1541,0,0,-1,055506055400
1366,6,1541,0,0,-1,055606055300
1367,6,1541,0,0,-1,055706055200
1368,6,1541,0,0,-1,055806055201
1369,6,1541,0,0,-1,055906055202
1370,6,1541,0,0,-1,055a06055203
1371,6,1541,0,0,-1,055b06055204
1372,6,1541,0,0,-1,055c06055205
1373,6,1541,0,0,-1,055d06055100
1374,6,1541,0,0,-1,055e06055101
1375,6,1541,0,0,-1,055f06055102
1376,6,1541,0,0,-1,056006055103
1377,6,1541,0,0,-1,056106055104
1378,6,1541,0,0,-1,056206055105
1379,1128,768,0,0,-1,05630300780606005200a0003f00a000
1380,6,1539,0,0,-1,056406037600
1381,6185,256,1,0,17,0565010030003000000000181c000000
1382,6395,256,1,0,17,056601003000300000000018ee000000
1383,6237,256,1,0,17,05670100300030000000001850000000
1384,6338,256,1,0,17,056801003000300000000018b5000000
1385,6406,256,1,0,17,056901003000300000000018f9000000
1386,6410,256,1,0,17,056a01003000300000000018fd000000
1387,6362,256,1,0,17,056b01003000300000000018cd000000
1388,5930,256,1,0,17,056c010030003000000000171d000000
1389,6232,256,1,0,17,056d010030003000000000184b000000
1390,6495,256,1,0,17,056e0100300030000000001952000000
1391,2806,256,1,0,17,056f0100300030000000000ae9000000
1392,2636,256,1,0,17,05700100300030000000000a3f000000
1393,2802,256,1,0,17,05710100300030000000000ae5000000
1394,2675,256,1,0,17,05720100300030000000000a66000000
1395,2881,256,1,0,17,05730100300030000000000b34000000
1396,2774,256,1,0,17,05740100300030000000000ac9000000
1397,2795,256,1,0,17,05750100300030000000000ade000000
1398,2754,256,1,0,17,05760100300030000000000ab5000000
1399,2739,256,1,0,17,05770100300030000000000aa6000000
1400,2837,256,1,0,17,05780100300030000000000b08000000
1401,2756,256,1,0,17,05790100300030000000000ab7000000
1402,2688,256,1,0,17,057a0100300030000000000a73000000
1403,2824,256,1,0,17,057b0100300030000000000afb000000
1404,2944,256,1,0,17,057c0100300030000000000b73000000
1405,2940,256,1,0,17,057d0100300030000000000b6f000000
1406,2866,256,1,0,17,057e0100300030000000000b25000000
1407,2911,256,1,0,17,057f0100300030000000000b52000000
1408,2885,256,1,0,17,05800100300030000000000b38000000
1409,2950,256,1,0,17,05810100300030000000000b79000000
1410,2913,256,1,0,17,05820100300030000000000b54000000
1411,2913,256,1,0,17,05830100300030000000000b54000000
1412,2932,256,1,0,17,05840100300030000000000b67000000
1413,2919,256,1,0,17,05850100300030000000000b5a000000
1414,2972,256,1,0,17,05860100300030000000000b8f000000
1415,2907,256,1,0,17,05870100300030000000000b4e000000
1416,2929,256,1,0,17,05880100300030000000000b64000000
1417,2889,256,1,0,17,05890100300030000000000b3c000000
1418,2962,256,1,0,17,058a0100300030000000000b85000000
1419,2894,256,1,0,17,058b0100300030000000000b41000000
1420,2887,256,1,0,17,058c0100300030000000000b3a000000
1421,2943,256,1,0,17,058d0100300030000000000b72000000
1422,2941,256,1,0,17,058e0100300030000000000b70000000
1423,6554,256,1,0,17,058f010030003000000000198d000000
1424,6407,256,1,0,17,059001003000300000000018fa000000
1425,5559,256,1,0,17,059101003000300000000015aa000000
1426,6177,256,1,0,17,05920100300030000000001814000000
1427,6292,256,1,0,17,05930100300030000000001887000000
1428,6147,256,1,0,17,059401003000300000000017f6000000
1429,2003,256,1,0,17,059501003000300000000007c6000000
1431,1389,256,1,0,25,0597010027000f010000000000270027
1433,359,256,1,0,25,05990100110016010000000000110016
1434,363,256,1,0,25,059a0100160011010000000000160011
1438,6,1541,0,0,-1,059e06059900
1439,6,1541,0,0,-1,059f06059a00
1440,6,1541,0,0,-1,05a006050e02
1441,174,768,0,0,-1,05a10300640403001a001a0017000300
1443,2166,256,1,0,25,05a30100270024010000000000270024
1444,2135,256,1,0,25,05a40100270024010000000000270024
1445,2143,256,1,0,25,05a50100270025010000000000270025
1446,2183,256,1,0,25,05a60100260025010000000000260025
1447,2192,256,1,0,25,05a70100260025010000000000260025
1448,2128,256,1,0,25,05a80100260025010000000000260025
1449,2206,256,1,0,25,05a90100260023010000000000260023
1450,2306,256,1,0,25,05aa0100270022010000000000270022
1451,2202,256,1,0,25,05ab0100270022010000000000270022
1452,6,1541,0,0,-1,05ac0605a300
1453,6,1541,0,0,-1,05ad0605ab00
1454,6,1541,0,0,-1,05ae0605aa00
1455,6,1541,0,0,-1,05af0605a900
1456,6,1541,0,0,-1,05b00605a800
1457,6,1541,0,0,-1,05b10605a700
1458,6,1541,0,0,-1,05b20605a600
1459,6,1541,0,0,-1,05b30605a500
1460,6,1541,0,0,-1,05b40605a400
1461,114,768,0,0,-1,05b50300640109002800250013001200
1462,114,768,0,0,-1,05b6030064010900390036001b001b00
1463,3848,256,1,0,25,05b70100380034010000000000380034
1464,3943,256,1,0,25,05b80100370035010000000000370035
1465,3900,256,1,0,25,05b90100360035010000000000360035
1466,3693,256,1,0,25,05ba0100350034010000000000350034
1467,3991,256,1,0,25,05bb0100350032010000000000350032
1468,4053,256,1,0,25,05bc0100360030010000000000360030
1469,3997,256,1,0,25,05bd0100390032010000000000390032
1470,3980,256,1,0,25,05be0100360033010000000000360033
1471,3908,256,1,0,25,05bf0100380035010000000000380035
1472,6,1541,0,0,-1,05c00605bf00
1473,6,1541,0,0,-1,05c10605b700
1474,6,1541,0,0,-1,05c20605b800
1475,6,1541,0,0,-1,05c30605b900
1476,6,1541,0,0,-1,05c40605ba00
1477,6,1541,0,0,-1,05c50605bb00
1478,6,1541,0,0,-1,05c60605bc00
1479,6,1541,0,0,-1,05c70605bd00
1480,6,1541,0,0,-1,05c80605be00
1623,299,256,1,0,17,0657010037003700000000011e000000
1624,498,256,1,0,17,065801003700370000000001e5000000
1625,186,256,1,0,17,065901003700370000000000ad000000
1626,320,256,1,0,17,065a0100370037000000000133000000
1627,1773,256,1,0,17,065b01006500140000000006e0000000
1628,1167,256,1,0,17,065c0100320014000000000482000000
1629,1854,256,1,0,17,065d0100660014000000000731000000
1630,1888,256,1,0,17,065e0100630016000000000753000000
1631,1841,256,1,0,17,065f0100640016000000000724000000
1632,1162,256,1,0,17,0660010031001400000000047d000000
1633,1943,256,1,0,17,0661010064001600000000078a000000
1634,2142,256,1,0,17,066201007f0015000000000851000000
1635,1802,256,1,0,17,066301006200160000000006fd000000
1636,1192,256,1,0,17,066401002c001200000000049b000000
1637,169,256,1,0,17,066501000a009600000000009c000000
1638,167,256,1,0,17,0666010096000a00000000009a000000
1639,270,256,1,0,17,066701000a000a000000000101000000
1640,755,256,1,0,17,066801003d00360000000002e6000000
1641,325,256,1,0,17,0669010009005d000000000138000000
1642,181,256,1,0,17,066a010007000c0000000000a8000000
1643,642,256,1,0,17,066b010021000c000000000275000000
1644,1395,256,1,0,17,066c010016002a000000000566000000
1645,520,256,1,0,17,066d01002200220000000001fb000000
1646,491,256,1,0,17,066e01001f001d0000000001de000000
1647,1464,256,1,0,17,066f01001800190000000005ab000000
1648,247,256,1,0,17,067001001d001d0000000000ea000000
1649,241,256,1,0,17,067101001900190000000000e4000000
1650,2447,256,1,0,17,06720100330026000000000982000000
1651,487,256,1,0,17,067301000c00260000000001da000000
1652,471,256,1,0,17,067401001600160000000001ca000000
1653,1345,256,1,0,17,06750100190015000000000534000000
1654,231,256,1,0,17,067601001100160000000000da000000
1655,217,256,1,0,17,067701001200150000000000cc000000
1656,468,256,1,0,17,067801001500150000000001c7000000
1657,384,256,1,0,17,06790100140014000000000173000000
1658,4153,256,1,0,57,067a0100480062050000000000480013
1659,6,1542,0,0,-1,067b06067a00
1660,6,1542,0,0,-1,067c06067a01
1661,6,1542,0,0,-1,067d06067a02
1662,6,1542,0,0,-1,067e06067a03
1663,6,1542,0,0,-1,067f06067a04
1664,3865,256,1,0,57,06800100470062050000000000470014
1665,6,1542,0,0,-1,068106068000
1666,6,1542,0,0,-1,068206068001
1667,6,1542,0,0,-1,068306068002
1668,6,1542,0,0,-1,068406068003
1669,6,1542,0,0,-1,068506068004
1670,630,256,1,0,17,06860100aa000d000000000269000000
1671,444,256,1,0,17,06870100b4000f0000000001af000000
1672,744,256,1,0,17,06880100b4000f0000000002db000000
1673,905,256,1,0,17,06890100dc000f00000000037c000000
1674,535,256,1,0,17,068a01008c000c00000000020a000000
1675,470,256,1,0,17,068b01008c000c0000000001c9000000
1676,341,256,1,0,17,068c01008c000c000000000148000000
1677,470,256,1,0,17,068d01008c000c0000000001c9000000
1678,302,256,1,0,17,068e010078000b000000000121000000
1679,148,256,1,0,17,068f010012000b000000000087000000
1680,85,256,1,0,17,0690010012000b000000000048000000
1681,85,256,1,0,17,0691010012000b000000000048000000
1682,82,256,1,0,17,0692010012000b000000000045000000
1683,605,256,1,0,17,069301003a000b000000000250000000
1686,3238,256,1,0,65,069601003f00680600010001003a000f
1687,6,1542,0,0,-1,069706069600
1688,6,1542,0,0,-1,069806069601
1689,6,1542,0,0,-1,069906069602
1690,6,1542,0,0,-1,069a06069603
1691,6,1542,0,0,-1,069b06069604
1692,6,1542,0,0,-1,069c06069605
1693,2980,256,1,0,65,069d01003e00680600000000003e0013
1694,6,1542,0,0,-1,069e06069d00
1695,6,1542,0,0,-1,069f06069d01
1696,6,1542,0,0,-1,06a006069d02
1697,6,1542,0,0,-1,06a106069d03
1698,6,1542,0,0,-1,06a206069d04
1699,6,1542,0,0,-1,06a306069d05
1700,1705,256,1,0,17,06a4010048001300000000069c000000
1701,1710,256,1,0,41,06a5010024002c03000000000024000f
1702,6,1542,0,0,-1,06a60606a500
1703,6,1542,0,0,-1,06a70606a501
1704,6,1542,0,0,-1,06a80606a502
1705,470,256,1,0,33,06a901000d001b0200000000000d000d
1706,6,1542,0,0,-1,06aa0606a900
1707,6,1542,0,0,-1,06ab0606a901
1708,2473,256,1,0,41,06ac0100240038030000000000240012
1709,6,1542,0,0,-1,06ad0606ac00
1710,6,1542,0,0,-1,06ae0606ac01
1711,6,1542,0,0,-1,06af0606ac02
1712,2424,256,1,0,41,06b00100260038030000000000260013
1713,6,1542,0,0,-1,06b10606b000
1714,6,1542,0,0,-1,06b20606b001
1715,6,1542,0,0,-1,06b30606b002
1716,588,256,1,0,17,06b401001c001000000000023f000000
1717,746,256,1,0,17,06b501003d00100000000002dd000000
1718,923,256,1,0,17,06b6010044001100000000038e000000
1719,831,256,1,0,17,06b701003d0010000000000332000000
1720,848,256,1,0,17,06b80100440011000000000343000000
1721,578,256,1,0,17,06b90100220011000000000235000000
1722,867,256,1,0,17,06ba0100440011000000000356000000
1723,1599,256,1,0,17,06bb01002d0016000000000632000000
1724,611,256,1,0,17,06bc01001c000f000000000256000000
1725,941,256,1,0,17,06bd01002c00100000000003a0000000
1726,1951,256,1,0,17,06be01002b002b000000000792000000
1727,776,256,1,0,17,06bf01001d00100000000002fb000000
1728,1659,256,1,0,17,06c001002b002b00000000066e000000
1729,760,256,1,0,17,06c101001d00100000000002eb000000
1730,349,256,1,0,17,06c20100120012000000000150000000
1731,636,256,1,0,17,06c301002b000f00000000026f000000
1732,361,256,1,0,17,06c4010012001200000000015c000000
1733,1373,256,1,0,17,06c501001f001f000000000550000000
1734,608,256,1,0,17,06c601002b000f000000000253000000
1735,697,256,1,0,17,06c701001c00100000000002ac000000
1736,613,256,1,0,17,06c801001e0010000000000258000000
1737,610,256,1,0,17,06c901001e0010000000000255000000
1738,962,256,1,0,17,06ca01003c00110000000003b5000000
1739,1015,256,1,0,17,06cb01004100110000000003ea000000
1740,963,256,1,0,17,06cc01003d00110000000003b6000000
1741,1260,256,1,0,17,06cd01005900110000000004df000000
1742,112,256,1,0,17,06ce0100080008000000000063000000
1743,703,256,1,0,17,06cf01002300100000000002b2000000
1744,1006,256,1,0,17,06d001004000110000000003e1000000
1745,915,256,1,0,17,06d10100400011000000000386000000
1746,927,256,1,0,17,06d20100410011000000000392000000
1747,875,256,1,0,17,06d3010031001000000000035e000000
1748,869,256,1,0,17,06d40100310011000000000358000000
1749,414,256,1,0,17,06d50100130013000000000191000000
1750,1048,256,1,0,17,06d601000c000c00000000040b000000
1751,677,256,1,0,17,06d70100230011000000000298000000
1752,395,256,1,0,17,06d8010012001200000000017e000000
1753,835,256,1,0,17,06d90100300013000000000336000000
1754,1829,256,1,0,17,06da01001b001b000000000718000000
1755,767,256,1,0,17,06db01002f00130000000002f2000000
1756,532,256,1,0,17,06dc0100140014000000000207000000
1757,2025,256,1,0,17,06dd01003e00280000000007dc000000
1758,1207,256,1,0,17,06de01005900150000000004aa000000
1759,2390,256,1,0,17,06df01003e0028000000000949000000
1760,1465,256,1,0,17,06e001006a00140000000005ac000000
1761,6,1541,0,0,-1,06e106050e03
1762,777,256,1,0,17,06e201003000130000000002fc000000
1763,853,256,1,0,17,06e301002e0013000000000348000000
1764,6,1541,0,0,-1,06e406050e04
1765,1283,256,1,0,17,06e501005c00140000000004f6000000
1766,6,1541,0,0,-1,06e606050e05
1767,852,256,1,0,17,06e701002e0014000000000347000000
1768,6,1541,0,0,-1,06e806050e06
1769,801,256,1,0,17,06e901002f0013000000000314000000
1770,6,1541,0,0,-1,06ea06050e07
1771,6,1541,0,0,-1,06eb06050e08
1772,6,1541,0,0,-1,06ec06050e09
1773,6,1541,0,0,-1,06ed06050e0a
1774,6,1541,0,0,-1,06ee06050e0b
1775,6,1541,0,0,-1,06ef06050e0c
1776,6,1541,0,0,-1,06f006050e0d
1777,149933,259,1,0,129,06f101038e005a0e000000000082002d
1778,83716,258,1,0,97,06f201023000340a0000000000380034
1779,6,1538,0,0,-1,06f306025f00
1780,6,1538,0,0,-1,06f406025f01
1781,6,1538,0,0,-1,06f506025f02
1782,144,256,1,0,17,06f601001e000c000000000083000000
1783,182,256,1,0,17,06f7010021000c0000000000a9000000
1784,153,256,1,0,17,06f801001f000c00000000008c000000
1785,1371,256,1,0,17,06f9010026002600000000054e000000
1786,1559,256,1,0,17,06fa010026002600000000060a000000
1787,191,256,1,0,17,06fb01002600260000000000b2000000
1788,91,256,1,0,17,06fc010026002600000000004e000000
1789,299,256,1,0,17,06fd010018001700000000011e000000
1790,138,256,1,0,17,06fe010018001700000000007d000000
1791,222,256,1,0,17,06ff01001800170000000000d1000000
1792,124,256,1,0,17,0700010018001700000000006f000000
1793,6,1538,0,0,-1,070106025f03
1795,6,1538,0,0,-1,070306025f04
1797,6,1538,0,0,-1,070506025f05
1799,6,1538,0,0,-1,070706025f06
1801,6,1538,0,0,-1,070906025f07
1803,6,1538,0,0,-1,070b06025f08
1805,6,1538,0,0,-1,070d06025f09
1807,6,1538,0,0,-1,070f06025f0a
1844,184442,259,1,0,17,073401032001e000000002d06d000000
1845,1346,256,1,0,41,07350100310040030000000000310014
1846,6,1543,0,0,-1,073606073500
1847,6,1543,0,0,-1,073706073501
1848,6,1543,0,0,-1,073806073502
1849,1236,256,1,0,41,07390100310040030000000000310014
1850,6,1543,0,0,-1,073a06073900
1851,6,1543,0,0,-1,073b06073901
1852,6,1543,0,0,-1,073c06073902
1853,97,256,1,0,17,073d01000b0008000000000054000000
1854,98,256,1,0,17,073e01000f0008000000000055000000
1855,104,256,1,0,17,073f01000f000800000000005b000000
1856,101,256,1,0,17,074001000b0008000000000058000000
1857,456,256,1,0,17,074101001a001b0000000001bb000000
1858,268,256,1,0,17,074201002d001b0000000000ff000000
1859,792,256,1,0,17,074301001a001a00000000030b000000
1860,223,256,1,0,17,074401002d001a0000000000d2000000
1861,436,256,1,0,17,074501001900190000000001a7000000
1862,323,256,1,0,17,07460100190019000000000136000000
1863,764,256,1,0,17,074701001900190000000002ef000000
1864,200,256,1,0,17,074801001900190000000000bb000000
1865,215,256,1,0,17,074901001000190000000000ca000000
1866,278,256,1,0,17,074a0100100019000000000109000000
1867,201,256,1,0,17,074b010010001a0000000000bc000000
1868,257,256,1,0,17,074c010010001a0000000000f4000000
1869,442,256,1,0,17,074d01001e001d0000000001ad000000
1870,228,256,1,0,17,074e010013001d0000000000d7000000
1871,613,256,1,0,17,074f01001e001d000000000258000000
1872,221,256,1,0,17,0750010013001d0000000000d0000000
1876,863,256,1,0,17,07540100110018000000000352000000
1877,6,1538,0,0,-1,075506025f0b
1878,170,256,1,0,17,0756010006000f00000000009d000000
1879,186,256,1,0,17,0757010006000f0000000000ad000000
1880,6,1538,0,0,-1,075806025f0c
1881,6,1538,0,0,-1,075906025f0d
1882,465,256,1,0,17,075a01000e00120000000001c4000000
1883,458,256,1,0,17,075b01000e00120000000001bd000000
1884,200,256,1,0,17,075c01001900160000000000bb000000
1885,271,256,1,0,17,075d0100190016000000000102000000
1886,152,256,1,0,17,075e010006002e00000000008b000000
1887,250,256,1,0,17,075f010006002e0000000000ed000000
1888,104,256,1,0,17,0760010006002c00000000005b000000
1889,251,256,1,0,17,0761010006002c0000000000ee000000
1890,915,256,1,0,17,076201000e001e000000000386000000
1891,364,256,1,0,17,0763010029000c00000000015f000000
1892,363,256,1,0,17,0764010029000c00000000015e000000
1893,337,256,1,0,17,07650100120011000000000144000000
1894,310,256,1,0,17,0766010029000c000000000129000000
1895,334,256,1,0,17,0767010029000c000000000141000000
1897,899,256,1,0,17,0769010015000f000000000376000000
1898,646,256,1,0,17,076a01000c000f000000000279000000
1899,4258,256,1,0,17,076b01002d002d000000001095000000
1900,3764,256,1,0,17,076c01002d002d000000000ea7000000
1901,4340,256,1,0,17,076d01002d002d0000000010e7000000
1902,3704,256,1,0,17,076e01002d002d000000000e6b000000
1903,6,1542,0,0,-1,076f0606f200
1904,5816,256,1,0,17,077001003a00340000000016ab000000
1905,1538,256,1,0,17,077101001200170000000005f5000000
1906,6667,256,1,0,17,077201003a00340000000019fe000000
1907,6897,256,1,0,17,077301003a0034000000001ae4000000
1908,5084,256,1,0,17,077401003a00340000000013cf000000
1909,6755,256,1,0,17,077501003a0034000000001a56000000
1910,733,256,1,0,17,077601001c000e0000000002d0000000
1911,817,256,1,0,17,077701001d000e000000000324000000
1912,825,256,1,0,17,077801001c000f00000000032c000000
1913,319,256,1,0,17,077901001e000e000000000132000000
1914,731,256,1,0,17,077a01001d000e0000000002ce000000
1915,889,256,1,0,17,077b01001d000e00000000036c000000
1916,520,256,1,0,17,077c01001d000e0000000001fb000000
1917,517,256,1,0,17,077d01001d000e0000000001f8000000
1918,6,1542,0,0,-1,077e0606f201
1919,628,256,1,0,17,077f01001e0017000000000267000000
1920,215,256,1,0,17,078001002600170000000000ca000000
1921,529,256,1,0,17,07810100150017000000000204000000
1922,995,256,1,0,17,078201001500090000000003d6000000
1923,6,1540,0,0,-1,078306047e00
1924,9353,256,1,0,17,0784010092004700000000247c000000
1925,839,256,1,0,17,07850100d2000f00000000033a000000
1926,211,256,1,0,17,078601004400060000000000c6000000
1927,6,1540,0,0,-1,078706047e01
1928,6,1540,0,0,-1,078806047e02
1929,6,1540,0,0,-1,078906047e03
1930,6,1540,0,0,-1,078a06047e04
1931,6,1540,0,0,-1,078b06047e05
1932,6,1540,0,0,-1,078c06047e06
1933,6,1540,0,0,-1,078d06047e07
1934,251,256,1,0,17,078e01000d000b0000000000ee000000
1935,1859,256,1,0,17,078f01002e0016000000000736000000
1936,471,256,1,0,17,079001001700170000000001ca000000
1937,1652,256,1,0,17,079101001c001b000000000667000000
1938,325,256,1,0,17,07920100130010000000000138000000
1939,1824,256,1,0,17,079301002e0016000000000713000000
1940,6,1540,0,0,-1,079406047e08
1941,6,1540,0,0,-1,079506047e09
1942,6,1540,0,0,-1,079606047e0a
1943,6,1540,0,0,-1,079706047e0b
1944,6,1540,0,0,-1,079806047e0c
1945,6,1540,0,0,-1,079906047e0d
1946,6,1542,0,0,-1,079a0606f202
1947,6,1542,0,0,-1,079b0606f203
1948,6,1541,0,0,-1,079c06050700
1949,6,1541,0,0,-1,079d06050701
1950,1036,256,1,0,89,079e0100fb000e0900000000002a00fb
1951,6,1543,0,0,-1,079f06079e00
1952,6,1543,0,0,-1,07a006079e01
1953,6,1543,0,0,-1,07a106079e02
1954,6,1543,0,0,-1,07a206079e03
1955,6,1543,0,0,-1,07a306079e04
1956,6,1543,0,0,-1,07a406079e05
1957,6,1543,0,0,-1,07a506079e06
1958,6,1543,0,0,-1,07a606079e07
1959,6,1543,0,0,-1,07a706079e08
1960,3382,256,1,0,17,07a80100240024000000000d29000000
1961,131,256,1,0,17,07a901003b0013000000000076000000
1962,113,256,1,0,17,07aa01003d0013000000000064000000
1963,136,256,1,0,17,07ab01003e001300000000007b000000
1964,461,256,1,0,17,07ac01003200190000000001c0000000
1965,713,256,1,0,17,07ad01002100110000000002bc000000
1966,1010,256,1,0,17,07ae01002c000d0000000003e5000000
1967,751,256,1,0,17,07af01002100110000000002e2000000
1968,2471,256,1,0,17,07b0010032003200000000099a000000
1969,2213,256,1,0,17,07b10100320032000000000898000000
1970,2185,256,1,0,17,07b2010032003200000000087c000000
1971,2142,256,1,0,17,07b30100320032000000000851000000
1972,173,256,1,0,17,07b401004b004b0000000000a0000000
1973,126,256,1,0,17,07b501000f000f000000000071000000
1974,125,256,1,0,17,07b601004b000f000000000070000000
1975,121,256,1,0,17,07b701000f004b00000000006c000000
1976,6,1541,0,0,-1,07b806050702
1977,6,1541,0,0,-1,07b906050703
1978,6,1541,0,0,-1,07ba06050704
1979,6,1541,0,0,-1,07bb06050705
1980,6,1541,0,0,-1,07bc06050706
1981,6,1541,0,0,-1,07bd06050707
1982,6,1541,0,0,-1,07be06050708
1983,6,1541,0,0,-1,07bf06050709
1984,6,1541,0,0,-1,07c00605070a
1985,6,1541,0,0,-1,07c10605070b
1986,6,1541,0,0,-1,07c20605070c
1987,6,1541,0,0,-1,07c30605070d
1988,6,1542,0,0,-1,07c40606f204
1989,198,256,1,0,17,07c501000a000a0000000000b9000000
1990,561,256,1,0,17,07c601000b000f000000000224000000
1991,653,256,1,0,17,07c70100280028000000000280000000
1992,813,256,1,0,17,07c80100280028000000000320000000
1993,217,256,1,0,17,07c901000e000b0000000000cc000000
1994,306,256,1,0,17,07ca01000e000c000000000125000000
1995,200,256,1,0,17,07cb01002800170000000000bb000000
1996,863,256,1,0,17,07cc0100280017000000000352000000
1997,152,256,1,0,17,07cd010018000300000000008b000000
1998,85,256,1,0,17,07ce0100140003000000000048000000
1999,73,256,1,0,17,07cf010014000300000000003c000000
2000,85,256,1,0,17,07d00100140003000000000048000000
2001,74,256,1,0,17,07d1010014000300000000003d000000
2002,703,256,1,0,17,07d2010010000e0000000002b2000000
2003,540,256,1,0,17,07d3010010000e00000000020f000000
2004,364,256,1,0,17,07d401000e000e00000000015f000000
2005,464,256,1,0,17,07d5010012000c0000000001c3000000
2006,605,256,1,0,17,07d6010012000c000000000250000000
2007,281,256,1,0,17,07d701000c000c00000000010c000000
2008,281,256,1,0,17,07d801000c000c00000000010c000000
2009,239,256,1,0,17,07d901000c000c0000000000e2000000
2010,269,256,1,0,17,07da01000c000c000000000100000000
2011,249,256,1,0,17,07db01000c000c0000000000ec000000
2012,233,256,1,0,17,07dc01000c000c0000000000dc000000
2013,281,256,1,0,17,07dd01000c000c00000000010c000000
2014,270,256,1,0,17,07de01000c000c000000000101000000
2015,253,256,1,0,17,07df01000c000c0000000000f0000000
2016,231,256,1,0,17,07e001000c000c0000000000da000000
2017,116,256,1,0,17,07e10100180018000000000067000000
2018,320,256,1,0,17,07e20100180018000000000133000000
2019,148,256,1,0,17,07e30100180018000000000087000000
2020,132,256,1,0,17,07e40100180018000000000077000000
2021,6,1542,0,0,-1,07e50606f205
2022,6,1541,0,0,-1,07e606050800
2023,6,1541,0,0,-1,07e706050801
2024,6,1541,0,0,-1,07e806050802
2025,6,1541,0,0,-1,07e906050803
2026,6,1541,0,0,-1,07ea06050804
2027,6,1541,0,0,-1,07eb06050805
2028,6,1541,0,0,-1,07ec06050806
2029,6,1541,0,0,-1,07ed06050807
2030,6,1541,0,0,-1,07ee06050808
2031,4996,256,1,0,81,07ef01005a008f0800000000005a000f
2032,6,1543,0,0,-1,07f00607ef00
2033,6,1543,0,0,-1,07f10607ef01
2034,6,1543,0,0,-1,07f20607ef02
2035,6,1543,0,0,-1,07f30607ef03
2036,6,1543,0,0,-1,07f40607ef04
2037,6,1543,0,0,-1,07f50607ef05
2038,6,1543,0,0,-1,07f60607ef06
2039,6,1543,0,0,-1,07f70607ef07
2040,6,1541,0,0,-1,07f806050809
2041,6,1541,0,0,-1,07f90605080a
2042,6,1541,0,0,-1,07fa0605080b
2043,6,1541,0,0,-1,07fb0605080c
2044,124,256,1,0,17,07fc010020001000000000006f000000
2045,143,256,1,0,17,07fd0100430010000000000082000000
2046,259,256,1,0,17,07fe01003c000f0000000000f6000000
2047,251,256,1,0,17,07ff010025000f0000000000ee000000
2048,307,256,1,0,17,080001003b000f000000000126000000
2049,308,256,1,0,17,080101003b000f000000000127000000
2050,299,256,1,0,17,080201003a000f00000000011e000000
2051,236,256,1,0,17,0803010025000f0000000000df000000
2052,332,256,1,0,17,0804010049000f00000000013f000000
2053,445,256,1,0,17,080501003b00100000000001b0000000
2054,232,3328,0,0,-1,08060d0026000f0001030000000d7445
2055,261,256,1,0,17,080701003c000f0000000000f8000000
2056,375,256,1,0,17,0808010012001000000000016a000000
2057,334,256,1,0,17,08090100120010000000000141000000
2058,369,256,1,0,17,080a0100120010000000000164000000
2059,448,256,1,0,17,080b01001200100000000001b3000000
2060,1173,256,1,0,17,080c0100190019000000000488000000
2061,1242,256,1,0,17,080d01001900190000000004cd000000
2062,504,256,1,0,17,080e01001200130000000001eb000000
2063,467,256,1,0,17,080f01000f00130000000001c6000000
2064,496,256,1,0,17,081001001500160000000001e3000000
2065,6,1541,0,0,-1,08110605080d
2066,6,1542,0,0,-1,08120606f206
2067,579,256,1,0,17,081301001b0015000000000236000000
2068,162,256,1,0,17,081401001b0015000000000095000000
2069,1263,256,1,0,17,081501002000200000000004e2000000
2070,914,256,1,0,17,08160100150015000000000385000000
2071,383,256,1,0,17,08170100190012000000000172000000
2072,6,1542,0,0,-1,08180606f207
2073,6,1542,0,0,-1,08190606f208
2074,6,1542,0,0,-1,081a0606f209
2075,380,256,1,0,17,081b010013001800000000016f000000
2076,359,256,1,0,17,081c010013001800000000015a000000
2077,359,256,1,0,17,081d010013001800000000015a000000
2078,433,256,1,0,17,081e01001300180000000001a4000000
2079,233,256,1,0,17,081f01000f00090000000000dc000000
2080,193,256,1,0,17,082001000f00090000000000b4000000
2081,245,256,1,0,17,082101001900190000000000e8000000
2082,408,256,1,0,17,0822010019001900000000018b000000
2083,154,256,1,0,17,0823010019001900000000008d000000
2084,283,256,1,0,17,0824010019001900000000010e000000
2085,131,256,1,0,17,08250100440019000000000076000000
2086,155,256,1,0,17,082601003b003600000000008e000000
2087,1147,256,1,0,17,0827010087000c00000000046e000000
2088,218,256,1,0,17,082801000c000c0000000000cd000000
2089,300,256,1,0,17,0829010018001000000000011f000000
2090,375,256,1,0,17,082a01000c000c00000000016a000000
2091,125,256,1,0,17,082b01000c0004000000000070000000
2092,235,256,1,0,17,082c01000c00040000000000de000000
2093,506,256,1,0,17,082d010009000c0000000001ed000000
2094,545,256,1,0,17,082e010009000c000000000214000000
2095,309,256,1,0,17,082f010020001c000000000128000000
2096,179,256,1,0,17,0830010096001c0000000000a6000000
2097,202,256,1,0,17,083101002000960000000000bd000000
2098,345,256,1,0,17,0832010096009600000000014c000000
2099,230,256,1,0,17,083301001e000f0000000000d9000000
2100,224,256,1,0,17,083401001e000f0000000000d3000000
2105,2529,256,1,0,81,083901007a00110800000000000f0011
2106,6,1544,0,0,-1,083a06083900
2107,6,1544,0,0,-1,083b06083901
2108,6,1544,0,0,-1,083c06083902
2109,6,1544,0,0,-1,083d06083903
2110,6,1544,0,0,-1,083e06083904
2111,6,1544,0,0,-1,083f06083905
2112,6,1544,0,0,-1,084006083906
2113,6,1544,0,0,-1,084106083907
2119,2485,256,1,0,17,08470100b400bc0000000009a8000000
2120,1113,256,1,0,17,0848010030003000000000044c000000
2121,44630,257,1,0,25,08490101100156010000000001100156
2122,53140,257,1,0,25,084a0101100156010000000001100156
2123,63039,257,1,0,25,084b0101100156010000000001100156
2124,85866,257,1,0,25,084c0101100156010000000001100156
2125,541,256,1,0,17,084d01001e0016000000000210000000
2126,1668,256,1,0,17,084e0100300030000000000677000000
2127,379,256,1,0,17,084f010014001400000000016e000000
2128,1447,256,1,0,17,0850010028001300000000059a000000
2129,1447,256,1,0,17,0851010028001300000000059a000000
2130,2065,256,1,0,17,08520100470012000000000804000000
2131,2065,256,1,0,17,08530100470012000000000804000000
2132,2079,256,1,0,17,08540100480015000000000812000000
2133,2079,256,1,0,17,08550100480015000000000812000000
2134,2052,256,1,0,17,085601004600150000000007f7000000
2135,2052,256,1,0,17,085701004600150000000007f7000000
2136,2105,256,1,0,17,0858010046001300000000082c000000
2137,2105,256,1,0,17,0859010046001300000000082c000000
2138,2104,256,1,0,17,085a010046001500000000082b000000
2139,2104,256,1,0,17,085b010046001500000000082b000000
2140,2056,256,1,0,17,085c01004700130000000007fb000000
2141,2056,256,1,0,17,085d01004700130000000007fb000000
2142,1552,256,1,0,17,085e0100280013000000000603000000
2143,1552,256,1,0,17,085f0100280013000000000603000000
2144,1541,256,1,0,17,086001002600140000000005f8000000
2145,1541,256,1,0,17,086101002600140000000005f8000000
2146,1519,256,1,0,17,086201002700150000000005e2000000
2147,1519,256,1,0,17,086301002700150000000005e2000000
2148,1409,256,1,0,17,08640100280014000000000574000000
2149,1409,256,1,0,17,08650100280014000000000574000000
2150,1466,256,1,0,17,086601002800120000000005ad000000
2151,1466,256,1,0,17,086701002800120000000005ad000000
2152,1397,256,1,0,17,08680100250013000000000568000000
2153,2426,256,1,0,17,086901005a001400000000096d000000
2154,2426,256,1,0,17,086a01005a001400000000096d000000
2155,1456,256,1,0,17,086b01002800130000000005a3000000
2156,1456,256,1,0,17,086c01002800130000000005a3000000
2157,1264,256,1,0,17,086d01002700120000000004e3000000
2158,1264,256,1,0,17,086e01002700120000000004e3000000
2159,1356,256,1,0,17,086f010029001300000000053f000000
2160,1356,256,1,0,17,0870010029001300000000053f000000
2161,1644,256,1,0,17,087101002a001400000000065f000000
2162,1644,256,1,0,17,087201002a001400000000065f000000
2163,1405,256,1,0,17,08730100280012000000000570000000
2164,1405,256,1,0,17,08740100280012000000000570000000
2165,1530,256,1,0,17,087501002800140000000005ed000000
2166,1530,256,1,0,17,087601002800140000000005ed000000
2167,1521,256,1,0,17,087701002600130000000005e4000000
2168,1521,256,1,0,17,087801002600130000000005e4000000
2169,1464,256,1,0,17,087901002a00140000000005ab000000
2170,1464,256,1,0,17,087a01002a00140000000005ab000000
2171,1510,256,1,0,17,087b01002700120000000005d9000000
2172,1510,256,1,0,17,087c01002700120000000005d9000000
2173,1554,256,1,0,17,087d0100280013000000000605000000
2174,1554,256,1,0,17,087e0100280013000000000605000000
2175,1282,256,1,0,17,087f01002700110000000004f5000000
2176,1282,256,1,0,17,088001002700110000000004f5000000
2177,1846,256,1,0,17,08810100360013000000000729000000
2178,1846,256,1,0,17,08820100360013000000000729000000
2179,1426,256,1,0,17,08830100290014000000000585000000
2180,1304,256,1,0,17,0884010028001300000000050b000000
2181,1304,256,1,0,17,0885010028001300000000050b000000
2182,1499,256,1,0,17,088601002800130000000005ce000000
2183,1499,256,1,0,17,088701002800130000000005ce000000
2184,1423,256,1,0,17,08880100250012000000000582000000
2185,1423,256,1,0,17,08890100250012000000000582000000
2186,1549,256,1,0,17,088a0100280014000000000600000000
2187,1549,256,1,0,17,088b0100280014000000000600000000
2188,2116,256,1,0,17,088c0100480014000000000837000000
2189,2116,256,1,0,17,088d0100480014000000000837000000
2190,1646,256,1,0,17,088e0100290013000000000661000000
2191,1646,256,1,0,17,088f0100290013000000000661000000
2192,1376,256,1,0,17,08900100260013000000000553000000
2193,1376,256,1,0,17,08910100260013000000000553000000
2194,1423,256,1,0,17,08920100260013000000000582000000
2195,1798,256,1,0,17,089301002600130000000006f9000000
2196,1515,256,1,0,17,089401002700120000000005de000000
2197,1515,256,1,0,17,089501002700120000000005de000000
2198,1499,256,1,0,17,089601002b00130000000005ce000000
2199,1499,256,1,0,17,089701002b00130000000005ce000000
2200,1506,256,1,0,17,089801002700120000000005d5000000
2201,1506,256,1,0,17,089901002700120000000005d5000000
2202,2694,256,1,0,17,089a01006b0015000000000a79000000
2203,2694,256,1,0,17,089b01006b0015000000000a79000000
2204,1478,256,1,0,17,089c01002900150000000005b9000000
2205,1478,256,1,0,17,089d01002900150000000005b9000000
2206,1453,256,1,0,17,089e01002700120000000005a0000000
2207,1453,256,1,0,17,089f01002700120000000005a0000000
2208,2148,256,1,0,17,08a00100480013000000000857000000
2209,2148,256,1,0,17,08a10100480013000000000857000000
2210,2111,256,1,0,17,08a20100460014000000000832000000
2211,2111,256,1,0,17,08a30100460014000000000832000000
2212,2113,256,1,0,17,08a40100480013000000000834000000
2213,2113,256,1,0,17,08a50100480013000000000834000000
2214,1413,256,1,0,17,08a60100280012000000000578000000
2215,1413,256,1,0,17,08a70100280012000000000578000000
2216,2563,256,1,0,17,08a801005800140000000009f6000000
2217,2563,256,1,0,17,08a901005800140000000009f6000000
2218,2434,256,1,0,17,08aa0100580015000000000975000000
2219,2434,256,1,0,17,08ab0100580015000000000975000000
2220,1392,256,1,0,17,08ac0100280014000000000563000000
2221,1392,256,1,0,17,08ad0100280014000000000563000000
2222,1529,256,1,0,17,08ae01002a00140000000005ec000000
2223,1529,256,1,0,17,08af01002a00140000000005ec000000
2224,2187,256,1,0,17,08b0010048001500000000087e000000
2225,2187,256,1,0,17,08b1010048001500000000087e000000
2226,2065,256,1,0,17,08b20100460014000000000804000000
2227,2065,256,1,0,17,08b30100460014000000000804000000
2228,1625,256,1,0,17,08b4010025001400000000064c000000
2229,1625,256,1,0,17,08b5010025001400000000064c000000
2230,1499,256,1,0,17,08b601002a00140000000005ce000000
2231,1499,256,1,0,17,08b701002a00140000000005ce000000
2232,2168,256,1,0,17,08b8010046001400000000086b000000
2233,2168,256,1,0,17,08b9010046001400000000086b000000
2234,2210,256,1,0,17,08ba0100480014000000000895000000
2235,2210,256,1,0,17,08bb0100480014000000000895000000
2236,1495,256,1,0,17,08bc01002900140000000005ca000000
2237,1495,256,1,0,17,08bd01002900140000000005ca000000
2238,1484,256,1,0,17,08be01002900120000000005bf000000
2239,1484,256,1,0,17,08bf01002900120000000005bf000000
2240,1359,256,1,0,17,08c00100290013000000000542000000
2241,1359,256,1,0,17,08c10100290013000000000542000000
2242,1437,256,1,0,17,08c20100290014000000000590000000
2243,1437,256,1,0,17,08c30100290014000000000590000000
2244,1791,256,1,0,17,08c401003500140000000006f2000000
2245,1791,256,1,0,17,08c501003500140000000006f2000000
2246,1433,256,1,0,17,08c6010029001200000000058c000000
2247,1433,256,1,0,17,08c7010029001200000000058c000000
2248,2066,256,1,0,17,08c80100470013000000000805000000
2249,2066,256,1,0,17,08c90100470013000000000805000000
2250,1562,256,1,0,17,08ca010028001400000000060d000000
2251,1562,256,1,0,17,08cb010028001400000000060d000000
2252,1411,256,1,0,17,08cc0100290012000000000576000000
2253,1411,256,1,0,17,08cd0100290012000000000576000000
2254,1520,256,1,0,17,08ce01002800130000000005e3000000
2255,1520,256,1,0,17,08cf01002800130000000005e3000000
2256,1470,256,1,0,17,08d001002700130000000005b1000000
2257,90052,257,1,0,25,08d10101100156010000000001100156
2258,1457,256,1,0,17,08d201002600140000000005a4000000
2259,1457,256,1,0,17,08d301002600140000000005a4000000
2260,2083,256,1,0,17,08d40100440014000000000816000000
2261,2083,256,1,0,17,08d50100440014000000000816000000
2262,306,3328,0,0,-1,08d60d0031000f00010300000001ff00
2263,1658,256,1,0,17,08d7010029001500000000066d000000
2264,1658,256,1,0,17,08d8010029001500000000066d000000
2265,1557,256,1,0,17,08d90100280015000000000608000000
2266,1557,256,1,0,17,08da0100280015000000000608000000
2267,1711,256,1,0,17,08db01003500140000000006a2000000
2268,1711,256,1,0,17,08dc01003500140000000006a2000000
2269,1513,256,1,0,17,08dd01002800140000000005dc000000
2270,1513,256,1,0,17,08de01002800140000000005dc000000
2271,1330,256,1,0,17,08df0100290013000000000525000000
2272,1330,256,1,0,17,08e00100290013000000000525000000
2273,253,3328,0,0,-1,08e10d0020000f00010300000001ff00
2274,1525,256,1,0,17,08e201002800120000000005e8000000
2275,1525,256,1,0,17,08e301002800120000000005e8000000
2276,1524,256,1,0,17,08e401002800130000000005e7000000
2277,1524,256,1,0,17,08e501002800130000000005e7000000
2278,1462,256,1,0,17,08e601002300140000000005a9000000
2279,1462,256,1,0,17,08e701002300140000000005a9000000
2280,1433,256,1,0,17,08e8010026001300000000058c000000
2281,1433,256,1,0,17,08e9010026001300000000058c000000
2282,1511,256,1,0,17,08ea01002700130000000005da000000
2283,1511,256,1,0,17,08eb01002700130000000005da000000
2284,1381,256,1,0,17,08ec0100290011000000000558000000
2285,1381,256,1,0,17,08ed0100290011000000000558000000
2286,1389,256,1,0,17,08ee01002a0011000000000560000000
2287,1389,256,1,0,17,08ef01002a0011000000000560000000
2288,1680,256,1,0,17,08f00100310013000000000683000000
2289,1680,256,1,0,17,08f10100310013000000000683000000
2290,1321,256,1,0,17,08f2010027001100000000051c000000
2291,1321,256,1,0,17,08f3010027001100000000051c000000
2292,1397,256,1,0,17,08f40100250013000000000568000000
2293,7,1288,0,0,-1,08f50508e101ff
2294,293,3328,0,0,-1,08f60d0031000f00010300000001ff00
2295,7,1288,0,0,-1,08f70508f601ff
2296,213,3328,0,0,-1,08f80d0020000f0001030000000d7445
2297,7,1288,0,0,-1,08f90508f801ff
2298,255,3328,0,0,-1,08fa0d0020000f00010300000001ff00
2299,7,1288,0,0,-1,08fb0508fa01ff
2300,246,3328,0,0,-1,08fc0d0020000f00010300000001ff00
2301,7,1288,0,0,-1,08fd0508fc01ff
2302,309,3328,0,0,-1,08fe0d0031000f00010300000001ff00
2303,7,1288,0,0,-1,08ff0508fe01ff
2304,216,3328,0,0,-1,09000d0020000f0001030000000d7445
2305,7,1289,0,0,-1,090105090001ff
2306,246,3328,0,0,-1,09020d0020000f00010300000001ff00
2307,7,1289,0,0,-1,090305090201ff
2308,242,3328,0,0,-1,09040d0020000f00010300000001ff00
2309,7,1289,0,0,-1,090505090401ff
2310,251,3328,0,0,-1,09060d0020000f00010300000001ff00
2311,7,1289,0,0,-1,090705090601ff
2312,236,3328,0,0,-1,09080d0020000f00010300000001ff00
2313,7,1289,0,0,-1,090905090801ff
2314,219,3328,0,0,-1,090a0d0020000f0001030000000d7445
2315,7,1289,0,0,-1,090b05090a01ff
2316,215,3328,0,0,-1,090c0d0020000f0001030000000d7445
2317,7,1289,0,0,-1,090d05090c01ff
2318,7,1288,0,0,-1,090e0508d601ff
2319,629,256,1,0,17,090f01004e0012000000000268000000
2320,391,256,1,0,17,091001005d001200000000017a000000
2321,250,256,1,0,17,091101002d00120000000000ed000000
2322,346,256,1,0,17,0912010046001200000000014d000000
2323,345,256,1,0,17,0913010046001200000000014c000000
2324,351,256,1,0,17,09140100460012000000000152000000
2325,536,256,1,0,17,0915010042001200000000020b000000
2326,232,256,1,0,17,0916010027000f0000000000db000000
2327,101971,257,1,0,25,09170101100156010000000001100156
2328,24300,257,1,0,25,09180101100156010000000001100156
2329,6,1545,0,0,-1,091906091800
2330,6,1544,0,0,-1,091a06084900
2331,6,1544,0,0,-1,091b06084a00
2332,6,1544,0,0,-1,091c06084b00
2333,6,1544,0,0,-1,091d06084c00
2334,6,1544,0,0,-1,091e0608d100
2335,6,1545,0,0,-1,091f06091700
2336,1832,256,1,0,17,092001003f001200000000071b000000
2337,2440,256,1,0,17,0921010058001300000000097b000000
2338,1314,256,1,0,17,09220100290010000000000515000000
2339,1314,256,1,0,17,09230100290010000000000515000000
2340,2256,256,1,0,17,092401004700140000000008c3000000
2341,2256,256,1,0,17,092501004700140000000008c3000000
2342,1331,256,1,0,17,092601002b0012000000000526000000
2343,1331,256,1,0,17,092701002b0012000000000526000000
2344,1514,256,1,0,17,092801002900130000000005dd000000
2345,1514,256,1,0,17,092901002900130000000005dd000000
2346,2178,256,1,0,17,092a0100460014000000000875000000
2347,2178,256,1,0,17,092b0100460014000000000875000000
2348,1568,256,1,0,17,092c0100280013000000000613000000
2349,1568,256,1,0,17,092d0100280013000000000613000000
2350,1623,256,1,0,17,092e010027001400000000064a000000
2351,1623,256,1,0,17,092f010027001400000000064a000000
2352,1428,256,1,0,17,09300100270013000000000587000000
2353,1428,256,1,0,17,09310100270013000000000587000000
2354,2299,256,1,0,17,093201005a00150000000008ee000000
2355,2299,256,1,0,17,093301005a00150000000008ee000000
2356,2112,256,1,0,17,09340100460013000000000833000000
2357,2112,256,1,0,17,09350100460013000000000833000000
2358,1541,256,1,0,17,093601002900140000000005f8000000
2359,1541,256,1,0,17,093701002900140000000005f8000000
2360,2212,256,1,0,17,09380100450014000000000897000000
2361,2212,256,1,0,17,09390100450014000000000897000000
2362,1213,256,1,0,17,093a01002500120000000004b0000000
2363,1213,256,1,0,17,093b01002500120000000004b0000000
2364,1514,256,1,0,17,093c01003500120000000005dd000000
2365,1514,256,1,0,17,093d01003500120000000005dd000000
2366,1551,256,1,0,17,093e0100270013000000000602000000
2367,1551,256,1,0,17,093f0100270013000000000602000000
2368,1445,256,1,0,17,09400100270013000000000598000000
2369,1445,256,1,0,17,09410100270013000000000598000000
2370,1424,256,1,0,17,09420100290013000000000583000000
2371,1424,256,1,0,17,09430100290013000000000583000000
2372,1407,256,1,0,17,09440100280013000000000572000000
2373,1407,256,1,0,17,09450100280013000000000572000000
2374,1382,256,1,0,17,09460100270012000000000559000000
2375,1382,256,1,0,17,09470100270012000000000559000000
2376,2095,256,1,0,17,09480100450015000000000822000000
2377,2095,256,1,0,17,09490100450015000000000822000000
2378,1828,256,1,0,17,094a0100470015000000000717000000
2379,1828,256,1,0,17,094b0100470015000000000717000000
2380,2190,256,1,0,17,094c0100460014000000000881000000
2381,2190,256,1,0,17,094d0100460014000000000881000000
2382,1865,256,1,0,17,094e010045001500000000073c000000
2383,1865,256,1,0,17,094f010045001500000000073c000000
2384,2075,256,1,0,17,0950010047001300000000080e000000
2385,2075,256,1,0,17,0951010047001300000000080e000000
2386,1442,256,1,0,17,09520100290012000000000595000000
2387,1442,256,1,0,17,09530100290012000000000595000000
2388,1741,256,1,0,17,095401003500130000000006c0000000
2389,1741,256,1,0,17,095501003500130000000006c0000000
2390,2074,256,1,0,17,0956010047001300000000080d000000
2391,2074,256,1,0,17,0957010047001300000000080d000000
2392,173230,257,1,0,113,09580101b000900c0000000000480048
2393,6,1545,0,0,-1,095906095800
2394,6,1545,0,0,-1,095a06095801
2395,6,1545,0,0,-1,095b06095802
2396,6,1545,0,0,-1,095c06095803
2397,6,1545,0,0,-1,095d06095804
2398,6,1545,0,0,-1,095e06095805
2399,6,1541,0,0,-1,095f06050b00
2400,6,1541,0,0,-1,096006050b01
2401,6,1541,0,0,-1,096106050b02
2402,6,1541,0,0,-1,096206050b03
2403,6,1541,0,0,-1,096306050b04
2404,6,1541,0,0,-1,096406050b05
2405,6,1541,0,0,-1,096506050b06
2406,6,1541,0,0,-1,096606050b07
2407,6,1541,0,0,-1,096706050b08
2408,6,1541,0,0,-1,096806050b09
2409,6,1541,0,0,-1,096906050b0a
2410,6,1541,0,0,-1,096a06050b0b
2411,6,1541,0,0,-1,096b06050b0c
2412,6,1541,0,0,-1,096c06050b0d
2413,6,1541,0,0,-1,096d06050c00
2414,6,1541,0,0,-1,096e06050c01
2415,6,1541,0,0,-1,096f06050c02
2416,6,1541,0,0,-1,097006050c03
2417,6,1541,0,0,-1,097106050c04
2418,6,1541,0,0,-1,097206050c05
2419,6,1541,0,0,-1,097306050c06
2420,6,1545,0,0,-1,097406095806
2421,6,1545,0,0,-1,097506095807
2422,6,1545,0,0,-1,097606095808
2423,6,1545,0,0,-1,097706095809
2424,6,1545,0,0,-1,09780609580a
2425,6,1545,0,0,-1,09790609580b
2426,6,1545,0,0,-1,097a06097b00
2427,211221,259,1,0,113,097b0103c000b40c0000000000a0005a
2428,6,1545,0,0,-1,097c06097b00
2429,6,1545,0,0,-1,097d06097b01
2430,6,1545,0,0,-1,097e06097b02
2431,6,1545,0,0,-1,097f06097b03
2432,348,3328,0,0,-1,09800d0041000f00010300000001ff00
2433,7,1289,0,0,-1,098105098001ff
2434,324,3328,0,0,-1,09820d0041000f00010300000001ff00
2435,7,1289,0,0,-1,098305098201ff
2436,244,3328,0,0,-1,09840d001f000f00010300000001ff00
2437,7,1289,0,0,-1,098505098401ff
2438,233,3328,0,0,-1,09860d0020000f0001030000000d7445
2439,7,1289,0,0,-1,098705098601ff
2440,254,3328,0,0,-1,09880d0020000f00010300000001ff00
2441,7,1289,0,0,-1,098905098801ff
2442,254,3328,0,0,-1,098a0d0020000f00010300000001ff00
2443,7,1289,0,0,-1,098b05098a01ff
2444,331,3328,0,0,-1,098c0d0040000f00010300000001ff00
2445,7,1289,0,0,-1,098d05098c01ff
2446,228,3328,0,0,-1,098e0d0020000f00010300000001ff00
2447,7,1289,0,0,-1,098f05098e01ff
2448,328,3328,0,0,-1,09900d0041000f00010300000001ff00
2449,7,1289,0,0,-1,099105099001ff
2450,231,3328,0,0,-1,09920d0020000f0001030000000d7445
2451,7,1289,0,0,-1,099305099201ff
2452,252,3328,0,0,-1,09940d0020000f00010300000001ff00
2453,7,1289,0,0,-1,099505099401ff
2454,295,3328,0,0,-1,09960d0041000f0001030000000d7445
2455,7,1289,0,0,-1,099705099601ff
2456,326,3328,0,0,-1,09980d0040000f00010300000001ff00
2457,7,1289,0,0,-1,099905099801ff
2458,730,256,1,0,17,099a010049000f0000000002cd000000
2459,550,256,1,0,17,099b010069000f000000000219000000
2460,466,256,1,0,17,099c01004d000f0000000001c5000000
2461,466,256,1,0,17,099d01004c000f0000000001c5000000
2462,461,256,1,0,17,099e01004c000f0000000001c0000000
2463,465,256,1,0,17,099f01004d000f0000000001c4000000
2464,471,256,1,0,17,09a001004d000f0000000001ca000000
2465,409,256,1,0,17,09a101004e000f00000000018c000000
2466,634,256,1,0,17,09a2010087000f00000000026d000000
2467,560,256,1,0,17,09a3010069000f000000000223000000
2468,561,256,1,0,17,09a4010069000f000000000224000000
2469,633,256,1,0,17,09a5010087000f00000000026c000000
2470,644,256,1,0,17,09a6010088000f000000000277000000
2471,640,256,1,0,17,09a7010087000f000000000273000000
2472,639,256,1,0,17,09a8010087000f000000000272000000
2473,656,256,1,0,17,09a9010088000f000000000283000000
2474,555,256,1,0,17,09aa01006a000f00000000021e000000
2475,641,256,1,0,17,09ab010087000f000000000274000000
2476,647,256,1,0,17,09ac010087000f00000000027a000000
2477,610,256,1,0,17,09ad010079000f000000000255000000
2478,806,256,1,0,17,09ae010049000f000000000319000000
2479,474,256,1,0,17,09af01004d000f0000000001cd000000
2480,471,256,1,0,17,09b001004c000f0000000001ca000000
2481,472,256,1,0,17,09b101004c000f0000000001cb000000
2482,483,256,1,0,17,09b201004d000f0000000001d6000000
2483,404,256,1,0,17,09b3010037000f000000000187000000
2484,477,256,1,0,17,09b401004d000f0000000001d0000000
2485,474,256,1,0,17,09b501004d000f0000000001cd000000
2486,469,256,1,0,17,09b6010049000f0000000001c8000000
2487,479,256,1,0,17,09b701004d000f0000000001d2000000
2488,462,256,1,0,17,09b8010049000f0000000001c1000000
2489,409,256,1,0,17,09b9010037000f00000000018c000000
2490,378,256,1,0,17,09ba01002d000f00000000016d000000
2491,371,256,1,0,17,09bb01002d000f000000000166000000
2492,380,256,1,0,17,09bc01002d000f00000000016f000000
2493,388,256,1,0,17,09bd010034000f000000000177000000
2494,468,256,1,0,17,09be01004c000f0000000001c7000000
2495,472,256,1,0,17,09bf01004c000f0000000001cb000000
2496,517,256,1,0,17,09c001005b000f0000000001f8000000
2497,461,256,1,0,17,09c101004d000f0000000001c0000000
2498,710,256,1,0,17,09c2010049000f0000000002b9000000
2499,488,256,1,0,17,09c301004d000f0000000001db000000
2500,459,256,1,0,17,09c4010049000f0000000001be000000
2501,465,256,1,0,17,09c501004c000f0000000001c4000000
2502,545,256,1,0,17,09c601006a000f000000000214000000
2503,566,256,1,0,17,09c701006a000f000000000229000000
2504,477,256,1,0,17,09c801004d000f0000000001d0000000
2505,771,256,1,0,17,09c9010049000f0000000002f6000000
2506,594,256,1,0,17,09ca010079000f000000000245000000
2507,467,256,1,0,17,09cb01004c000f0000000001c6000000
2508,647,256,1,0,17,09cc01006c000f00000000027a000000
2509,472,256,1,0,17,09cd010049000f0000000001cb000000
2510,552,256,1,0,17,09ce010065000f00000000021b000000
2511,472,256,1,0,17,09cf01004c000f0000000001cb000000
2512,916,256,1,0,17,09d001004c000f000000000387000000
2513,482,256,1,0,17,09d101004d000f0000000001d5000000
2514,478,256,1,0,17,09d201004d000f0000000001d1000000
2515,567,256,1,0,17,09d301006a000f00000000022a000000
2516,558,256,1,0,17,09d401006a000f000000000221000000
2517,525,256,1,0,17,09d501005b000f000000000200000000
2518,551,256,1,0,17,09d601006a000f00000000021a000000
2519,649,256,1,0,17,09d7010087000f00000000027c000000
2520,1265,256,1,0,17,09d8010087000f0000000004e4000000
2521,560,256,1,0,17,09d901006a000f000000000223000000
2522,472,256,1,0,17,09da01004c000f0000000001cb000000
2523,477,256,1,0,17,09db01004c000f0000000001d0000000
2524,466,256,1,0,17,09dc010049000f0000000001c5000000
2525,644,256,1,0,17,09dd010065000f000000000277000000
2526,548,256,1,0,17,09de01006a000f000000000217000000
2527,555,256,1,0,17,09df01006a000f00000000021e000000
2528,487,256,1,0,17,09e0010057000f0000000001da000000
2529,426,256,1,0,17,09e101003e000f00000000019d000000
2530,510,256,1,0,17,09e201005b000f0000000001f1000000
2531,597,256,1,0,17,09e3010079000f000000000248000000
2532,560,256,1,0,17,09e401006a000f000000000223000000
2533,462,256,1,0,17,09e501004c000f0000000001c1000000
2534,465,256,1,0,17,09e6010049000f0000000001c4000000
2535,517,256,1,0,17,09e701005b000f0000000001f8000000
2536,468,256,1,0,17,09e801004c000f0000000001c7000000
2537,510,256,1,0,17,09e901005b000f0000000001f1000000
2538,453,256,1,0,17,09ea010049000f0000000001b8000000
2539,801,256,1,0,49,09eb01001f00420400000001001f000f
2540,6,1545,0,0,-1,09ec0609eb00
2541,6,1545,0,0,-1,09ed0609eb01
2542,6,1545,0,0,-1,09ee0609eb02
2543,6,1545,0,0,-1,09ef0609eb03
2544,243,256,1,0,17,09f0010025000f0000000000e6000000
2545,196,256,1,0,17,09f1010026000f0000000000b7000000
2546,201,256,1,0,17,09f2010026000f0000000000bc000000
2547,201,256,1,0,17,09f3010025000f0000000000bc000000
2548,255,256,1,0,17,09f4010025000f0000000000f2000000
2549,235,256,1,0,17,09f5010024000f0000000000de000000
2550,679,256,1,0,17,09f6010096000f00000000029a000000
2551,246,256,1,0,17,09f7010025000f0000000000e9000000
2552,220,256,1,0,17,09f8010026000f0000000000cf000000
2553,307,256,1,0,17,09f901003b000f000000000126000000
2554,241,256,1,0,17,09fa010025000f0000000000e4000000
2555,314,256,1,0,17,09fb01003b000f00000000012d000000
2556,301,256,1,0,17,09fc01003b000f000000000120000000
2557,205,256,1,0,17,09fd010026000f0000000000c0000000
2558,250,256,1,0,17,09fe010025000f0000000000ed000000
2559,378,256,1,0,17,09ff010058000f00000000016d000000
2560,223,256,1,0,17,0a00010024000f0000000000d2000000
2561,246,256,1,0,17,0a01010025000f0000000000e9000000
2562,243,256,1,0,17,0a02010025000f0000000000e6000000
2563,204,256,1,0,17,0a03010026000f0000000000bf000000
2564,214,256,1,0,17,0a04010026000f0000000000c9000000
2565,241,256,1,0,17,0a05010025000f0000000000e4000000
2566,357,256,1,0,17,0a06010026000f000000000158000000
2567,318,256,1,0,17,0a0701003a000f000000000131000000
2568,200,256,1,0,17,0a08010026000f0000000000bb000000
2569,206,256,1,0,17,0a09010026000f0000000000c1000000
2570,248,256,1,0,17,0a0a010025000f0000000000eb000000
2571,288,256,1,0,17,0a0b01003a000f000000000113000000
2572,254,256,1,0,17,0a0c010025000f0000000000f1000000
2573,234,256,1,0,17,0a0d010025000f0000000000dd000000
2574,203,256,1,0,17,0a0e010026000f0000000000be000000
2575,305,256,1,0,17,0a0f01003b000f000000000124000000
2576,289,256,1,0,17,0a1001003b000f000000000114000000
2577,254,256,1,0,17,0a11010025000f0000000000f1000000
2578,258,256,1,0,17,0a12010025000f0000000000f5000000
2579,205,256,1,0,17,0a13010025000f0000000000c0000000
2580,203,256,1,0,17,0a14010025000f0000000000be000000
2581,315,256,1,0,17,0a1501003b000f00000000012e000000
2582,202,256,1,0,17,0a16010024000f0000000000bd000000
2583,319,256,1,0,17,0a1701003b000f000000000132000000
2584,212,256,1,0,17,0a18010025000f0000000000c7000000
2585,204,256,1,0,17,0a19010026000f0000000000bf000000
2586,210,256,1,0,17,0a1a010026000f0000000000c5000000
2587,209,256,1,0,17,0a1b010026000f0000000000c4000000
2588,310,256,1,0,17,0a1c01003b000f000000000129000000
2589,211,256,1,0,17,0a1d010026000f0000000000c6000000
2590,310,256,1,0,17,0a1e01003a000f000000000129000000
2591,218,256,1,0,17,0a1f010026000f0000000000cd000000
2592,296,256,1,0,17,0a2001003a000f00000000011b000000
2593,246,256,1,0,17,0a21010025000f0000000000e9000000
2594,372,256,1,0,17,0a22010058000f000000000167000000
2595,254,256,1,0,17,0a23010025000f0000000000f1000000
2596,207,256,1,0,17,0a24010026000f0000000000c2000000
2597,267,256,1,0,17,0a2501003c000f0000000000fe000000
2598,312,256,1,0,17,0a2601003b000f00000000012b000000
2599,253,256,1,0,17,0a27010025000f0000000000f0000000
2600,316,256,1,0,17,0a2801003b000f00000000012f000000
2601,313,256,1,0,17,0a2901003b000f00000000012c000000
2602,256,256,1,0,17,0a2a01003c000f0000000000f3000000
2603,2229,256,1,0,17,0a2b01004600130000000008a8000000
2604,238,256,1,0,17,0a2c010025000f0000000000e1000000
2605,312,256,1,0,17,0a2d01003b000f00000000012b000000
2606,245,256,1,0,17,0a2e010025000f0000000000e8000000
2607,316,256,1,0,17,0a2f01003a000f00000000012f000000
2608,380,256,1,0,17,0a30010058000f00000000016f000000
2609,375,256,1,0,17,0a31010058000f00000000016a000000
2610,317,256,1,0,17,0a3201003b000f000000000130000000
2611,335,256,1,0,17,0a33010025000f000000000142000000
2612,208,256,1,0,17,0a34010025000f0000000000c3000000
2613,291,256,1,0,17,0a3501003a000f000000000116000000
2614,7,1288,0,0,-1,0a3605080601ff
2615,212,256,1,0,17,0a37010026000f0000000000c7000000
2616,239,256,1,0,17,0a38010025000f0000000000e2000000
2617,222,256,1,0,17,0a39010025000f0000000000d1000000
2618,245,256,1,0,17,0a3a010025000f0000000000e8000000
2619,206,256,1,0,17,0a3b010026000f0000000000c1000000
2620,269,256,1,0,17,0a3c01003c000f000000000100000000
2621,309,256,1,0,17,0a3d01003b000f000000000128000000
2622,287,256,1,0,17,0a3e01003b000f000000000112000000
2623,199,256,1,0,17,0a3f010026000f0000000000ba000000
2624,239,256,1,0,17,0a40010025000f0000000000e2000000
2625,310,256,1,0,17,0a4101003b000f000000000129000000
2626,244,256,1,0,17,0a42010025000f0000000000e7000000
2627,304,256,1,0,17,0a4301003b000f000000000123000000
2628,212,256,1,0,17,0a44010026000f0000000000c7000000
2629,249,256,1,0,17,0a4501003b000f0000000000ec000000
2630,261,256,1,0,17,0a4601003c000f0000000000f8000000
2631,301,256,1,0,17,0a4701003b000f000000000120000000
2632,247,256,1,0,17,0a48010025000f0000000000ea000000
2633,252,256,1,0,17,0a4901003a000f0000000000ef000000
2634,301,256,1,0,17,0a4a01003b000f000000000120000000
2635,314,256,1,0,17,0a4b01003b000f00000000012d000000
2636,300,256,1,0,17,0a4c01003b000f00000000011f000000
2637,212,256,1,0,17,0a4d010026000f0000000000c7000000
2638,206,256,1,0,17,0a4e010026000f0000000000c1000000
2639,306,256,1,0,17,0a4f01003b000f000000000125000000
2640,306,256,1,0,17,0a5001003b000f000000000125000000
2641,295,256,1,0,17,0a5101003b000f00000000011a000000
2643,237,256,1,0,17,0a53010025000f0000000000e0000000
2644,198,256,1,0,17,0a5401002d000f0000000000b9000000
2645,201,256,1,0,17,0a5501002d000f0000000000bc000000
2646,295,256,1,0,17,0a5601003b000f00000000011a000000
2647,207,256,1,0,17,0a57010026000f0000000000c2000000
2648,308,256,1,0,17,0a5801003b000f000000000127000000
2649,206,256,1,0,17,0a59010026000f0000000000c1000000
2650,199,256,1,0,17,0a5a010026000f0000000000ba000000
2651,251,256,1,0,17,0a5b010025000f0000000000ee000000
2652,342,256,1,0,17,0a5c01004a000f000000000149000000
2653,308,256,1,0,17,0a5d01003b000f000000000127000000
2654,317,256,1,0,17,0a5e01003b000f000000000130000000
2655,250,256,1,0,17,0a5f010025000f0000000000ed000000
2656,305,256,1,0,17,0a6001003b000f000000000124000000
2657,312,256,1,0,17,0a6101003b000f00000000012b000000
2658,6,1545,0,0,-1,0a6206097b04
2659,243,256,1,0,17,0a63010024000f0000000000e6000000
2660,324,256,1,0,17,0a6401003b000f000000000137000000
2661,303,256,1,0,17,0a6501003b000f000000000122000000
2662,306,256,1,0,17,0a6601003b000f000000000125000000
2663,229,256,1,0,17,0a6701002d000f0000000000d8000000
2664,274,256,1,0,17,0a6801003c000f000000000105000000
2665,303,256,1,0,17,0a6901003b000f000000000122000000
2666,300,256,1,0,17,0a6a01003b000f00000000011f000000
2667,314,256,1,0,17,0a6b01003b000f00000000012d000000
2668,310,256,1,0,17,0a6c01003b000f000000000129000000
2669,210,256,1,0,17,0a6d010026000f0000000000c5000000
2670,308,256,1,0,17,0a6e01003b000f000000000127000000
2671,305,256,1,0,17,0a6f01003b000f000000000124000000
2672,307,256,1,0,17,0a7001003a000f000000000126000000
2673,297,256,1,0,17,0a7101003b000f00000000011c000000
2674,316,256,1,0,17,0a7201003b000f00000000012f000000
2675,318,256,1,0,17,0a7301003a000f000000000131000000
2676,6,1545,0,0,-1,0a7406097b05
2677,299,256,1,0,17,0a7501003b000f00000000011e000000
2678,308,256,1,0,17,0a7601003b000f000000000127000000
2679,284,256,1,0,17,0a7701003b000f00000000010f000000
2680,313,256,1,0,17,0a7801003b000f00000000012c000000
2681,312,256,1,0,17,0a7901003b000f00000000012b000000
2682,308,256,1,0,17,0a7a01003b000f000000000127000000
2683,296,256,1,0,17,0a7b010039000f00000000011b000000
2684,303,256,1,0,17,0a7c01003b000f000000000122000000
2685,371,256,1,0,17,0a7d010057000f000000000166000000
2686,309,256,1,0,17,0a7e01003a000f000000000128000000
2687,402,256,1,0,17,0a7f010066000f000000000185000000
2688,290,256,1,0,17,0a80010039000f000000000115000000
2689,228,256,1,0,17,0a81010024000f0000000000d7000000
2690,316,256,1,0,17,0a8201003b000f00000000012f000000
2691,281,256,1,0,17,0a8301003b000f00000000010c000000
2692,312,256,1,0,17,0a8401003b000f00000000012b000000
2693,309,256,1,0,17,0a8501003b000f000000000128000000
2694,314,256,1,0,17,0a8601003b000f00000000012d000000
2695,366,256,1,0,17,0a87010058000f000000000161000000
2696,298,256,1,0,17,0a8801004b000f00000000011d000000
2697,316,256,1,0,17,0a8901003b000f00000000012f000000
2698,319,256,1,0,17,0a8a01003a000f000000000132000000
2699,2175,256,1,0,17,0a8b0100450013000000000872000000
2700,307,256,1,0,17,0a8c01003b000f000000000126000000
2701,269,256,1,0,17,0a8d01003c000f000000000100000000
2702,2175,256,1,0,17,0a8e0100460013000000000872000000
2703,298,256,1,0,17,0a8f01003a000f00000000011d000000
2704,310,256,1,0,17,0a9001003b000f000000000129000000
2705,305,256,1,0,17,0a9101003a000f000000000124000000
2706,375,256,1,0,17,0a92010058000f00000000016a000000
2707,361,256,1,0,17,0a93010057000f00000000015c000000
2708,313,256,1,0,17,0a9401003a000f00000000012c000000
2709,307,256,1,0,17,0a9501003b000f000000000126000000
2710,237,256,1,0,17,0a9601003a000f0000000000e0000000
2711,359,256,1,0,17,0a97010058000f00000000015a000000
2712,6,1545,0,0,-1,0a9806097b06
2713,304,256,1,0,17,0a9901003b000f000000000123000000
2714,248,256,1,0,17,0a9a010025000f0000000000eb000000
2715,246,256,1,0,17,0a9b010025000f0000000000e9000000
2716,213,256,1,0,17,0a9c010025000f0000000000c8000000
2717,299,256,1,0,17,0a9d01003b000f00000000011e000000
2718,235,256,1,0,17,0a9e01002d000f0000000000de000000
2719,265,256,1,0,17,0a9f01003c000f0000000000fc000000
2720,308,256,1,0,17,0aa001003b000f000000000127000000
2721,208,256,1,0,17,0aa1010026000f0000000000c3000000
2722,305,256,1,0,17,0aa201003b000f000000000124000000
2723,218,256,1,0,17,0aa3010024000f0000000000cd000000
2724,221,256,1,0,17,0aa4010024000f0000000000d0000000
2725,296,256,1,0,17,0aa501003b000f00000000011b000000
2726,300,256,1,0,17,0aa601003a000f00000000011f000000
2727,314,256,1,0,17,0aa701003b000f00000000012d000000
2728,251,256,1,0,17,0aa8010025000f0000000000ee000000
2729,211,256,1,0,17,0aa9010026000f0000000000c6000000
2730,428,256,1,0,17,0aaa010076000f00000000019f000000
2731,435,256,1,0,17,0aab010076000f0000000001a6000000
2732,309,256,1,0,17,0aac01003b000f000000000128000000
2733,312,256,1,0,17,0aad01003a000f00000000012b000000
2734,248,256,1,0,17,0aae010025000f0000000000eb000000
2735,2015,256,1,0,17,0aaf01004500130000000007d2000000
2736,310,256,1,0,17,0ab001003b000f000000000129000000
2737,274,256,1,0,17,0ab101002b000f000000000105000000
2738,320,256,1,0,17,0ab201003b000f000000000133000000
2739,311,256,1,0,17,0ab301003b000f00000000012a000000
2740,256,256,1,0,17,0ab401003c000f0000000000f3000000
2741,306,256,1,0,17,0ab501003b000f000000000125000000
2742,346,256,1,0,17,0ab601004a000f00000000014d000000
2743,244,256,1,0,17,0ab7010025000f0000000000e7000000
2744,316,256,1,0,17,0ab801003b000f00000000012f000000
2745,384,256,1,0,17,0ab9010067000f000000000173000000
2746,298,256,1,0,17,0aba01003b000f00000000011d000000
2747,301,256,1,0,17,0abb01003a000f000000000120000000
2748,301,256,1,0,17,0abc01003a000f000000000120000000
2749,1569,256,1,0,17,0abd0100300030000000000614000000
2750,306,256,1,0,17,0abe01003b000f000000000125000000
2751,258,256,1,0,17,0abf01003c000f0000000000f5000000
2752,231,256,1,0,17,0ac001002c000f0000000000da000000
2753,317,256,1,0,17,0ac101003b000f000000000130000000
2754,310,256,1,0,17,0ac201003a000f000000000129000000
2755,260,256,1,0,17,0ac301003c000f0000000000f7000000
2756,298,256,1,0,17,0ac401003b000f00000000011d000000
2757,318,256,1,0,17,0ac5010039000f000000000131000000
2758,322,256,1,0,17,0ac601003b000f000000000135000000
2759,307,256,1,0,17,0ac701003b000f000000000126000000
2760,1378,256,1,0,17,0ac80100240013000000000555000000
2761,285,256,1,0,17,0ac901003b000f000000000110000000
2762,2055,256,1,0,17,0aca01004500130000000007fa000000
2763,258,256,1,0,17,0acb010025000f0000000000f5000000
2764,282,256,1,0,17,0acc01003c000f00000000010d000000
2765,294,256,1,0,17,0acd01003b000f000000000119000000
2766,316,256,1,0,17,0ace01003b000f00000000012f000000
2767,318,256,1,0,17,0acf01003b000f000000000131000000
2768,266,256,1,0,17,0ad001003c000f0000000000fd000000
2769,265,256,1,0,17,0ad101003b000f0000000000fc000000
2770,307,256,1,0,17,0ad201003b000f000000000126000000
2771,310,256,1,0,17,0ad301003b000f000000000129000000
2772,276,256,1,0,17,0ad401003c000f000000000107000000
2773,291,256,1,0,17,0ad501003b000f000000000116000000
2774,313,256,1,0,17,0ad601003b000f00000000012c000000
2775,319,256,1,0,17,0ad701003b000f000000000132000000
2776,313,256,1,0,17,0ad801003a000f00000000012c000000
2777,302,256,1,0,17,0ad901003b000f000000000121000000
2778,348,256,1,0,17,0ada01004a000f00000000014f000000
2779,343,256,1,0,17,0adb01004a000f00000000014a000000
2780,340,256,1,0,17,0adc01004a000f000000000147000000
2781,344,256,1,0,17,0add01004a000f00000000014b000000
2782,263,256,1,0,17,0ade01003c000f0000000000fa000000
2783,316,256,1,0,17,0adf01003b000f00000000012f000000
2784,261,256,1,0,17,0ae001003c000f0000000000f8000000
2785,313,256,1,0,17,0ae101003b000f00000000012c000000
2786,259,256,1,0,17,0ae201003c000f0000000000f6000000
2787,318,256,1,0,17,0ae301003b000f000000000131000000
2788,204,256,1,0,17,0ae4010026000f0000000000bf000000
2789,287,256,1,0,17,0ae501003b000f000000000112000000
2790,245,256,1,0,17,0ae601003c000f0000000000e8000000
2791,304,256,1,0,17,0ae701003a000f000000000123000000
2792,274,256,1,0,17,0ae801003c000f000000000105000000
2793,272,256,1,0,17,0ae901003c000f000000000103000000
2794,302,256,1,0,17,0aea01003b000f000000000121000000
2795,318,256,1,0,17,0aeb01003b000f000000000131000000
2796,304,256,1,0,17,0aec01003b000f000000000123000000
2797,2164,256,1,0,17,0aed0100460013000000000867000000
2798,311,256,1,0,17,0aee01003b000f00000000012a000000
2799,308,256,1,0,17,0aef01003b000f000000000127000000
2800,309,256,1,0,17,0af001003b000f000000000128000000
2801,259,256,1,0,17,0af101003c000f0000000000f6000000
2802,441,256,1,0,17,0af201003b00100000000001ac000000
2803,305,256,1,0,17,0af301003b000f000000000124000000
2804,366,256,1,0,17,0af4010058000f000000000161000000
2805,295,256,1,0,17,0af501004a000f00000000011a000000
2806,375,256,1,0,17,0af6010058000f00000000016a000000
2807,2166,256,1,0,17,0af70100460013000000000869000000
2808,308,256,1,0,17,0af801003b000f000000000127000000
2809,427,256,1,0,17,0af9010076000f00000000019e000000
2810,344,256,1,0,17,0afa01004a000f00000000014b000000
2811,313,256,1,0,17,0afb01003b000f00000000012c000000
2812,252,256,1,0,17,0afc01003c000f0000000000ef000000
2813,301,256,1,0,17,0afd01003b000f000000000120000000
2814,364,256,1,0,17,0afe010057000f00000000015f000000
2815,294,256,1,0,17,0aff01003b000f000000000119000000
2816,306,256,1,0,17,0b0001003b000f000000000125000000
2817,310,256,1,0,17,0b0101003b000f000000000129000000
2818,318,256,1,0,17,0b0201003b000f000000000131000000
2819,311,256,1,0,17,0b0301003b000f00000000012a000000
2820,292,256,1,0,17,0b0401003b000f000000000117000000
2821,290,256,1,0,17,0b0501003b000f000000000115000000
2822,288,256,1,0,17,0b0601003a000f000000000113000000
2823,203,256,1,0,17,0b07010026000f0000000000be000000
2824,244,256,1,0,17,0b08010025000f0000000000e7000000
2825,300,256,1,0,17,0b0901003b000f00000000011f000000
2826,361,256,1,0,17,0b0a010012001200000000015c000000
2827,303,256,1,0,17,0b0b01003b000f000000000122000000
2828,320,256,1,0,17,0b0c01003b000f000000000133000000
2829,297,256,1,0,17,0b0d01003b000f00000000011c000000
2830,241,256,1,0,17,0b0e010025000f0000000000e4000000
2831,268,256,1,0,17,0b0f01003c000f0000000000ff000000
2832,321,256,1,0,17,0b1001003b000f000000000134000000
2833,260,256,1,0,17,0b11010025000f0000000000f7000000
2834,252,256,1,0,17,0b12010025000f0000000000ef000000
2835,307,256,1,0,17,0b1301003a000f000000000126000000
2836,289,256,1,0,17,0b14010039000f000000000114000000
2837,333,256,1,0,17,0b1501004a000f000000000140000000
2838,254,256,1,0,17,0b16010025000f0000000000f1000000
2839,316,256,1,0,17,0b1701003b000f00000000012f000000
2840,251,256,1,0,17,0b18010025000f0000000000ee000000
2841,306,256,1,0,17,0b1901003a000f000000000125000000
2842,204,256,1,0,17,0b1a010026000f0000000000bf000000
2843,130,256,1,0,17,0b1b01000f000f000000000075000000
2844,138,256,1,0,17,0b1c01000f000f00000000007d000000
2845,157,256,1,0,17,0b1d01000f000e000000000090000000
2846,154,256,1,0,17,0b1e01000f000f00000000008d000000
2847,309,256,1,0,17,0b1f01003b000f000000000128000000
2848,216,256,1,0,17,0b20010026000f0000000000cb000000
2849,441,256,1,0,17,0b21010076000f0000000001ac000000
2850,307,256,1,0,17,0b2201003b000f000000000126000000
2851,256,256,1,0,17,0b2301003c000f0000000000f3000000
2852,241,256,1,0,17,0b24010024000f0000000000e4000000
2853,287,256,1,0,17,0b25010039000f000000000112000000
2854,308,256,1,0,17,0b2601003b000f000000000127000000
2855,313,256,1,0,17,0b2701003b000f00000000012c000000
2856,311,256,1,0,17,0b2801003b000f00000000012a000000
2857,361,256,1,0,17,0b29010058000f00000000015c000000
2858,363,256,1,0,17,0b2a010058000f00000000015e000000
2859,201,256,1,0,17,0b2b010025000f0000000000bc000000
2860,295,256,1,0,17,0b2c01003b000f00000000011a000000
2861,258,256,1,0,17,0b2d01003c000f0000000000f5000000
2862,247,256,1,0,17,0b2e010025000f0000000000ea000000
2863,320,256,1,0,17,0b2f01003b000f000000000133000000
2864,310,256,1,0,17,0b3001003b000f000000000129000000
2865,246,256,1,0,17,0b31010025000f0000000000e9000000
2866,296,256,1,0,17,0b3201003b000f00000000011b000000
2867,291,256,1,0,17,0b3301003b000f000000000116000000
2868,270,256,1,0,17,0b3401003a000f000000000101000000
2869,301,256,1,0,17,0b3501003b000f000000000120000000
2870,342,256,1,0,17,0b36010058000f000000000149000000
2871,262,256,1,0,17,0b3701003c000f0000000000f9000000
2872,305,256,1,0,17,0b3801003a000f000000000124000000
2873,246,256,1,0,17,0b39010025000f0000000000e9000000
2874,298,256,1,0,17,0b3a01003a000f00000000011d000000
2875,317,256,1,0,17,0b3b01003b000f000000000130000000
2876,318,256,1,0,17,0b3c01003b000f000000000131000000
2877,339,256,1,0,17,0b3d01004a000f000000000146000000
2878,297,256,1,0,17,0b3e01003b000f00000000011c000000
2879,328,256,1,0,17,0b3f010049000f00000000013b000000
2880,365,256,1,0,17,0b40010058000f000000000160000000
2881,294,256,1,0,17,0b4101003b000f000000000119000000
2882,308,256,1,0,17,0b4201003b000f000000000127000000
2883,308,256,1,0,17,0b4301003b000f000000000127000000
2884,312,256,1,0,17,0b4401003b000f00000000012b000000
2885,318,256,1,0,17,0b4501003b000f000000000131000000
2886,319,256,1,0,17,0b4601003b000f000000000132000000
2887,253,256,1,0,17,0b47010025000f0000000000f0000000
2888,320,256,1,0,17,0b4801003a000f000000000133000000
2889,289,256,1,0,17,0b4901003b000f000000000114000000
2890,267,256,1,0,17,0b4a01003c000f0000000000fe000000
2891,208,256,1,0,17,0b4b010026000f0000000000c3000000
2892,234,256,1,0,17,0b4c01002d000f0000000000dd000000
2893,305,256,1,0,17,0b4d01003b000f000000000124000000
2894,308,256,1,0,17,0b4e01003b000f000000000127000000
2895,284,256,1,0,17,0b4f01003b000f00000000010f000000
2896,312,256,1,0,17,0b5001003b000f00000000012b000000
2897,390,256,1,0,17,0b51010067000f000000000179000000
2898,244,256,1,0,17,0b52010025000f0000000000e7000000
2899,199,256,1,0,17,0b53010025000f0000000000ba000000
2900,304,256,1,0,17,0b5401003b000f000000000123000000
2901,318,256,1,0,17,0b5501003b000f000000000131000000
2902,303,256,1,0,17,0b5601003b000f000000000122000000
2903,311,256,1,0,17,0b5701003b000f00000000012a000000
2904,300,256,1,0,17,0b5801003b000f00000000011f000000
2905,375,256,1,0,17,0b59010058000f00000000016a000000
2906,300,256,1,0,17,0b5a01003b000f00000000011f000000
2907,339,256,1,0,17,0b5b01004a000f000000000146000000
2908,316,256,1,0,17,0b5c01003a000f00000000012f000000
2909,437,256,1,0,17,0b5d010076000f0000000001a8000000
2910,300,256,1,0,17,0b5e01003b000f00000000011f000000
2911,305,256,1,0,17,0b5f01003b000f000000000124000000
2912,184,256,1,0,17,0b60010025000f0000000000ab000000
2913,301,256,1,0,17,0b6101003a000f000000000120000000
2914,286,256,1,0,17,0b6201003a000f000000000111000000
2915,309,256,1,0,17,0b6301003b000f000000000128000000
2916,310,256,1,0,17,0b6401003b000f000000000129000000
2917,251,256,1,0,17,0b65010025000f0000000000ee000000
2918,244,256,1,0,17,0b66010025000f0000000000e7000000
2919,254,256,1,0,17,0b6701003a000f0000000000f1000000
2920,253,256,1,0,17,0b6801003a000f0000000000f0000000
2921,366,256,1,0,17,0b69010058000f000000000161000000
2922,328,256,1,0,17,0b6a010046001200000000013b000000
2923,262,256,1,0,17,0b6b01002d00120000000000f9000000
2924,264,256,1,0,17,0b6c01002d00120000000000fb000000
2925,264,256,1,0,17,0b6d01002d00120000000000fb000000
2926,254,256,1,0,17,0b6e01002e00120000000000f1000000
2927,317,256,1,0,17,0b6f0100460012000000000130000000
2928,262,256,1,0,17,0b7001002d00120000000000f9000000
2929,337,256,1,0,17,0b710100460012000000000144000000
2930,271,256,1,0,17,0b7201002d0012000000000102000000
2931,253,256,1,0,17,0b7301002d00120000000000f0000000
2932,262,256,1,0,17,0b7401002d00120000000000f9000000
2933,246,256,1,0,17,0b7501002d00120000000000e9000000
2934,254,256,1,0,17,0b7601002d00120000000000f1000000
2935,251,256,1,0,17,0b7701002d00120000000000ee000000
2936,255,256,1,0,17,0b7801002d00120000000000f2000000
2937,259,256,1,0,17,0b7901002d00120000000000f6000000
2938,244,256,1,0,17,0b7a01002d00120000000000e7000000
2939,248,256,1,0,17,0b7b01002d00120000000000eb000000
2940,246,256,1,0,17,0b7c01002d00120000000000e9000000
2941,262,256,1,0,17,0b7d01002d00120000000000f9000000
2942,238,256,1,0,17,0b7e01002e00120000000000e1000000
2943,252,256,1,0,17,0b7f01002d00120000000000ef000000
2944,252,256,1,0,17,0b8001002d00120000000000ef000000
2945,257,256,1,0,17,0b8101002d00120000000000f4000000
2946,258,256,1,0,17,0b8201002d00120000000000f5000000
2947,263,256,1,0,17,0b8301002d00120000000000fa000000
2948,251,256,1,0,17,0b8401002d00120000000000ee000000
2949,266,256,1,0,17,0b8501002d00120000000000fd000000
2950,268,256,1,0,17,0b8601002d00120000000000ff000000
2951,339,256,1,0,17,0b870100460012000000000146000000
2952,349,256,1,0,17,0b880100460012000000000150000000
2953,310,256,1,0,17,0b890100460012000000000129000000
2954,335,256,1,0,17,0b8a0100460012000000000142000000
2955,334,256,1,0,17,0b8b0100460012000000000141000000
2956,353,256,1,0,17,0b8c0100460012000000000154000000
2957,252,256,1,0,17,0b8d01002d00120000000000ef000000
2958,347,256,1,0,17,0b8e010046001200000000014e000000
2959,255,256,1,0,17,0b8f01002d00120000000000f2000000
2960,342,256,1,0,17,0b900100460012000000000149000000
2961,226,256,1,0,17,0b9101002d00120000000000d5000000
2962,330,256,1,0,17,0b92010046001200000000013d000000
2963,344,256,1,0,17,0b93010045001200000000014b000000
2964,341,256,1,0,17,0b940100460012000000000148000000
2965,265,256,1,0,17,0b9501002d00120000000000fc000000
2966,250,256,1,0,17,0b9601002d00120000000000ed000000
2967,265,256,1,0,17,0b9701002d00120000000000fc000000
2968,250425,260,1,0,129,0b9801046700720e0000000000a10039
2969,6,1542,0,0,-1,0b990606f103
2970,6,1542,0,0,-1,0b9a0606f104
2971,6,1542,0,0,-1,0b9b0606f105
2972,6,1542,0,0,-1,0b9c0606f106
2973,6,1542,0,0,-1,0b9d0606f107
2974,6,1542,0,0,-1,0b9e0606f108
2975,21222,256,1,0,17,0b9f0100c800d60000000052d9000000
2976,6,1542,0,0,-1,0ba00606f109
2977,6,1547,0,0,-1,0ba1060b9800
2978,6,1547,0,0,-1,0ba2060b9801
2979,6,1547,0,0,-1,0ba3060b9802
2980,6,1547,0,0,-1,0ba4060b9803
2981,6,1547,0,0,-1,0ba5060b9804
2983,6,1547,0,0,-1,0ba7060b9805
2984,6,1547,0,0,-1,0ba8060b9806
2985,6,1547,0,0,-1,0ba9060b9807
2986,6,1547,0,0,-1,0baa060b9808
2987,6,1547,0,0,-1,0bab060b9809
2988,6,1547,0,0,-1,0bac060b980a
2989,6,1547,0,0,-1,0bad060b980b
2990,251,256,1,0,17,0bae01002d00120000000000ee000000
2991,330,256,1,0,17,0baf010046001200000000013d000000
2992,6,1547,0,0,-1,0bb0060b980c
2993,340,256,1,0,17,0bb10100460012000000000147000000
2994,355,256,1,0,17,0bb20100460012000000000156000000
2995,6,1547,0,0,-1,0bb3060b980d
2996,315,256,1,0,17,0bb4010046001200000000012e000000
2997,328,256,1,0,17,0bb5010046001200000000013b000000
2998,1768,256,1,0,17,0bb601002d00160000000006db000000
2999,1841,256,1,0,17,0bb701002d0016000000000724000000
3000,1817,256,1,0,17,0bb801002e001600000000070c000000
3001,1777,256,1,0,17,0bb901002d00140000000006e4000000
3002,172290,259,1,0,129,0bba0103d400620e00000000008c0031
3003,6,1545,0,0,-1,0bbb06097b07
3004,6,1545,0,0,-1,0bbc06097b08
3005,6,1545,0,0,-1,0bbd06097b09
3006,6,1545,0,0,-1,0bbe06097b0a
3007,6,1545,0,0,-1,0bbf06097b0b
3008,6,1545,0,0,-1,0bc006097b01
3009,6,1545,0,0,-1,0bc106097b02
3010,6,1545,0,0,-1,0bc206097b03
3011,6,1545,0,0,-1,0bc306097b04
3012,6,1545,0,0,-1,0bc406097b05
3013,6,1545,0,0,-1,0bc506097b06
3014,6,1545,0,0,-1,0bc606097b07
3015,6,1545,0,0,-1,0bc706097b08
3016,6,1545,0,0,-1,0bc806097b09
3017,6,1545,0,0,-1,0bc906097b0a
3018,6,1542,0,0,-1,0bca0606f10a
3019,6,1542,0,0,-1,0bcb0606f10b
3020,6,1542,0,0,-1,0bcc0606f10c
3021,6,1542,0,0,-1,0bcd0606f10d
3022,6,1547,0,0,-1,0bce060bba00
3023,6,1547,0,0,-1,0bcf060bba01
3024,6,1547,0,0,-1,0bd0060bba02
3027,6,1547,0,0,-1,0bd3060bba03
3028,6,1547,0,0,-1,0bd4060bba04
3029,6,1547,0,0,-1,0bd5060bba05
3030,103,768,0,0,-1,0bd60300640108001400140008000800
3033,22261,256,1,0,25,0bd90100650068010000000000640068
3034,6,1547,0,0,-1,0bda060bba06
3035,6,1547,0,0,-1,0bdb060bba07
3036,62,768,0,0,-1,0bdc0300640201009c0069000c006900
3037,1337,256,1,0,17,0bdd010030003000000000052c000000
3038,1550,256,1,0,17,0bde0100300030000000000601000000
3039,1474,256,1,0,17,0bdf01003000300000000005b5000000
3040,1712,256,1,0,17,0be001003000300000000006a3000000
3041,1870,256,1,0,17,0be10100300030000000000741000000
3042,1961,256,1,0,17,0be2010030003000000000079c000000
3043,1595,256,1,0,17,0be3010030003000000000062e000000
3044,1956,256,1,0,17,0be40100300030000000000797000000
3045,1833,256,1,0,17,0be5010030003000000000071c000000
3046,2014,256,1,0,17,0be601003000300000000007d1000000
3047,1939,256,1,0,17,0be70100300030000000000786000000
3048,2035,256,1,0,17,0be801003000300000000007e6000000
3049,1219,256,1,0,17,0be901002000200000000004b6000000
3050,1247,256,1,0,17,0bea01002000200000000004d2000000
3051,1030,256,1,0,17,0beb01002000200000000003f9000000
3052,1099,256,1,0,17,0bec010020002000000000043e000000
3053,1026,256,1,0,17,0bed01002000200000000003f5000000
3054,1148,256,1,0,17,0bee010020002000000000046f000000
3055,1202,256,1,0,17,0bef01002000200000000004a5000000
3056,1244,256,1,0,17,0bf001002000200000000004cf000000
3057,1160,256,1,0,17,0bf1010020002000000000047b000000
3058,1227,256,1,0,17,0bf201002000200000000004be000000
3059,1200,256,1,0,17,0bf301002000200000000004a3000000
3060,1244,256,1,0,17,0bf401002000200000000004cf000000
3061,342,256,1,0,17,0bf50100460012000000000149000000
3062,312,256,1,0,17,0bf601003b000f00000000012b000000
3063,269,256,1,0,17,0bf701003c000f000000000100000000
3064,267,256,1,0,17,0bf801003c000f0000000000fe000000
3065,312,256,1,0,17,0bf901003b000f00000000012b000000
3066,349,256,1,0,17,0bfa0100460012000000000150000000
3067,331,256,1,0,17,0bfb010046001200000000013e000000
3068,343,256,1,0,17,0bfc010046001200000000014a000000
3069,349,256,1,0,17,0bfd0100460012000000000150000000
3070,2021,256,1,0,17,0bfe01003000300000000007d8000000
3071,2054,256,1,0,17,0bff01003000300000000007f9000000
3072,2073,256,1,0,17,0c00010030003000000000080c000000
3073,1972,256,1,0,17,0c0101003000300000000007a7000000
3074,2021,256,1,0,17,0c0201003000300000000007d8000000
3075,377,256,1,0,17,0c03010058000f00000000016c000000
3076,200,256,1,0,17,0c04010026000f0000000000bb000000
3077,144,256,1,0,33,0c0501002d0012020000000000190012
3078,6,1548,0,0,-1,0c06060c0500
3079,6,1548,0,0,-1,0c07060c0501
3080,567,256,1,0,17,0c0801003c001000000000022a000000
3081,924,256,1,0,17,0c09010044001100000000038f000000
3082,833,256,1,0,17,0c0a0100440011000000000334000000
3083,836,256,1,0,17,0c0b0100440011000000000337000000
3084,865,256,1,0,17,0c0c0100440011000000000354000000
3085,902,256,1,0,17,0c0d0100440011000000000379000000
3086,926,256,1,0,17,0c0e0100440011000000000391000000
3087,835,256,1,0,17,0c0f0100440011000000000336000000
3088,326,256,1,0,17,0c100100460012000000000139000000
3089,2123,256,1,0,17,0c11010047001200000000083e000000
3090,2123,256,1,0,17,0c12010047001200000000083e000000
3091,2118,256,1,0,17,0c130100470013000000000839000000
3092,2118,256,1,0,17,0c140100470013000000000839000000
3093,1560,256,1,0,17,0c15010027001400000000060b000000
3094,1560,256,1,0,17,0c16010027001400000000060b000000
3095,2117,256,1,0,17,0c170100450015000000000838000000
3096,2117,256,1,0,17,0c180100450015000000000838000000
3097,2259,256,1,0,17,0c1901004700130000000008c6000000
3098,2259,256,1,0,17,0c1a01004700130000000008c6000000
3099,2023,256,1,0,17,0c1b01004600150000000007da000000
3100,2023,256,1,0,17,0c1c01004600150000000007da000000
3101,1515,256,1,0,17,0c1d01002800120000000005de000000
3102,1515,256,1,0,17,0c1e01002800120000000005de000000
3103,2163,256,1,0,17,0c1f0100470013000000000866000000
3104,2163,256,1,0,17,0c200100470013000000000866000000
3105,1529,256,1,0,17,0c2101002900130000000005ec000000
3106,1529,256,1,0,17,0c2201002900130000000005ec000000
3107,308,256,1,0,17,0c2301003b000f000000000127000000
3108,296,256,1,0,17,0c2401003b000f00000000011b000000
3109,303,256,1,0,17,0c2501003a000f000000000122000000
3110,356,256,1,0,17,0c26010058000f000000000157000000
3111,308,256,1,0,17,0c2701003b000f000000000127000000
3112,293,256,1,0,17,0c2801003a000f000000000118000000
3113,366,256,1,0,17,0c29010057000f000000000161000000
3114,303,256,1,0,17,0c2a01003b000f000000000122000000
3115,316,256,1,0,17,0c2b01003b000f00000000012f000000
3116,297,256,1,0,17,0c2c01003a000f00000000011c000000
3117,310,256,1,0,17,0c2d01003b000f000000000129000000
3118,248,256,1,0,17,0c2e010025000f0000000000eb000000
3119,310,256,1,0,17,0c2f01003b000f000000000129000000
3120,289,256,1,0,17,0c3001003b000f000000000114000000
3121,272,256,1,0,17,0c3101003b000f000000000103000000
3122,286,256,1,0,17,0c3201003b000f000000000111000000
3123,301,256,1,0,17,0c3301003b000f000000000120000000
3124,302,256,1,0,17,0c3401003b000f000000000121000000
3125,209,256,1,0,17,0c35010026000f0000000000c4000000
3126,305,256,1,0,17,0c3601003b000f000000000124000000
3127,288,256,1,0,17,0c3701003b000f000000000113000000
3128,317,256,1,0,17,0c3801003b000f000000000130000000
3129,208,256,1,0,17,0c39010026000f0000000000c3000000
3130,193,256,1,0,17,0c3a010026000f0000000000b4000000
3131,247,256,1,0,17,0c3b010025000f0000000000ea000000
3132,311,256,1,0,17,0c3c01003b000f00000000012a000000
3133,315,256,1,0,17,0c3d01003b000f00000000012e000000
3134,310,256,1,0,17,0c3e01003b000f000000000129000000
3135,213,256,1,0,17,0c3f01002d000f0000000000c8000000
3136,297,256,1,0,17,0c4001003b000f00000000011c000000
3137,311,256,1,0,17,0c4101003b000f00000000012a000000
3138,308,256,1,0,17,0c4201003a000f000000000127000000
3139,296,256,1,0,17,0c4301003a000f00000000011b000000
3140,367,256,1,0,17,0c44010058000f000000000162000000
3141,304,256,1,0,17,0c4501003a000f000000000123000000
3147,6,1547,0,0,-1,0c4b060bba08
3148,6,1547,0,0,-1,0c4c060bba09
3150,766,256,1,0,17,0c4e01004300130000000002f1000000
3151,1058,256,1,0,17,0c4f01005e0014000000000415000000
3152,1053,256,1,0,17,0c5001005e0014000000000410000000
3153,2050,256,1,0,17,0c5101003000300000000007f5000000
3154,2207,256,1,0,17,0c520100300030000000000892000000
3155,2288,256,1,0,17,0c5301003000300000000008e3000000
3156,2274,256,1,0,17,0c5401003000300000000008d5000000
3157,2091,256,1,0,17,0c55010030003000000000081e000000
3158,2240,256,1,0,17,0c5601003000300000000008b3000000
3159,2082,256,1,0,17,0c570100300030000000000815000000
3160,2073,256,1,0,17,0c58010030003000000000080c000000
3161,2057,256,1,0,17,0c5901003000300000000007fc000000
3162,2073,256,1,0,17,0c5a010030003000000000080c000000
3163,2097,256,1,0,17,0c5b0100300030000000000824000000
3164,2123,256,1,0,17,0c5c010030003000000000083e000000
3165,1928,256,1,0,17,0c5d010030003000000000077b000000
3166,1937,256,1,0,17,0c5e0100300030000000000784000000
3167,2020,256,1,0,17,0c5f01003000300000000007d7000000
3168,2020,256,1,0,17,0c6001003000300000000007d7000000
3169,2072,256,1,0,17,0c61010030003000000000080b000000
3170,2072,256,1,0,17,0c62010030003000000000080b000000
3171,1965,256,1,0,17,0c6301003000300000000007a0000000
3172,2184,256,1,0,17,0c64010030003000000000087b000000
3173,2242,256,1,0,17,0c6501003000300000000008b5000000
3174,2136,256,1,0,17,0c66010030003000000000084b000000
3175,2093,256,1,0,17,0c670100300030000000000820000000
3176,2023,256,1,0,17,0c6801003000300000000007da000000
3177,1241,256,1,0,17,0c6901002000200000000004cc000000
3178,1222,256,1,0,17,0c6a01002000200000000004b9000000
3179,1226,256,1,0,17,0c6b01002000200000000004bd000000
3180,1247,256,1,0,17,0c6c01002000200000000004d2000000
3181,1267,256,1,0,17,0c6d01002000200000000004e6000000
3182,1222,256,1,0,17,0c6e01002000200000000004b9000000
3183,1282,256,1,0,17,0c6f01002000200000000004f5000000
3184,1324,256,1,0,17,0c70010020002000000000051f000000
3185,1259,256,1,0,17,0c7101002000200000000004de000000
3186,1287,256,1,0,17,0c7201002000200000000004fa000000
3187,1326,256,1,0,17,0c730100200020000000000521000000
3188,1268,256,1,0,17,0c7401002000200000000004e7000000
3189,1273,256,1,0,17,0c7501002000200000000004ec000000
3190,1262,256,1,0,17,0c7601002000200000000004e1000000
3191,1252,256,1,0,17,0c7701002000200000000004d7000000
3192,270,256,1,0,17,0c7801003a000f000000000101000000
3193,259,256,1,0,17,0c79010025000f0000000000f6000000
3194,352,256,1,0,17,0c7a010058000f000000000153000000
3195,365,256,1,0,17,0c7b010058000f000000000160000000
3196,246,256,1,0,17,0c7c010025000f0000000000e9000000
3197,243,256,1,0,17,0c7d010025000f0000000000e6000000
3198,583,256,1,0,17,0c7e010078000f00000000023a000000
3199,1304,256,1,0,17,0c7f010020002000000000050b000000
3200,1937,256,1,0,17,0c800100300030000000000784000000
3201,1832,256,1,0,17,0c8101003f001200000000071b000000
3202,2181,256,1,0,17,0c820100450013000000000878000000
3203,2181,256,1,0,17,0c830100450013000000000878000000
3204,205,256,1,0,17,0c84010026000f0000000000c0000000
3205,303,256,1,0,17,0c8501003b000f000000000122000000
3206,276,256,1,0,17,0c86010039000f000000000107000000
3207,370,256,1,0,17,0c87010057000f000000000165000000
3208,292,256,1,0,17,0c8801003b000f000000000117000000
3209,310,256,1,0,17,0c8901003b000f000000000129000000
3210,298,256,1,0,17,0c8a01003a000f00000000011d000000
3211,283,256,1,0,17,0c8b01003b000f00000000010e000000
3212,311,256,1,0,17,0c8c01003b000f00000000012a000000
3213,301,256,1,0,17,0c8d01003a000f000000000120000000
3214,301,256,1,0,17,0c8e01003b000f000000000120000000
3215,305,256,1,0,17,0c8f01003a000f000000000124000000
3216,300,256,1,0,17,0c9001003a000f00000000011f000000
3217,310,256,1,0,17,0c9101003b000f000000000129000000
3218,310,256,1,0,17,0c9201003b000f000000000129000000
3219,284,256,1,0,17,0c9301003a000f00000000010f000000
3220,315,256,1,0,17,0c9401003b000f00000000012e000000
3221,730,256,1,0,17,0c9501005500120000000002cd000000
3222,250,256,1,0,17,0c96010025000f0000000000ed000000
3223,356,256,1,0,17,0c97010058000f000000000157000000
3224,365,256,1,0,17,0c98010058000f000000000160000000
3225,307,256,1,0,17,0c9901003b000f000000000126000000
3226,2019,256,1,0,17,0c9a01004500140000000007d6000000
3227,3036,256,1,0,17,0c9b0100790015000000000bcf000000
3228,3036,256,1,0,17,0c9c0100790015000000000bcf000000
3229,2019,256,1,0,17,0c9d01004500140000000007d6000000
3230,262,256,1,0,17,0c9e01002d00120000000000f9000000
3231,1487,256,1,0,17,0c9f01002800130000000005c2000000
3232,1487,256,1,0,17,0ca001002800130000000005c2000000
3233,1441,256,1,0,17,0ca10100620014000000000594000000
3234,1401,256,1,0,17,0ca2010062001400000000056c000000
3235,1432,256,1,0,17,0ca3010062001400000000058b000000
3236,1438,256,1,0,17,0ca40100620014000000000591000000
3237,1476,256,1,0,17,0ca501006200140000000005b7000000
3238,1394,256,1,0,17,0ca60100620014000000000565000000
3239,62790,257,1,0,25,0ca70101b00180010000000001b00180
3240,42572,257,1,0,25,0ca80101200180010000000001200180
3241,73598,257,1,0,33,0ca90101e00180020000000001e00180
3242,65704,257,1,0,25,0caa0101b00180010000000001b00180
3243,6,1548,0,0,-1,0cab060ca800
3244,6,1548,0,0,-1,0cac060caa00
3245,6,1548,0,0,-1,0cad060ca700
3246,6,1548,0,0,-1,0cae060ca900
3247,6,1548,0,0,-1,0caf060ca901
3248,293,256,1,0,17,0cb001003b000f000000000118000000
3249,296,256,1,0,17,0cb101003b000f00000000011b000000
3250,209,256,1,0,17,0cb2010026000f0000000000c4000000
3251,257,256,1,0,17,0cb3010025000f0000000000f4000000
3252,313,256,1,0,17,0cb401003b000f00000000012c000000
3253,312,256,1,0,17,0cb501003b000f00000000012b000000
3254,206,256,1,0,17,0cb6010026000f0000000000c1000000
3255,252,256,1,0,17,0cb7010025000f0000000000ef000000
3256,225,256,1,0,17,0cb8010025000f0000000000d4000000
3257,260,256,1,0,17,0cb9010025000f0000000000f7000000
3258,315,256,1,0,17,0cba01003b000f00000000012e000000
3259,307,256,1,0,17,0cbb01003b000f000000000126000000
3260,205,256,1,0,17,0cbc010026000f0000000000c0000000
3261,337,256,1,0,17,0cbd01004a000f000000000144000000
3262,480,256,1,0,17,0cbe01009a000f0000000001d3000000
3263,300,256,1,0,17,0cbf01003a000f00000000011f000000
3264,301,256,1,0,17,0cc001003b000f000000000120000000
3265,259,256,1,0,17,0cc101003c000f0000000000f6000000
3266,494,256,1,0,17,0cc201009b000f0000000001e1000000
3267,513,256,1,0,17,0cc301009b000f0000000001f4000000
3268,309,256,1,0,17,0cc401003b000f000000000128000000
3269,271,256,1,0,17,0cc501003c000f000000000102000000
3270,267,256,1,0,17,0cc601003b000f0000000000fe000000
3271,234,256,1,0,17,0cc7010025000f0000000000dd000000
3272,313,256,1,0,17,0cc801003b000f00000000012c000000
3273,289,256,1,0,17,0cc901003a000f000000000114000000
3274,313,256,1,0,17,0cca01003b000f00000000012c000000
3275,1418,256,1,0,17,0ccb010023001400000000057d000000
3276,1418,256,1,0,17,0ccc010023001400000000057d000000
3277,262,256,1,0,17,0ccd01002d00120000000000f9000000
3278,241,256,1,0,17,0cce01002d00120000000000e4000000
3279,315,256,1,0,17,0ccf01003b000f00000000012e000000
3280,233,256,1,0,17,0cd001002d000f0000000000dc000000
3281,208,256,1,0,17,0cd1010026000f0000000000c3000000
3282,379,256,1,0,17,0cd2010058000f00000000016e000000
3283,371,256,1,0,17,0cd3010058000f000000000166000000
3284,370,256,1,0,17,0cd4010058000f000000000165000000
3285,346,256,1,0,17,0cd501004a000f00000000014d000000
3286,315,256,1,0,17,0cd601003b000f00000000012e000000
3287,2204,256,1,0,17,0cd7010049001400000000088f000000
3288,2204,256,1,0,17,0cd8010049001400000000088f000000
3289,319,256,1,0,17,0cd901003b000f000000000132000000
3290,269,256,1,0,17,0cda01003c000f000000000100000000
3291,303,256,1,0,17,0cdb01003a000f000000000122000000
3292,322,256,1,0,17,0cdc0100460012000000000135000000
3293,303,256,1,0,17,0cdd01003b000f000000000122000000
3294,598,256,1,0,17,0cde010079000f000000000249000000
3295,269,256,1,0,17,0cdf01003c000f000000000100000000
3296,317,256,1,0,17,0ce001003b000f000000000130000000
3297,304,256,1,0,17,0ce101003a000f000000000123000000
3298,202,256,1,0,17,0ce2010026000f0000000000bd000000
3299,462,256,1,0,17,0ce3010084000f0000000001c1000000
3300,268,256,1,0,17,0ce401003c000f0000000000ff000000
3301,358,256,1,0,17,0ce5010058000f000000000159000000
3302,300,256,1,0,17,0ce601003b000f00000000011f000000
3303,300,256,1,0,17,0ce701003b000f00000000011f000000
3304,253,256,1,0,17,0ce8010025000f0000000000f0000000
3305,369,256,1,0,17,0ce9010058000f000000000164000000
3306,287,256,1,0,17,0cea01003b000f000000000112000000
3307,248,256,1,0,17,0ceb010025000f0000000000eb000000
3308,263,256,1,0,17,0cec010025000f0000000000fa000000
3309,531,256,1,0,17,0ced010065000f000000000206000000
3310,2050,256,1,0,17,0cee01004800140000000007f5000000
3311,2050,256,1,0,17,0cef01004800140000000007f5000000
3312,2022,256,1,0,17,0cf001004800140000000007d9000000
3313,2022,256,1,0,17,0cf101004800140000000007d9000000
3314,438,256,1,0,17,0cf2010060000e0000000001a9000000
3315,316,256,1,0,17,0cf3010046001200000000012f000000
3316,239,256,1,0,17,0cf401002d00120000000000e2000000
3317,875,256,1,0,17,0cf5010016001200000000035e000000
3318,251,256,1,0,17,0cf601002d00120000000000ee000000
3319,314,256,1,0,17,0cf701003a000f00000000012d000000
3320,501,256,1,0,17,0cf801002600120000000001e8000000
3321,961,256,1,0,17,0cf901002200100000000003b4000000
3322,465,256,1,0,17,0cfa010084000f0000000001c4000000
3323,450,256,1,0,17,0cfb010084000f0000000001b5000000
3324,396,256,1,0,17,0cfc010067000f00000000017f000000
3325,6,1547,0,0,-1,0cfd060bba0a
3326,6,1547,0,0,-1,0cfe060bba0b
3327,6,1547,0,0,-1,0cff060bba0c
3328,6,1547,0,0,-1,0d00060bba0d
3329,6,1545,0,0,-1,0d0106097b0b
3330,54091,259,1,0,89,0d0201032a00530900000000005a0053
3331,6,1549,0,0,-1,0d03060d0200
3332,6,1549,0,0,-1,0d04060d0201
3333,6,1549,0,0,-1,0d05060d0202
3334,6,1549,0,0,-1,0d06060d0203
3335,6,1549,0,0,-1,0d07060d0600
3336,6,1549,0,0,-1,0d08060d0601
3337,6,1549,0,0,-1,0d09060d0500
3338,6,1549,0,0,-1,0d0a060d0400
3339,6,1549,0,0,-1,0d0b060d0300
3340,6,1549,0,0,-1,0d0c060d0301
3341,6,1549,0,0,-1,0d0d060d0200
3342,6,1549,0,0,-1,0d0e060d0201
3343,6,1549,0,0,-1,0d0f060d0202
3344,421924,258,1,0,113,0d1001021f017a0c0000000000b5005e
3345,6,1549,0,0,-1,0d11060d1000
3346,6,1549,0,0,-1,0d12060d1001
3347,6,1549,0,0,-1,0d13060d1002
3348,6,1549,0,0,-1,0d14060d1003
3349,6,1549,0,0,-1,0d15060d1004
3350,6,1549,0,0,-1,0d16060d1005
3351,6,1549,0,0,-1,0d17060d1006
3352,6,1549,0,0,-1,0d18060d1007
3353,6,1549,0,0,-1,0d19060d1008
3354,6,1549,0,0,-1,0d1a060d1009
3355,6,1549,0,0,-1,0d1b060d100a
3356,6,1549,0,0,-1,0d1c060d100b
3357,105174,257,1,0,81,0d1d0101b000ec0800000000006c0076
3358,6,1549,0,0,-1,0d1e060d1d00
3359,6,1549,0,0,-1,0d1f060d1d01
3360,6,1549,0,0,-1,0d20060d1d02
3361,6,1549,0,0,-1,0d21060d1d03
3362,6,1549,0,0,-1,0d22060d1d04
3363,6,1549,0,0,-1,0d23060d1d05
3364,6,1549,0,0,-1,0d24060d1d06
3365,6,1549,0,0,-1,0d25060d1d07
3366,6,1549,0,0,-1,0d26060d0204
3367,6,1549,0,0,-1,0d27060d0205
3368,6,1549,0,0,-1,0d28060d0206
3369,6,1549,0,0,-1,0d29060d0207
3370,6,1549,0,0,-1,0d2a060d0208
3371,9248,257,1,0,73,0d2b0101b2007d0700000000003e007d
3372,6,1549,0,0,-1,0d2c060d2b00
3373,6,1549,0,0,-1,0d2d060d2b01
3374,6,1549,0,0,-1,0d2e060d2b02
3375,6,1549,0,0,-1,0d2f060d2b03
3377,4013,256,1,0,25,0d3101004b00400100000000004b0040
3378,6,1549,0,0,-1,0d32060d3100
3379,6,1549,0,0,-1,0d33060d2b04
3381,6,1549,0,0,-1,0d35060d2b05
3382,6,1549,0,0,-1,0d36060d2b06
3383,623722,259,1,0,161,0d37010372020d1200000000009300af
3384,6,1549,0,0,-1,0d38060d3700
3385,6,1549,0,0,-1,0d39060d3701
3386,6,1549,0,0,-1,0d3a060d3702
3387,6,1549,0,0,-1,0d3b060d3703
3388,6,1549,0,0,-1,0d3c060d3704
3389,6,1549,0,0,-1,0d3d060d3705
3390,6,1549,0,0,-1,0d3e060d3706
3391,6,1549,0,0,-1,0d3f060d3707
3392,6,1549,0,0,-1,0d40060d3708
3393,6,1549,0,0,-1,0d41060d3709
3394,6,1549,0,0,-1,0d42060d370a
3395,6,1549,0,0,-1,0d43060d370b
3396,6,1549,0,0,-1,0d44060d370c
3397,6,1549,0,0,-1,0d45060d370d
3398,6,1549,0,0,-1,0d46060d370e
3399,6,1549,0,0,-1,0d47060d370f
3400,6,1549,0,0,-1,0d48060d3710
3401,6,1549,0,0,-1,0d49060d3711
3403,6,1558,0,0,-1,0d4b06163100
3404,1373,256,1,0,17,0d4c0100280013000000000550000000
3405,1449,256,1,0,17,0d4d010041001100000000059c000000
3406,1449,256,1,0,17,0d4e010041001100000000059c000000
3407,1141,256,1,0,17,0d4f0100200010000000000468000000
3408,1141,256,1,0,17,0d500100200010000000000468000000
3409,1422,256,1,0,17,0d510100360015000000000581000000
3410,1422,256,1,0,17,0d520100360015000000000581000000
3411,1522,256,1,0,17,0d5301002800130000000005e5000000
3412,1522,256,1,0,17,0d5401002800130000000005e5000000
3413,1238,256,1,0,17,0d5501002600110000000004c9000000
3414,1238,256,1,0,17,0d5601002600110000000004c9000000
3415,1408,256,1,0,17,0d5701002b0011000000000573000000
3416,1408,256,1,0,17,0d5801002b0011000000000573000000
3417,1457,256,1,0,17,0d5901002700120000000005a4000000
3418,1457,256,1,0,17,0d5a01002700120000000005a4000000
3419,1505,256,1,0,17,0d5b01002700130000000005d4000000
3420,1505,256,1,0,17,0d5c01002700130000000005d4000000
3421,1489,256,1,0,17,0d5d01002900150000000005c4000000
3422,1489,256,1,0,17,0d5e01002900150000000005c4000000
3423,1471,256,1,0,17,0d5f01002900150000000005b2000000
3424,1471,256,1,0,17,0d6001002900150000000005b2000000
3425,1435,256,1,0,17,0d61010027001300000000058e000000
3426,1435,256,1,0,17,0d62010027001300000000058e000000
3427,1605,256,1,0,17,0d630100270013000000000638000000
3428,1605,256,1,0,17,0d640100270013000000000638000000
3429,1409,256,1,0,17,0d650100290013000000000574000000
3430,1409,256,1,0,17,0d660100290013000000000574000000
3431,1531,256,1,0,17,0d6701002900120000000005ee000000
3432,1531,256,1,0,17,0d6801002900120000000005ee000000
3433,2021,256,1,0,17,0d6901004500140000000007d8000000
3434,2021,256,1,0,17,0d6a01004500140000000007d8000000
3435,1565,256,1,0,17,0d6b01002a0012000000000610000000
3436,1565,256,1,0,17,0d6c01002a0012000000000610000000
3437,1602,256,1,0,17,0d6d0100280014000000000635000000
3438,1602,256,1,0,17,0d6e0100280014000000000635000000
3439,1536,256,1,0,17,0d6f01002600130000000005f3000000
3440,1536,256,1,0,17,0d7001002600130000000005f3000000
3441,1300,256,1,0,17,0d710100260013000000000507000000
3442,1300,256,1,0,17,0d720100260013000000000507000000
3443,1728,256,1,0,17,0d7301003600140000000006b3000000
3444,1728,256,1,0,17,0d7401003600140000000006b3000000
3445,1611,256,1,0,17,0d75010029001300000000063e000000
3446,1611,256,1,0,17,0d76010029001300000000063e000000
3447,1440,256,1,0,17,0d770100290013000000000593000000
3448,1440,256,1,0,17,0d780100290013000000000593000000
3449,1426,256,1,0,17,0d790100290014000000000585000000
3450,1426,256,1,0,17,0d7a0100290014000000000585000000
3451,1289,256,1,0,17,0d7b01002300150000000004fc000000
3452,1289,256,1,0,17,0d7c01002300150000000004fc000000
3453,1321,256,1,0,17,0d7d010029001300000000051c000000
3454,1321,256,1,0,17,0d7e010029001300000000051c000000
3455,1541,256,1,0,17,0d7f01002800140000000005f8000000
3456,1541,256,1,0,17,0d8001002800140000000005f8000000
3457,1472,256,1,0,17,0d8101002700130000000005b3000000
3458,1472,256,1,0,17,0d8201002700130000000005b3000000
3459,1409,256,1,0,17,0d830100290013000000000574000000
3460,1409,256,1,0,17,0d840100290013000000000574000000
3461,1494,256,1,0,17,0d8501002a00120000000005c9000000
3462,1494,256,1,0,17,0d8601002a00120000000005c9000000
3463,1538,256,1,0,17,0d8701002800130000000005f5000000
3464,1538,256,1,0,17,0d8801002800130000000005f5000000
3465,1484,256,1,0,17,0d8901002a00120000000005bf000000
3466,1484,256,1,0,17,0d8a01002a00120000000005bf000000
3467,1824,256,1,0,17,0d8b0100350014000000000713000000
3468,1824,256,1,0,17,0d8c0100350014000000000713000000
3469,1516,256,1,0,17,0d8d01002a00130000000005df000000
3470,1516,256,1,0,17,0d8e01002a00130000000005df000000
3471,1693,256,1,0,17,0d8f0100330014000000000690000000
3472,1693,256,1,0,17,0d900100330014000000000690000000
3473,1492,256,1,0,17,0d9101002900130000000005c7000000
3474,1492,256,1,0,17,0d9201002900130000000005c7000000
3475,1370,256,1,0,17,0d93010027001200000000054d000000
3476,1370,256,1,0,17,0d94010027001200000000054d000000
3477,1484,256,1,0,17,0d9501002900140000000005bf000000
3478,1484,256,1,0,17,0d9601002900140000000005bf000000
3479,1446,256,1,0,17,0d9701002a0013000000000599000000
3480,1446,256,1,0,17,0d9801002a0013000000000599000000
3481,1426,256,1,0,17,0d990100280012000000000585000000
3482,1426,256,1,0,17,0d9a0100280012000000000585000000
3483,1387,256,1,0,17,0d9b010028001200000000055e000000
3484,1387,256,1,0,17,0d9c010028001200000000055e000000
3485,1531,256,1,0,17,0d9d01002a00130000000005ee000000
3486,1531,256,1,0,17,0d9e01002a00130000000005ee000000
3487,1373,256,1,0,17,0d9f0100280013000000000550000000
3488,484,256,1,0,17,0da001004c000f0000000001d7000000
3489,375,256,1,0,17,0da101002d000f00000000016a000000
3490,482,256,1,0,17,0da201004d000f0000000001d5000000
3491,732,256,1,0,17,0da30100a5000f0000000002cf000000
3492,399,256,1,0,17,0da4010036000f000000000182000000
3493,261,256,1,0,17,0da501002d00120000000000f8000000
3494,238,256,1,0,17,0da601002d00120000000000e1000000
3495,202,256,1,0,17,0da7010025000f0000000000bd000000
3496,262,256,1,0,17,0da801003c000f0000000000f9000000
3497,260,256,1,0,17,0da901003c000f0000000000f7000000
3498,295,256,1,0,17,0daa01003a000f00000000011a000000
3499,264,256,1,0,17,0dab01003c000f0000000000fb000000
3500,251,256,1,0,17,0dac010025000f0000000000ee000000
3501,270,256,1,0,17,0dad01003c000f000000000101000000
3502,270,256,1,0,17,0dae01003c000f000000000101000000
3503,291,256,1,0,17,0daf01003a000f000000000116000000
3504,305,256,1,0,17,0db001004b000f000000000124000000
3505,296,256,1,0,17,0db101003a000f00000000011b000000
3506,6,1549,0,0,-1,0db2060d4b00
3507,6,1549,0,0,-1,0db3060d4b01
3508,6,1549,0,0,-1,0db4060d4b02
3509,6,1549,0,0,-1,0db5060d4b03
3510,6,1549,0,0,-1,0db6060d4b04
3511,6,1549,0,0,-1,0db7060d4b05
3512,6,1549,0,0,-1,0db8060d4b06
3513,6,1549,0,0,-1,0db9060d4b07
3514,6,1549,0,0,-1,0dba060d4b08
3515,6,1549,0,0,-1,0dbb060d4b09
3516,6,1549,0,0,-1,0dbc060d4b0a
3517,6,1549,0,0,-1,0dbd060d4b0b
3518,6,1549,0,0,-1,0dbe060d4b0c
3519,6,1549,0,0,-1,0dbf060d4b0d
3520,355,256,1,0,17,0dc0010058000f000000000156000000
3521,345,256,1,0,17,0dc1010046001200000000014c000000
3522,333,256,1,0,17,0dc20100460012000000000140000000
3523,289,256,1,0,17,0dc3010035000f000000000114000000
3524,329,256,1,0,25,0dc401004600120100000000003d000f
3525,6,1549,0,0,-1,0dc5060dc400
3526,150,768,0,0,-1,0dc60300640105002d00140000000000
3527,339,256,1,0,33,0dc7010025000f0200000000001d000f
3528,6,1549,0,0,-1,0dc8060dc700
3529,6,1549,0,0,-1,0dc9060dc701
3530,6,1558,0,0,-1,0dca06163101
3531,6,1549,0,0,-1,0dcb060dca00
3532,6,1549,0,0,-1,0dcc060dca01
3533,6,1549,0,0,-1,0dcd060dca02
3534,6,1549,0,0,-1,0dce060dca03
3535,6,1549,0,0,-1,0dcf060dca04
3536,298,256,1,0,17,0dd001003b000f00000000011d000000
3537,6,1549,0,0,-1,0dd1060dca05
3538,263,256,1,0,17,0dd201002c000f0000000000fa000000
3539,6,1549,0,0,-1,0dd3060dca06
3540,300,256,1,0,17,0dd401003a000f00000000011f000000
3541,6,1549,0,0,-1,0dd5060dca07
3542,314,256,1,0,17,0dd601003b000f00000000012d000000
3543,6,1549,0,0,-1,0dd7060dca08
3544,6,1549,0,0,-1,0dd8060dca09
3545,1288,256,1,0,25,0dd90100410013010000000000410013
3546,6,1549,0,0,-1,0dda060dca0a
3547,6,1549,0,0,-1,0ddb060dd900
3548,2123,256,1,0,17,0ddc010030003000000000083e000000
3549,2246,256,1,0,17,0ddd01003000300000000008b9000000
3550,1067,256,1,0,17,0dde010015002300000000041e000000
3551,315,3328,0,0,-1,0ddf0d002a000f00010300000001ff00
3552,298,3328,0,0,-1,0de00d0029000f00010300000001ff00
3553,317,256,1,0,17,0de101003b000f000000000130000000
3554,6,1549,0,0,-1,0de2060dca0b
3555,6,1549,0,0,-1,0de3060dca0c
3556,6,1549,0,0,-1,0de4060dca0d
3557,6,1549,0,0,-1,0de5060dca0e
3558,318,256,1,0,17,0de601003b000f000000000131000000
3559,7,1293,0,0,-1,0de7050ddf01ff
3560,7,1293,0,0,-1,0de8050ddf02ff
3561,7,1293,0,0,-1,0de9050ddf03ff
3562,7,1293,0,0,-1,0dea050de001ff
3563,7,1293,0,0,-1,0deb050de002ff
3564,7,1293,0,0,-1,0dec050de003ff
3565,144440,260,1,0,81,0ded01043b006d080000000000590035
3566,6,1549,0,0,-1,0dee060ded00
3567,6,1549,0,0,-1,0def060ded01
3568,6,1549,0,0,-1,0df0060ded02
3569,6,1549,0,0,-1,0df1060ded03
3570,6,1549,0,0,-1,0df2060ded04
3571,6,1549,0,0,-1,0df3060ded05
3572,6,1549,0,0,-1,0df4060ded06
3573,6,1549,0,0,-1,0df5060ded07
3574,112,768,0,0,-1,0df6030064010b00b50073005c003c00
3575,4560,256,1,0,17,0df701005a00240000000011c3000000
3576,2219,256,1,0,17,0df8010049001500000000089e000000
3577,1435,256,1,0,25,0df90100570011010000000000570011
3578,2122,256,1,0,17,0dfa010045001400000000083d000000
3579,2120,256,1,0,17,0dfb010048001500000000083b000000
3580,1111,256,1,0,17,0dfc01002f001200000000044a000000
3581,2081,256,1,0,17,0dfd0100480015000000000814000000
3582,6,1549,0,0,-1,0dfe060df900
3583,678,1024,0,0,-1,0dff0400eb00b8030300400040000300
3584,5901,256,1,0,17,0e0001005e002e000000001700000000
3586,6,1550,0,0,-1,0e02060e0300
3587,2046,256,1,0,33,0e030100360031020000000000360036
3590,1986,256,1,0,25,0e06010031002c01000000000031002c
3591,6,1550,0,0,-1,0e07060e0600
3592,2331,256,1,0,25,0e08010045002e01000000000045002e
3593,6,1550,0,0,-1,0e09060e0800
3594,6,1550,0,0,-1,0e0a060e0301
3595,2075,256,1,0,25,0e0b01003c002e0100000000003c002e
3596,6,1550,0,0,-1,0e0c060e0b00
3597,2043,256,1,0,25,0e0d01004f00200100000000004f0020
3598,6,1550,0,0,-1,0e0e060e0d00
3599,2947,3328,0,0,-1,0e0f0d004f00270100000000004f0027
3600,7,1294,0,0,-1,0e10050e0f0000
3601,2587,1029,0,0,-1,0e1104050003c0030300400040000f00
3602,752,1025,0,0,-1,0e120401d60140030300400040000500
3603,7,1294,0,0,-1,0e13050e0f01ff
3604,332,256,1,0,17,0e14010046001200000000013f000000
3605,351,256,1,0,17,0e150100460012000000000152000000
3606,306,256,1,0,17,0e160100460012000000000125000000
3607,343,256,1,0,17,0e17010049000f00000000014a000000
3608,292,256,1,0,17,0e1801003b000f000000000117000000
3609,311,256,1,0,17,0e1901003b000f00000000012a000000
3610,277,256,1,0,17,0e1a010039000f000000000108000000
3611,302,256,1,0,17,0e1b01003b000f000000000121000000
3612,237,256,1,0,17,0e1c010025000f0000000000e0000000
3613,993,256,1,0,17,0e1d01005a00120000000003d4000000
3614,210,256,1,0,17,0e1e010026000f0000000000c5000000
3615,307,256,1,0,17,0e1f010039000f000000000126000000
3616,313,256,1,0,17,0e2001003b000f00000000012c000000
3617,320,256,1,0,17,0e2101003b000f000000000133000000
3618,2034,256,1,0,17,0e2201003000300000000007e5000000
3619,406,256,1,0,17,0e23010065000f000000000189000000
3620,144,256,1,0,17,0e2401000f000f000000000083000000
3621,154,256,1,0,17,0e2501000f000f00000000008d000000
3622,331,256,1,0,17,0e26010020001900000000013e000000
3623,356,256,1,0,17,0e2701000d0019000000000157000000
3624,683,256,1,0,17,0e28010011002000000000029e000000
3625,741,256,1,0,17,0e2901001100200000000002d8000000
3626,915,256,1,0,17,0e2a0100140020000000000386000000
3627,948,256,1,0,17,0e2b01001400200000000003a7000000
3628,1079,256,1,0,17,0e2c010014002000000000042a000000
3629,1083,256,1,0,17,0e2d010014002000000000042e000000
3630,385,256,1,0,17,0e2e01000c0018000000000174000000
3631,637,256,1,0,17,0e2f0100140018000000000270000000
3632,571,256,1,0,17,0e3001000d001a00000000022e000000
3633,547,256,1,0,17,0e31010028000d000000000216000000
3634,1967,256,1,0,17,0e3201002d00130000000007a2000000
3635,1701,256,1,0,17,0e330100220013000000000698000000
3636,1722,256,1,0,17,0e3401002300120000000006ad000000
3637,1546,256,1,0,17,0e3501002500110000000005fd000000
3638,1723,256,1,0,17,0e3601002400130000000006ae000000
3639,1708,256,1,0,17,0e37010025001300000000069f000000
3640,1275,256,1,0,17,0e3801002600100000000004ee000000
3641,851,256,1,0,17,0e3901004a000e000000000346000000
3642,3323,256,1,0,17,0e3a0100530012000000000cee000000
3643,950,256,1,0,17,0e3b01001e001e0000000003a9000000
3644,764,256,1,0,17,0e3c010096001e0000000002ef000000
3645,939,256,1,0,17,0e3d01001e001e00000000039e000000
3646,748,256,1,0,17,0e3e01001e00960000000002df000000
3647,623,256,1,0,17,0e3f0100960096000000000262000000
3648,779,256,1,0,17,0e4001001e00960000000002fe000000
3649,845,256,1,0,17,0e4101001e001e000000000340000000
3650,720,256,1,0,17,0e42010096001e0000000002c3000000
3651,916,256,1,0,17,0e4301001e001e000000000387000000
3652,513,256,1,0,17,0e44010028000d0000000001f4000000
3653,1889,256,1,0,17,0e4501002d0012000000000754000000
3654,1322,256,1,0,17,0e4601001b001a00000000051d000000
3655,318,256,1,0,17,0e4701003b000f000000000131000000
3656,2566,256,1,0,17,0e4801003d00110000000009f9000000
3657,2809,256,1,0,17,0e4901003f0011000000000aec000000
3658,2926,256,1,0,17,0e4a0100400011000000000b61000000
3659,2921,256,1,0,17,0e4b01003f0011000000000b5c000000
3660,2750,256,1,0,17,0e4c01003e0011000000000ab1000000
3661,2769,256,1,0,17,0e4d01003e0011000000000ac4000000
3662,2804,256,1,0,17,0e4e01003f0012000000000ae7000000
3663,2670,256,1,0,17,0e4f01003d0010000000000a61000000
3664,2631,256,1,0,17,0e500100470011000000000a3a000000
3665,2687,256,1,0,17,0e5101003d0011000000000a72000000
3666,2581,256,1,0,17,0e5201003d0011000000000a08000000
3667,353,256,1,0,17,0e530100460012000000000154000000
3668,490,256,1,0,17,0e54010093000f0000000001dd000000
3669,367,256,1,0,17,0e55010058000f000000000162000000
3670,300,256,1,0,17,0e5601003b000f00000000011f000000
3671,240,256,1,0,17,0e57010025000f0000000000e3000000
3672,260,256,1,0,17,0e5801003a000f0000000000f7000000
3673,307,256,1,0,17,0e590100180003000000000126000000
3674,387,256,1,0,17,0e5a010058000f000000000176000000
3675,383,256,1,0,17,0e5b010058000f000000000172000000
3676,307,256,1,0,17,0e5c01003b000f000000000126000000
3677,312,256,1,0,17,0e5d01003b000f00000000012b000000
3678,321,256,1,0,17,0e5e01003b000f000000000134000000
3679,281,256,1,0,17,0e5f01003a000f00000000010c000000
3680,290,256,1,0,17,0e6001003a000f000000000115000000
3681,2107,256,1,0,17,0e61010030003000000000082e000000
3682,2080,256,1,0,17,0e620100300030000000000813000000
3683,2126,256,1,0,17,0e630100300030000000000841000000
3684,2132,256,1,0,17,0e640100300030000000000847000000
3685,698,256,1,0,17,0e6501001900190000000002ad000000
3686,567,256,1,0,17,0e6601002f000f00000000022a000000
3687,641,256,1,0,17,0e67010029000f000000000274000000
3688,678,256,1,0,17,0e680100190019000000000299000000
3689,330,256,1,0,17,0e6901004a000f00000000013d000000
3690,258,256,1,0,17,0e6a010025000f0000000000f5000000
3691,322,256,1,0,17,0e6b01003b000f000000000135000000
3692,306,256,1,0,17,0e6c01003b000f000000000125000000
3693,6,1549,0,0,-1,0e6d060dca0f
3702,325,768,0,0,-1,0e7603006403060045005f0026004000
3703,249,256,1,0,17,0e7701003c000f0000000000ec000000
3704,242,256,1,0,17,0e78010025000f0000000000e5000000
3705,375,256,1,0,17,0e79010058000f00000000016a000000
3706,304,256,1,0,17,0e7a01003a000f000000000123000000
3707,215,256,1,0,17,0e7b010026000f0000000000ca000000
3708,305,256,1,0,17,0e7c01003b000f000000000124000000
3709,312,256,1,0,17,0e7d01003b000f00000000012b000000
3710,318,256,1,0,17,0e7e01003b000f000000000131000000
3711,295,256,1,0,17,0e7f01003b000f00000000011a000000
3712,204,256,1,0,17,0e80010026000f0000000000bf000000
3713,319,256,1,0,17,0e8101003b000f000000000132000000
3714,311,256,1,0,17,0e8201003b000f00000000012a000000
3715,287,256,1,0,17,0e8301003a000f000000000112000000
3716,2054,256,1,0,17,0e8401004500140000000007f9000000
3717,2054,256,1,0,17,0e8501004500140000000007f9000000
3718,407,256,1,0,17,0e8601000f000d00000000018a000000
3719,1468,256,1,0,17,0e8701003000300000000005af000000
3720,47585,256,1,0,17,0e880100f0007400000000b9d4000000
3721,59518,256,1,0,41,0e890100c800c8030000000000c800c8
3729,57145,256,1,0,33,0e910100c800c8020000000000c800c8
3730,42217,256,1,0,17,0e920100f0007400000000a4dc000000
3731,617,256,1,0,17,0e9301001e001300000000025c000000
3732,56955,256,1,0,33,0e940100c800c8020000000000c800c8
3733,58805,256,1,0,33,0e950100c800c8020000000000c800c8
3734,301,256,1,0,17,0e9601003b000f000000000120000000
3735,304,256,1,0,17,0e9701003b000f000000000123000000
3736,301,256,1,0,17,0e9801003b000f000000000120000000
3737,305,256,1,0,17,0e9901003b000f000000000124000000
3738,292,256,1,0,17,0e9a01003b000f000000000117000000
3739,294,256,1,0,17,0e9b01003b000f000000000119000000
3740,304,256,1,0,17,0e9c01003b000f000000000123000000
3741,479,256,1,0,17,0e9d01004d000f0000000001d2000000
3742,1904,256,1,0,17,0e9e01002e0016000000000763000000
3743,737,256,1,0,17,0e9f0100a5000f0000000002d4000000
3744,218,256,1,0,17,0ea0010026000f0000000000cd000000
3745,2409,256,1,0,33,0ea10100420024020000000000260024
3746,12543,257,1,0,49,0ea201010c001b04000000000043001b
3747,6,1550,0,0,-1,0ea3060ea200
3748,6,1575,0,0,-1,0ea40627ea00
3749,6,1575,0,0,-1,0ea50627ea01
3750,6,1575,0,0,-1,0ea60627ea02
3751,6,1575,0,0,-1,0ea70627ea03
3752,6,1575,0,0,-1,0ea80627ea04
3754,6,1550,0,0,-1,0eaa060ea100
3755,6,1550,0,0,-1,0eab060ea101
3756,6,1575,0,0,-1,0eac0627ea05
3758,6,1550,0,0,-1,0eae060ea201
3759,6,1550,0,0,-1,0eaf060ea202
3760,6,1550,0,0,-1,0eb0060ea203
3761,5764,256,1,0,17,0eb101002e0030000000001677000000
3762,39044,257,1,0,81,0eb20101cb002c0800000000003c002c
3772,187,768,0,0,-1,0ebc03006402010035002c0022002c00
3773,300,256,1,0,17,0ebd01003b000f00000000011f000000
3774,390,256,1,0,17,0ebe010067000f000000000179000000
3775,250,256,1,0,17,0ebf010025000f0000000000ed000000
3776,198,256,1,0,17,0ec0010026000f0000000000b9000000
3777,209,256,1,0,17,0ec1010026000f0000000000c4000000
3778,307,256,1,0,17,0ec201003b000f000000000126000000
3779,267,256,1,0,17,0ec301003c000f0000000000fe000000
3780,1476,256,1,0,17,0ec401002900140000000005b7000000
3781,1365,256,1,0,17,0ec50100270012000000000548000000
3782,1528,256,1,0,17,0ec601002700130000000005eb000000
3783,1528,256,1,0,17,0ec701002700130000000005eb000000
3784,1476,256,1,0,17,0ec801002900140000000005b7000000
3785,1365,256,1,0,17,0ec90100270012000000000548000000
3786,204,256,1,0,17,0eca010026000f0000000000bf000000
3787,296,256,1,0,17,0ecb01003b000f00000000011b000000
3788,1309,256,1,0,17,0ecc0100300030000000000510000000
3789,6554,256,1,0,17,0ecd010037003600000000198d000000
3790,1858,256,1,0,17,0ece0100360036000000000735000000
3791,6554,256,1,0,17,0ecf010037003600000000198d000000
3792,1853,256,1,0,17,0ed00100360036000000000730000000
3793,6554,256,1,0,17,0ed1010037003600000000198d000000
3794,1869,256,1,0,17,0ed20100360036000000000740000000
3795,476,256,1,0,17,0ed301003a00110000000001cf000000
3796,311,256,1,0,17,0ed401003a000f00000000012a000000
3797,306,256,1,0,17,0ed501003b000f000000000125000000
3798,303,256,1,0,17,0ed601001f0020000000000122000000
3799,282,256,1,0,17,0ed701001f002000000000010d000000
3800,399,256,1,0,17,0ed801001e0021000000000182000000
3801,283,256,1,0,17,0ed901001f002000000000010e000000
3802,298,256,1,0,17,0eda01001f002000000000011d000000
3803,285,256,1,0,17,0edb01001f0020000000000110000000
3804,291,256,1,0,17,0edc01001f0020000000000116000000
3805,302,256,1,0,17,0edd01001f0020000000000121000000
3806,308,256,1,0,17,0ede01001f0020000000000127000000
3807,299,256,1,0,17,0edf010020002000000000011e000000
3808,287,256,1,0,17,0ee001001f0020000000000112000000
3809,312,256,1,0,17,0ee101001f002000000000012b000000
3810,292,256,1,0,17,0ee201001f0020000000000117000000
3811,307,256,1,0,17,0ee301001f0020000000000126000000
3812,307,256,1,0,17,0ee401001f0020000000000126000000
3813,275,256,1,0,17,0ee501001f0020000000000106000000
3814,298,256,1,0,17,0ee601001f002000000000011d000000
3815,293,256,1,0,17,0ee701001f0020000000000118000000
3816,306,256,1,0,17,0ee801001f0020000000000125000000
3817,305,256,1,0,17,0ee901003b000f000000000124000000
3818,257,256,1,0,17,0eea010025000f0000000000f4000000
3819,10387,256,1,0,25,0eeb0100380049010000000000380049
3820,157,768,0,0,-1,0eec0300640301003900490019002500
3821,6,1550,0,0,-1,0eed060eeb00
3822,6,1547,0,0,-1,0eee060bd900
3823,6,1541,0,0,-1,0eef06059700
3824,6,1549,0,0,-1,0ef0060dca10
3831,3578,256,1,0,17,0ef701005a0016000000000ded000000
3832,57610,256,1,0,33,0ef80100c800c8020000000000c800c8
3833,3498,256,1,0,17,0ef901005c0017000000000d9d000000
3834,57873,256,1,0,25,0efa0100c800c8010000000000c800c8
3835,3336,256,1,0,17,0efb01005c0015000000000cfb000000
3836,1632,256,1,0,17,0efc0100310013000000000653000000
3837,56917,256,1,0,25,0efd0100c800c8010000000000c800c8
3838,1656,256,1,0,17,0efe010031001300000000066b000000
3839,58270,256,1,0,25,0eff0100c800c8010000000000c800c8
3840,1574,256,1,0,17,0f000100320013000000000619000000
3841,1564,256,1,0,17,0f01010031001300000000060f000000
3842,1345,256,1,0,17,0f020100300030000000000534000000
3843,1360,256,1,0,17,0f030100300030000000000543000000
3844,1335,256,1,0,17,0f04010030003000000000052a000000
3845,1327,256,1,0,17,0f050100300030000000000522000000
3846,1351,256,1,0,17,0f06010030003000000000053a000000
3847,1316,256,1,0,17,0f070100300030000000000517000000
3848,1327,256,1,0,17,0f080100300030000000000522000000
3849,1343,256,1,0,17,0f090100300030000000000532000000
3850,1312,256,1,0,17,0f0a0100300030000000000513000000
3851,1407,256,1,0,17,0f0b0100300030000000000572000000
3852,1355,256,1,0,17,0f0c010030003000000000053e000000
3853,1416,256,1,0,17,0f0d010030003000000000057b000000
3854,1392,256,1,0,17,0f0e0100300030000000000563000000
3855,1393,256,1,0,17,0f0f0100300030000000000564000000
3856,59743,256,1,0,33,0f100100c800c8020000000000c800c8
3857,1358,256,1,0,17,0f110100300030000000000541000000
3858,3224,256,1,0,17,0f1201005e0017000000000c8b000000
3859,5653,256,1,0,17,0f130100300030000000001608000000
3860,1968,256,1,0,17,0f1401003000300000000007a3000000
3861,5158,256,1,0,17,0f150100300030000000001419000000
3862,3096,256,1,0,17,0f160100300030000000000c0b000000
3863,2175,256,1,0,17,0f170100300030000000000872000000
3864,5920,256,1,0,17,0f180100300030000000001713000000
3865,2203,256,1,0,17,0f19010030003000000000088e000000
3866,5458,256,1,0,17,0f1a0100300030000000001545000000
3867,3105,256,1,0,17,0f1b0100300030000000000c14000000
3868,5537,256,1,0,17,0f1c0100300030000000001594000000
3869,1941,256,1,0,17,0f1d0100300030000000000788000000
3870,5948,256,1,0,17,0f1e010030003000000000172f000000
3871,1845,256,1,0,17,0f1f0100300030000000000728000000
3872,149893,1070,0,0,-1,0f20042ee00ba004000203e803e8213c
3873,67996,256,1,0,25,0f210100c800c8010000000000c800c8
3874,68860,256,1,0,25,0f220100c800c8010000000000c800c8
3875,67324,256,1,0,25,0f230100c800c8010000000000c800c8
3876,68109,256,1,0,25,0f240100c800c8010000000000c800c8
3877,70373,256,1,0,25,0f250100c800c8010000000000c800c8
3878,69923,256,1,0,25,0f260100c800c8010000000000c800c8
3879,67435,256,1,0,25,0f270100c800c8010000000000c800c8
3880,70054,256,1,0,25,0f280100c800c8010000000000c800c8
3881,69822,256,1,0,25,0f290100c800c8010000000000c800c8
3882,71292,256,1,0,17,0f2a0100c800c800000001166f000000
3883,62191,256,1,0,17,0f2b0100c800c800000000f2e2000000
3884,6,1551,0,0,-1,0f2c060f2100
3885,6,1551,0,0,-1,0f2d060f2200
3886,6,1551,0,0,-1,0f2e060f2300
3887,6,1551,0,0,-1,0f2f060f2400
3888,6,1551,0,0,-1,0f30060f2500
3889,6,1551,0,0,-1,0f31060f2600
3890,6,1551,0,0,-1,0f32060f2700
3891,6,1551,0,0,-1,0f33060f2800
3892,6,1551,0,0,-1,0f34060f2900
3893,6,1551,0,0,-1,0f35060f1000
3894,6,1550,0,0,-1,0f36060e8900
3895,6,1550,0,0,-1,0f37060e9100
3896,6,1550,0,0,-1,0f38060e9400
3897,6,1550,0,0,-1,0f39060e9500
3898,6,1550,0,0,-1,0f3a060ef800
3899,6,1550,0,0,-1,0f3b060ef801
3900,6,1551,0,0,-1,0f3c060f1001
3901,6,1550,0,0,-1,0f3d060e8901
3902,6,1550,0,0,-1,0f3e060e9101
3903,6,1550,0,0,-1,0f3f060e9401
3904,6,1550,0,0,-1,0f40060e9501
3905,6,1550,0,0,-1,0f41060efa00
3906,6,1550,0,0,-1,0f42060efd00
3907,6,1550,0,0,-1,0f43060eff00
3908,6,1550,0,0,-1,0f44060e8902
3909,116848,257,1,0,273,0f4501019000c8200000000000320032
3910,116874,257,1,0,273,0f4601019000c8200000000000320032
3911,97741,257,1,0,273,0f4701019000c8200000000000320032
3962,6,1551,0,0,-1,0f7a060f4600
3963,6,1551,0,0,-1,0f7b060f4601
3964,6,1551,0,0,-1,0f7c060f4602
3965,6,1551,0,0,-1,0f7d060f4603
3966,6,1551,0,0,-1,0f7e060f4604
3967,6,1551,0,0,-1,0f7f060f4605
3968,6,1551,0,0,-1,0f80060f4606
3969,6,1551,0,0,-1,0f81060f4607
3970,6,1551,0,0,-1,0f82060f4608
3971,6,1551,0,0,-1,0f83060f4609
3972,6,1551,0,0,-1,0f84060f460a
3973,6,1551,0,0,-1,0f85060f460b
3974,6,1551,0,0,-1,0f86060f460c
3975,6,1551,0,0,-1,0f87060f460d
3976,6,1551,0,0,-1,0f88060f460e
3977,6,1551,0,0,-1,0f89060f460f
3978,6,1551,0,0,-1,0f8a060f4610
3979,6,1551,0,0,-1,0f8b060f4611
3980,6,1551,0,0,-1,0f8c060f4612
3981,6,1551,0,0,-1,0f8d060f4613
3982,6,1551,0,0,-1,0f8e060f4614
3983,6,1551,0,0,-1,0f8f060f4615
3984,6,1551,0,0,-1,0f90060f4616
3985,6,1551,0,0,-1,0f91060f4617
3986,6,1551,0,0,-1,0f92060f4618
3987,6,1551,0,0,-1,0f93060f4619
3988,6,1551,0,0,-1,0f94060f461a
3989,6,1551,0,0,-1,0f95060f461b
3990,6,1551,0,0,-1,0f96060f461c
3991,6,1551,0,0,-1,0f97060f461d
3992,6,1551,0,0,-1,0f98060f461e
3993,6,1551,0,0,-1,0f99060f461f
3994,6,1551,0,0,-1,0f9a060f4700
4027,6,1551,0,0,-1,0fbb060f4500
4028,6,1551,0,0,-1,0fbc060f4501
4029,6,1551,0,0,-1,0fbd060f4502
4030,6,1551,0,0,-1,0fbe060f4503
4031,6,1551,0,0,-1,0fbf060f4504
4032,6,1551,0,0,-1,0fc0060f4505
4033,6,1551,0,0,-1,0fc1060f4506
4034,6,1551,0,0,-1,0fc2060f4507
4035,6,1551,0,0,-1,0fc3060f4508
4036,6,1551,0,0,-1,0fc4060f4509
4037,6,1551,0,0,-1,0fc5060f450a
4038,6,1551,0,0,-1,0fc6060f450b
4039,6,1551,0,0,-1,0fc7060f450c
4040,6,1551,0,0,-1,0fc8060f450d
4041,6,1551,0,0,-1,0fc9060f450e
4042,6,1551,0,0,-1,0fca060f450f
4043,6,1551,0,0,-1,0fcb060f4510
4044,6,1551,0,0,-1,0fcc060f4511
4045,6,1551,0,0,-1,0fcd060f4512
4046,6,1551,0,0,-1,0fce060f4513
4047,6,1551,0,0,-1,0fcf060f4514
4048,6,1551,0,0,-1,0fd0060f4515
4049,6,1551,0,0,-1,0fd1060f4516
4050,6,1551,0,0,-1,0fd2060f4517
4051,6,1551,0,0,-1,0fd3060f4518
4052,6,1551,0,0,-1,0fd4060f4519
4053,6,1551,0,0,-1,0fd5060f451a
4054,6,1551,0,0,-1,0fd6060f451b
4055,6,1551,0,0,-1,0fd7060f451c
4056,6,1551,0,0,-1,0fd8060f451d
4057,6,1551,0,0,-1,0fd9060f451e
4058,6,1551,0,0,-1,0fda060f451f
4059,6,1551,0,0,-1,0fdb060f4701
4060,6,1551,0,0,-1,0fdc060f4702
4061,6,1551,0,0,-1,0fdd060f4703
4062,6,1551,0,0,-1,0fde060f4704
4063,6,1551,0,0,-1,0fdf060f4705
4064,6,1551,0,0,-1,0fe0060f4706
4065,6,1551,0,0,-1,0fe1060f4707
4066,6,1551,0,0,-1,0fe2060f4708
4067,6,1551,0,0,-1,0fe3060f4709
4068,6,1551,0,0,-1,0fe4060f470a
4069,6,1551,0,0,-1,0fe5060f470b
4070,6,1551,0,0,-1,0fe6060f470c
4071,6,1551,0,0,-1,0fe7060f470d
4072,6,1551,0,0,-1,0fe8060f470e
4073,6,1551,0,0,-1,0fe9060f470f
4074,6,1551,0,0,-1,0fea060f4710
4075,6,1551,0,0,-1,0feb060f4711
4076,6,1551,0,0,-1,0fec060f4712
4077,6,1551,0,0,-1,0fed060f4713
4078,6,1551,0,0,-1,0fee060f4714
4079,6,1551,0,0,-1,0fef060f4715
4080,6,1551,0,0,-1,0ff0060f4716
4081,6,1551,0,0,-1,0ff1060f4717
4082,6,1551,0,0,-1,0ff2060f4718
4083,6,1551,0,0,-1,0ff3060f4719
4084,6,1551,0,0,-1,0ff4060f471a
4085,6,1551,0,0,-1,0ff5060f471b
4086,6,1551,0,0,-1,0ff6060f471c
4087,6,1551,0,0,-1,0ff7060f471d
4088,6,1551,0,0,-1,0ff8060f471e
4089,6,1551,0,0,-1,0ff9060f471f
4090,67365,256,1,0,17,0ffa0100c800c8000000010718000000
4091,70178,256,1,0,17,0ffb0100c800c8000000011215000000
4092,68918,256,1,0,17,0ffc0100c800c8000000010d29000000
4093,69151,256,1,0,17,0ffd0100c800c8000000010e12000000
4094,69292,256,1,0,17,0ffe0100c800c8000000010e9f000000
4095,69444,256,1,0,17,0fff0100c800c8000000010f37000000
4096,67421,256,1,0,17,10000100c800c8000000010750000000
4097,58857,256,1,0,17,10010100c800c800000000e5dc000000
4098,67590,256,1,0,17,10020100c800c80000000107f9000000
4099,104473,257,1,0,273,100301019000c8200000000000320032
4100,6,1552,0,0,-1,100406100300
4101,6,1552,0,0,-1,100506100301
4102,6,1552,0,0,-1,100606100302
4103,6,1552,0,0,-1,100706100303
4104,6,1552,0,0,-1,100806100304
4105,6,1552,0,0,-1,100906100305
4106,6,1552,0,0,-1,100a06100306
4107,6,1552,0,0,-1,100b06100307
4108,6,1552,0,0,-1,100c06100308
4109,6,1552,0,0,-1,100d06100309
4110,6,1552,0,0,-1,100e0610030a
4111,6,1552,0,0,-1,100f0610030b
4112,6,1552,0,0,-1,10100610030c
4113,6,1552,0,0,-1,10110610030d
4114,6,1552,0,0,-1,10120610030e
4115,6,1552,0,0,-1,10130610030f
4116,6,1552,0,0,-1,101406100310
4117,6,1552,0,0,-1,101506100311
4118,6,1552,0,0,-1,101606100312
4119,6,1552,0,0,-1,101706100313
4120,6,1552,0,0,-1,101806100314
4121,6,1552,0,0,-1,101906100315
4122,6,1552,0,0,-1,101a06100316
4123,6,1552,0,0,-1,101b06100317
4124,6,1552,0,0,-1,101c06100318
4125,6,1552,0,0,-1,101d06100319
4126,6,1552,0,0,-1,101e0610031a
4127,6,1552,0,0,-1,101f0610031b
4128,6,1552,0,0,-1,10200610031c
4129,6,1552,0,0,-1,10210610031d
4130,6,1552,0,0,-1,10220610031e
4131,6,1552,0,0,-1,10230610031f
4132,62191,256,1,0,17,10240100c800c800000000f2e2000000
4133,73327,256,1,0,17,10250100c800c8000000011e62000000
4134,109857,257,1,0,273,102601019000c8200000000000320032
4135,6,1552,0,0,-1,102706102600
4136,6,1552,0,0,-1,102806102601
4137,6,1552,0,0,-1,102906102602
4138,6,1552,0,0,-1,102a06102603
4139,6,1552,0,0,-1,102b06102604
4140,6,1552,0,0,-1,102c06102605
4141,6,1552,0,0,-1,102d06102606
4142,6,1552,0,0,-1,102e06102607
4143,6,1552,0,0,-1,102f06102608
4144,6,1552,0,0,-1,103006102609
4145,6,1552,0,0,-1,10310610260a
4146,6,1552,0,0,-1,10320610260b
4147,6,1552,0,0,-1,10330610260c
4148,6,1552,0,0,-1,10340610260d
4149,6,1552,0,0,-1,10350610260e
4150,6,1552,0,0,-1,10360610260f
4151,6,1552,0,0,-1,103706102610
4152,6,1552,0,0,-1,103806102611
4153,6,1552,0,0,-1,103906102612
4154,6,1552,0,0,-1,103a06102613
4155,6,1552,0,0,-1,103b06102614
4156,6,1552,0,0,-1,103c06102615
4157,6,1552,0,0,-1,103d06102616
4158,6,1552,0,0,-1,103e06102617
4159,6,1552,0,0,-1,103f06102618
4160,6,1552,0,0,-1,104006102619
4161,6,1552,0,0,-1,10410610261a
4162,6,1552,0,0,-1,10420610261b
4163,6,1552,0,0,-1,10430610261c
4164,6,1552,0,0,-1,10440610261d
4165,6,1552,0,0,-1,10450610261e
4166,6,1552,0,0,-1,10460610261f
4167,2031,256,1,0,17,1047010028001b0000000007e2000000
4168,5118,256,1,0,17,104801006700230000000013f1000000
4169,5162,256,1,0,17,1049010067002300000000141d000000
4170,3100,256,1,0,17,104a0100300031000000000c0f000000
4171,3088,256,1,0,17,104b0100300031000000000c03000000
4172,2095,256,1,0,17,104c0100310016000000000822000000
4173,2139,256,1,0,17,104d010031001600000000084e000000
4174,1979,256,1,0,17,104e01001a001f0000000007ae000000
4175,1877,256,1,0,17,104f01001a001f000000000748000000
4176,2045,256,1,0,17,1050010028001b0000000007f0000000
4177,16282,256,1,0,25,105101008a00530100000000008a008a
4178,18863,256,1,0,25,105201009b005d0100000000009b009b
4179,13089,256,1,0,25,1053010088004d01000000000088004d
4180,13743,256,1,0,25,10540100800040010000000000800080
4181,14831,256,1,0,25,105501008000400100000000007f0080
4182,64149,256,1,0,17,10560100c800c800000000fa88000000
4183,4717,256,1,0,17,105701002b002d000000001260000000
4184,5575,256,1,0,17,105801002d002e0000000015ba000000
4185,5329,256,1,0,17,105901002d002b0000000014c4000000
4186,5363,256,1,0,17,105a010029002b0000000014e6000000
4187,3814,256,1,0,17,105b0100280027000000000ed9000000
4188,4974,256,1,0,17,105c01002d0028000000001361000000
4189,5560,256,1,0,17,105d01002d002c0000000015ab000000
4190,5384,256,1,0,17,105e01002d002a0000000014fb000000
4191,274,256,1,0,17,105f0100190016000000000105000000
4192,1997,256,1,0,17,106001003100130000000007c0000000
4193,55867,256,1,0,17,10610100cd009300000000da2e000000
4194,48706,256,1,0,17,10620100cd007100000000be35000000
4195,51159,256,1,0,17,10630100e1007300000000c7ca000000
4196,21050,256,1,0,17,1064010070005100000000522d000000
4197,18792,256,1,0,17,1065010082004c00000000495b000000
4198,14091,256,1,0,17,106601006100380000000036fe000000
4199,12974,256,1,0,17,106701006700330000000032a1000000
4200,9323,256,1,0,17,1068010049002d00000000245e000000
4201,5153,256,1,0,17,10690100670023000000001414000000
4202,5099,256,1,0,17,106a01006700230000000013de000000
4203,2924,256,1,0,17,106b01002d002f000000000b5f000000
4204,3094,256,1,0,17,106c01002d002f000000000c09000000
4205,2200,256,1,0,17,106d010031001600000000088b000000
4206,2091,256,1,0,17,106e010031001600000000081e000000
4207,1857,256,1,0,17,106f01001a001f000000000734000000
4208,1920,256,1,0,17,107001001a001f000000000773000000
4209,2016,256,1,0,17,1071010028001b0000000007d3000000
4210,2047,256,1,0,17,1072010028001b0000000007f2000000
4211,18397,256,1,0,17,107301007b00590000000047d0000000
4212,95670,256,1,0,17,10740100c500d10000000175a9000000
4213,6116,256,1,0,17,107501003000400000000017d7000000
4214,5444,256,1,0,17,1076010041002e000000001537000000
4215,7032,256,1,0,17,10770100370033000000001b6b000000
4216,5368,256,1,0,17,107801002900410000000014eb000000
4217,6543,256,1,0,17,107901002d0041000000001982000000
4218,5394,256,1,0,17,107a0100330037000000001505000000
4219,4557,256,1,0,17,107b01002c002d0000000011c0000000
4220,5570,256,1,0,17,107c01002c003c0000000015b5000000
4221,5760,256,1,0,17,107d01002e003c000000001673000000
4222,5573,256,1,0,17,107e010032002e0000000015b8000000
4223,7292,256,1,0,17,107f0100380039000000001c6f000000
4224,5396,256,1,0,17,108001003c0029000000001507000000
4225,2738,256,1,0,17,108101001a0032000000000aa5000000
4226,3019,256,1,0,17,108201001d002d000000000bbe000000
4227,3575,256,1,0,17,10830100240028000000000dea000000
4228,961,256,1,0,17,1084010014000f0000000003b4000000
4229,5585,256,1,0,17,108501004b00220000000015c4000000
4230,11424,256,1,0,17,1086010041004e000000002c93000000
4231,13214,256,1,0,17,1087010049004c000000003391000000
4232,17427,256,1,0,17,1088010064004e000000004406000000
4233,15210,256,1,0,17,108901005d0046000000003b5d000000
4234,18770,256,1,0,17,108a0100680054000000004945000000
4235,9388,256,1,0,17,108b01003d004900000000249f000000
4236,22349,256,1,0,17,108c01006e005f000000005740000000
4237,4841,256,1,0,17,108d01002d002f0000000012dc000000
4238,4672,256,1,0,17,108e010030002d000000001233000000
4239,3406,256,1,0,17,108f010025002d000000000d41000000
4240,3903,256,1,0,17,109001003c001c000000000f32000000
4241,2571,256,1,0,17,109101002d001c0000000009fe000000
4242,2188,256,1,0,17,109201002d001600000000087f000000
4243,1236,256,1,0,17,109301001600130000000004c7000000
4244,2786,256,1,0,17,10940100320015000000000ad5000000
4245,36342,256,1,0,17,10950100bd0061000000008de9000000
4246,27796,256,1,0,17,10960100a80056000000006c87000000
4248,68797,256,1,0,17,10980100e300af000000010cb0000000
4249,46020,256,1,0,17,109901009d008500000000b3b7000000
4250,21552,256,1,0,17,109a0100760068000000005423000000
4251,6,1549,0,0,-1,109b060dca11
4255,50141,256,1,0,17,109f0100e1007f00000000c3d0000000
4256,63519,257,1,0,17,10a0010157008200000000f812000000
4257,12984,256,1,0,17,10a101006500450000000032ab000000
4258,42581,256,1,0,17,10a20100ce007700000000a648000000
4259,43669,256,1,0,17,10a30100b1007c00000000aa88000000
4260,23772,256,1,0,17,10a40100860060000000005ccf000000
4261,14175,256,1,0,17,10a5010063003c000000003752000000
4262,7981,256,1,0,17,10a6010048002e000000001f20000000
4263,274534,257,1,0,17,10a70101610157000000043059000000
4264,278534,257,1,0,17,10a80101610157000000043ff9000000
4265,257057,257,1,0,17,10a9010161015700000003ec14000000
4266,287692,257,1,0,17,10aa01016101570000000463bf000000
4267,176,256,1,0,17,10ab01001900160000000000a3000000
4268,503,256,1,0,17,10ac01000f000f0000000001ea000000
4269,324,256,1,0,17,10ad01004b000f000000000137000000
4270,304,256,1,0,17,10ae01000f004b000000000123000000
4271,333,256,1,0,17,10af01004b004b000000000140000000
4272,3736,256,1,0,17,10b001005c0017000000000e8b000000
4273,2757,256,1,0,17,10b10100300030000000000ab8000000
4274,27235,256,1,0,25,10b20100550085010001000000540085
4275,6,1552,0,0,-1,10b30610b200
4276,24062,256,1,0,25,10b40100580080010000000000580080
4277,6,1552,0,0,-1,10b50610b400
4278,17311,256,1,0,25,10b60100730049010000000000730047
4279,6,1552,0,0,-1,10b70610b600
4280,18273,256,1,0,25,10b80100650056010000000000650056
4281,6,1552,0,0,-1,10b90610b800
4282,27327,256,1,0,25,10ba0100950063010000000000950063
4283,6,1552,0,0,-1,10bb0610ba00
4284,20407,256,1,0,25,10bc0100690052010000000000690052
4285,6,1552,0,0,-1,10bd0610bc00
4286,19468,256,1,0,25,10be0100620053010000000000620053
4287,6,1552,0,0,-1,10bf0610be00
4288,29086,256,1,0,25,10c00100890064010000000000890064
4289,6,1552,0,0,-1,10c10610c000
4290,29249,256,1,0,25,10c2010092006a01000000000092006a
4291,6,1552,0,0,-1,10c30610c200
4292,26491,256,1,0,25,10c401008d00700100000000008d0070
4293,6,1552,0,0,-1,10c50610c400
4294,23122,256,1,0,25,10c601007e00550100000000007e0055
4295,6,1552,0,0,-1,10c70610c600
4296,22581,256,1,0,25,10c8010097005f01000400000093005f
4298,22410,256,1,0,25,10ca01008d005a0100020000008b0059
4300,25922,256,1,0,25,10cc010093005d0100030000008f005c
4302,31557,256,1,0,25,10ce0100a60060010002000100a4005e
4304,32735,256,1,0,25,10d00100bc0064010003000000b70064
4306,25810,256,1,0,25,10d201009a005d010001000300990059
4307,6,1552,0,0,-1,10d30610d200
4308,24532,256,1,0,25,10d40100960057010000000100930056
4309,6,1552,0,0,-1,10d50610d400
4310,24942,256,1,0,25,10d60100980057010000000000980057
4311,6,1552,0,0,-1,10d70610d600
4312,23751,256,1,0,25,10d801009f005a0100000000009f009f
4313,6,1552,0,0,-1,10d90610d800
4314,27034,256,1,0,25,10da0100a00067010000000000a000a0
4315,6,1552,0,0,-1,10db0610da00
4316,28799,256,1,0,25,10dc01009d006f0100000000009d006c
4317,6,1552,0,0,-1,10dd0610dc00
4318,29027,256,1,0,25,10de01009e00740100000000009e0074
4319,6,1552,0,0,-1,10df0610de00
4320,32766,256,1,0,25,10e00100a5006f010002000000a3006f
4321,6,1552,0,0,-1,10e10610e000
4322,33703,256,1,0,25,10e20100a80075010001000000a70072
4323,6,1552,0,0,-1,10e30610e200
4324,36320,256,1,0,25,10e40100b80073010006000000af0071
4325,6,1552,0,0,-1,10e50610e400
4326,23883,256,1,0,25,10e601009d005b010000000000990059
4327,6,1552,0,0,-1,10e70610e600
4328,27041,256,1,0,25,10e801009a005f0100000000009a005f
4329,6,1552,0,0,-1,10e90610e800
4330,29265,256,1,0,25,10ea0100a00066010000000000980066
4331,6,1552,0,0,-1,10eb0610ea00
4332,32570,256,1,0,25,10ec0100a90072010000000000a90071
4333,6,1552,0,0,-1,10ed0610ec00
4334,34770,256,1,0,25,10ee0100a6007d010000000000a6007d
4335,6,1552,0,0,-1,10ef0610ee00
4336,27510,256,1,0,25,10f00100a2005f0100050003009a0056
4337,6,1552,0,0,-1,10f10610f000
4338,26756,256,1,0,25,10f201009b005e010005000400960055
4339,6,1552,0,0,-1,10f30610f200
4340,26302,256,1,0,25,10f401009b0062010000000b009b0057
4341,6,1552,0,0,-1,10f50610f400
4342,27341,256,1,0,25,10f601009f00650100000007009f005e
4343,6,1552,0,0,-1,10f70610f600
4344,31659,256,1,0,25,10f80100a7006f010000000400a5006b
4345,6,1552,0,0,-1,10f90610f800
4346,30177,256,1,0,25,10fa01009c0076010002000000990070
4347,6,1552,0,0,-1,10fb0610fa00
4348,32952,256,1,0,25,10fc0100a00083010000000000a0007e
4349,6,1552,0,0,-1,10fd0610fc00
4350,31940,256,1,0,25,10fe0100a3007a010000000000a3007a
4351,6,1552,0,0,-1,10ff0610fe00
4352,35823,256,1,0,25,11000100aa0089010000000800a6007f
4353,6,1553,0,0,-1,110106110000
4354,37304,256,1,0,25,11020100aa0092010000000600aa008c
4355,6,1553,0,0,-1,110306110200
4356,29002,256,1,0,25,11040100c50059010000000000c50059
4357,6,1553,0,0,-1,110506110400
4358,34590,256,1,0,25,11060100d9006b010000000000d9006b
4359,6,1553,0,0,-1,110706110600
4360,36633,256,1,0,25,11080100d60070010000000000d60070
4361,6,1553,0,0,-1,110906110800
4362,44505,256,1,0,25,110a0100e60080010000000000e60080
4363,6,1553,0,0,-1,110b06110a00
4364,46114,256,1,0,25,110c0100de0087010000000000de0087
4365,6,1553,0,0,-1,110d06110c00
4366,48948,256,1,0,25,110e0100b00094010000000000b00094
4367,6,1553,0,0,-1,110f06110e00
4368,52076,256,1,0,25,11100100ac0096010000000000ac0095
4369,6,1553,0,0,-1,111106111000
4370,53928,256,1,0,25,11120100aa00b1010000000000aa00b1
4371,6,1553,0,0,-1,111306111200
4372,33370,256,1,0,25,11140100b5005d010000000000b5005d
4373,6,1553,0,0,-1,111506111400
4374,38761,256,1,0,25,11160100a2008d010000000000a2008d
4376,1077,256,1,0,17,11180100190019000000000428000000
4377,879,256,1,0,17,11190100120013000000000362000000
4378,1001,256,1,0,17,111a01001900190000000003dc000000
4379,852,256,1,0,17,111b0100130012000000000347000000
4380,1091,256,1,0,17,111c01001a0019000000000436000000
4381,878,256,1,0,17,111d0100120013000000000361000000
4382,1109,256,1,0,17,111e01001a001a000000000448000000
4383,909,256,1,0,17,111f0100120013000000000380000000
4384,1405,256,1,0,17,11200100240018000000000570000000
4385,1138,256,1,0,17,112101001d0011000000000465000000
4386,1015,256,1,0,17,112201001900190000000003ea000000
4387,818,256,1,0,17,11230100120012000000000325000000
4388,1448,256,1,0,17,1124010024001800000000059b000000
4389,1224,256,1,0,17,112501001d00110000000004bb000000
4390,1432,256,1,0,17,1126010024001800000000058b000000
4391,1216,256,1,0,17,112701001c00110000000004b3000000
4392,1166,256,1,0,17,112801001a0019000000000481000000
4393,987,256,1,0,17,112901001300130000000003ce000000
4394,1013,256,1,0,17,112a01001a001a0000000003e8000000
4395,809,256,1,0,17,112b010012001200000000031c000000
4396,1129,256,1,0,17,112c01001a001900000000045c000000
4397,935,256,1,0,17,112d010013001300000000039a000000
4398,2036,256,1,0,17,112e01003200180000000007e7000000
4399,3144,256,1,0,17,112f0100480018000000000c3b000000
4400,1989,256,1,0,17,113001003200180000000007b8000000
4401,400,256,1,0,17,1131010038000e000000000183000000
4402,416,256,1,0,17,1132010038000e000000000193000000
4403,404,256,1,0,17,1133010038000e000000000187000000
4404,335,256,1,0,17,1134010023000e000000000142000000
4405,413,256,1,0,17,1135010038000e000000000190000000
4406,332,256,1,0,17,1136010023000e00000000013f000000
4407,234,256,1,0,17,113701002a00120000000000dd000000
4408,348,256,1,0,17,1138010023000e00000000014f000000
4409,422,256,1,0,17,1139010038000e000000000199000000
4410,422,256,1,0,17,113a010038000e000000000199000000
4411,413,256,1,0,17,113b010037000e000000000190000000
4412,331,256,1,0,17,113c010023000e00000000013e000000
4413,429,256,1,0,17,113d010037000e0000000001a0000000
4414,402,256,1,0,17,113e010038000e000000000185000000
4415,203,256,1,0,17,113f01002800110000000000be000000
4416,1816,256,1,0,17,1140010027001600000000070b000000
4417,2416,256,1,0,17,11410100350016000000000963000000
4418,3713,256,1,0,17,114201004f0017000000000e74000000
4419,3297,256,1,0,17,114301004d0017000000000cd4000000
4420,1704,256,1,0,17,1144010027001600000000069b000000
4421,1704,256,1,0,17,1145010027001700000000069b000000
4430,272,256,1,0,17,114e01000f0013000000000103000000
4431,264,256,1,0,17,114f01000f00130000000000fb000000
4432,160,256,1,0,17,115001000f0013000000000093000000
4433,146,256,1,0,17,115101000f0013000000000085000000
4434,245,256,1,0,17,115201002d00180000000000e8000000
4435,179,256,1,0,17,115301006a00180000000000a6000000
4436,852,256,1,0,17,11540100380013000000000347000000
4437,191,256,1,0,17,115501006200130000000000b2000000
4438,149,256,1,0,17,11560100170017000000000088000000
4439,141,256,1,0,17,11570100170017000000000080000000
4440,7268,256,1,0,17,11580100ac004e000000001c57000000
4441,195,256,1,0,17,1159010032004e0000000000b6000000
4442,6254,256,1,0,17,115a0100ac0054000000001861000000
4443,170,256,1,0,17,115b010032005400000000009d000000
4444,329,256,1,0,17,115c010044001f00000000013c000000
4445,180,256,1,0,17,115d010096001f0000000000a7000000
4446,294,256,1,0,17,115e0100440096000000000119000000
4447,345,256,1,0,17,115f010096009600000000014c000000
4448,198,256,1,0,17,116001004a001f0000000000b9000000
4449,180,256,1,0,17,1161010096001f0000000000a7000000
4450,300,256,1,0,17,116201004a009600000000011f000000
4451,345,256,1,0,17,1163010096009600000000014c000000
4452,199,256,1,0,17,116401004b001f0000000000ba000000
4453,190,256,1,0,17,1165010088001f0000000000b1000000
4454,176,256,1,0,17,116601004b001f0000000000a3000000
4455,175,256,1,0,17,1167010088001f0000000000a2000000
4456,188,256,1,0,17,116801005e00340000000000af000000
4457,200,256,1,0,17,116901009600340000000000bb000000
4458,300,256,1,0,17,116a01005e009600000000011f000000
4459,345,256,1,0,17,116b010096009600000000014c000000
4460,919,256,1,0,17,116c01000e002100000000038a000000
4461,296,256,1,0,17,116d010002004100000000011b000000
4462,159,256,1,0,17,116e010002002c000000000092000000
4463,1147,256,1,0,17,116f010016001500000000046e000000
4464,1574,256,1,0,17,117001001a0019000000000619000000
4465,965,256,1,0,17,117101001800180000000003b8000000
4466,455,256,1,0,17,117201001500150000000001ba000000
4467,213,256,1,0,17,117301002e002e0000000000c8000000
4468,1080,256,1,0,17,1174010010001f00000000042b000000
4469,2355657,261,1,0,17,117501050003c000000023f1bc000000
4470,3110,256,1,0,65,1176010051000f06000000000007000f
4478,45339,258,1,0,73,117e0102bc0038070000000000640038
4489,6006,256,1,0,25,118901006c00450100000000006c0045
4499,6,1563,0,0,-1,1193061b0800
4508,6,1553,0,0,-1,119c0611a400
4516,1458,256,1,0,57,11a401002500160500000000000e0008
4525,38031,257,1,0,113,11ad01018c00350c00040000001d0035
4526,6,1553,0,0,-1,11ae0611ad00
4527,6,1553,0,0,-1,11af0611ad01
4528,6,1553,0,0,-1,11b00611ad02
4529,6,1553,0,0,-1,11b10611ad03
4530,6,1553,0,0,-1,11b20611ad04
4531,6,1553,0,0,-1,11b30611ad05
4532,6,1553,0,0,-1,11b40611ad06
4533,6,1553,0,0,-1,11b50611ad07
4534,6,1553,0,0,-1,11b60611ad08
4535,6,1553,0,0,-1,11b70611ad09
4536,6,1553,0,0,-1,11b80611ad0a
4537,6,1553,0,0,-1,11b90611ad0b
4538,83400,259,1,0,81,11ba010355004f08000000000068004f
4539,6,1553,0,0,-1,11bb0611ba00
4540,6,1553,0,0,-1,11bc0611ba01
4541,6,1553,0,0,-1,11bd0611ba02
4542,6,1553,0,0,-1,11be0611ba03
4543,6,1553,0,0,-1,11bf0611ba04
4544,6,1553,0,0,-1,11c00611ba05
4545,6,1553,0,0,-1,11c10611ba06
4546,6,1553,0,0,-1,11c20611ba07
4547,27512,259,1,0,121,11c30103cb00360d00000000003a0036
4561,12758,256,1,0,25,11d10100bc006a010000000000bc006a
4567,83733,257,1,0,65,11d701018600a30600010000003b00a3
4576,2060,768,0,0,-1,11e0030064060800f20100009800d000
4585,26030,257,1,0,81,11e9010108004a0800010000001f004a
4586,6,1553,0,0,-1,11ea0611e900
4587,6,1553,0,0,-1,11eb0611e901
4588,6,1553,0,0,-1,11ec0611e902
4589,6,1553,0,0,-1,11ed0611e903
4590,6,1553,0,0,-1,11ee0611e904
4591,6,1553,0,0,-1,11ef0611e905
4592,6,1553,0,0,-1,11f00611e906
4593,6,1553,0,0,-1,11f10611e907
4594,3983,256,1,0,81,11f20100a80016080001000000130016
4595,6,1553,0,0,-1,11f30611f200
4596,6,1553,0,0,-1,11f40611f201
4597,6,1553,0,0,-1,11f50611f202
4598,6,1553,0,0,-1,11f60611f203
4599,6,1553,0,0,-1,11f70611f204
4600,6,1553,0,0,-1,11f80611f205
4601,6,1553,0,0,-1,11f90611f206
4602,6,1553,0,0,-1,11fa0611f207
4603,127484,259,1,0,81,11fb0103ad005a08000000000081005a
4625,33139,257,1,0,49,121101014d00c10400000000005700c1
4633,4539,256,1,0,49,121901006e0016040000000000180016
4641,74388,257,1,0,49,12210101890096040000000000300026
4642,6,1554,0,0,-1,122206122100
4650,27749,257,1,0,65,122a01010d00710600000000007d0031
4651,6,1549,0,0,-1,122b060dca12
4652,6,1549,0,0,-1,122c060dca13
4663,6,1560,0,0,-1,12370618a100
4675,6,1560,0,0,-1,12430618a101
4689,46778,259,1,0,81,12510103340044080000000000610044
4690,6,1554,0,0,-1,125206125100
4691,6,1554,0,0,-1,125306125101
4692,6,1554,0,0,-1,125406125102
4693,6,1554,0,0,-1,125506125103
4694,6,1554,0,0,-1,125606125104
4695,6,1554,0,0,-1,125706125105
4696,6,1554,0,0,-1,125806125106
4697,6,1554,0,0,-1,125906125107
4698,39797,258,1,0,65,125a01022d00470600000000005d0047
4699,6,1554,0,0,-1,125b06125a00
4700,6,1554,0,0,-1,125c06125a01
4701,6,1554,0,0,-1,125d06125a02
4702,6,1554,0,0,-1,125e06125a03
4703,6,1554,0,0,-1,125f06125a04
4704,6,1554,0,0,-1,126006125a05
4707,6,1557,0,0,-1,126306155700
4729,272,256,1,0,17,127901003c000f000000000103000000
4738,330,256,1,0,17,128201004a000f00000000013d000000
4747,307,256,1,0,17,128b01003b000f000000000126000000
4756,306,256,1,0,17,129401003b000f000000000125000000
4767,5211,256,1,0,33,129f01004400300200000000000f0030
4780,43620,257,1,0,65,12ac0101ca004a06000000000036004a
4792,57871,258,1,0,81,12b80102b00050080000000000530050
4793,6,1554,0,0,-1,12b90612b800
4794,6,1554,0,0,-1,12ba0612b801
4795,6,1554,0,0,-1,12bb0612b802
4796,6,1554,0,0,-1,12bc0612b803
4797,6,1554,0,0,-1,12bd0612b804
4798,6,1554,0,0,-1,12be0612b805
4799,6,1554,0,0,-1,12bf0612b806
4800,6,1554,0,0,-1,12c00612b807
4801,31449,257,1,0,65,12c101014f004b06000000000037004b
4810,52319,257,1,0,81,12ca010194004b08000000000032004b
4811,6,1554,0,0,-1,12cb0612ca00
4812,6,1554,0,0,-1,12cc0612ca01
4813,6,1554,0,0,-1,12cd0612ca02
4814,6,1554,0,0,-1,12ce0612ca03
4815,6,1554,0,0,-1,12cf0612ca04
4816,6,1554,0,0,-1,12d00612ca05
4817,6,1554,0,0,-1,12d10612ca06
4818,6,1554,0,0,-1,12d20612ca07
4821,1510,256,1,0,41,12d501001b00190300000000001b0008
4831,48264,257,1,0,65,12df010169005b06000000000035005b
4841,54615,259,1,0,81,12e901037e00460800000000006d0046
4842,6,1554,0,0,-1,12ea0612e900
4843,6,1554,0,0,-1,12eb0612e901
4844,6,1554,0,0,-1,12ec0612e902
4845,6,1554,0,0,-1,12ed0612e903
4846,6,1554,0,0,-1,12ee0612e904
4847,6,1554,0,0,-1,12ef0612e905
4848,6,1554,0,0,-1,12f00612e906
4849,6,1554,0,0,-1,12f10612e907
4850,45301,258,1,0,65,12f2010276004c06000100000067004c
4851,6,1554,0,0,-1,12f30612f200
4852,6,1554,0,0,-1,12f40612f201
4853,6,1554,0,0,-1,12f50612f202
4854,6,1554,0,0,-1,12f60612f203
4855,6,1554,0,0,-1,12f70612f204
4856,6,1554,0,0,-1,12f80612f205
4859,46216,257,1,0,81,12fb0101a1004a08000000000030004a
4870,10678,256,1,0,33,13060100a30029020000000000520029
4880,18121,256,1,0,41,13100100b200480300000000003b0048
4890,43809,258,1,0,81,131a01020300470800010000003b0047
4891,6,1555,0,0,-1,131b06131a00
4892,6,1555,0,0,-1,131c06131a01
4893,6,1555,0,0,-1,131d06131a02
4894,6,1555,0,0,-1,131e06131a03
4895,6,1555,0,0,-1,131f06131a04
4896,6,1555,0,0,-1,132006131a05
4897,6,1555,0,0,-1,132106131a06
4898,6,1555,0,0,-1,132206131a07
4899,31337,257,1,0,65,1323010130004c06000000000032004c
4900,6,1555,0,0,-1,132406132300
4901,6,1555,0,0,-1,132506132301
4902,6,1555,0,0,-1,132606132302
4903,6,1555,0,0,-1,132706132303
4904,6,1555,0,0,-1,132806132304
4905,6,1555,0,0,-1,132906132305
4908,43212,257,1,0,81,132c0101e700490800000000003d0049
4909,6,1555,0,0,-1,132d06132c00
4910,6,1555,0,0,-1,132e06132c01
4911,6,1555,0,0,-1,132f06132c02
4912,6,1555,0,0,-1,133006132c03
4913,6,1555,0,0,-1,133106132c04
4914,6,1555,0,0,-1,133206132c05
4915,6,1555,0,0,-1,133306132c06
4916,6,1555,0,0,-1,133406132c07
4919,5824,257,1,0,65,1337010109001d0600000000001b001d
4931,42953,257,1,0,65,134301014900550600000000002d0055
4941,36827,257,1,0,65,134d01011500500600000000002d0050
4942,6,1555,0,0,-1,134e06134d00
4943,6,1555,0,0,-1,134f06134d01
4944,6,1555,0,0,-1,135006134d02
4945,6,1555,0,0,-1,135106134d03
4946,6,1555,0,0,-1,135206134d04
4947,6,1555,0,0,-1,135306134d05
4950,47127,257,1,0,81,135601018f004f0800000000002e004f
4951,6,1555,0,0,-1,135706135600
4952,6,1555,0,0,-1,135806135601
4953,6,1555,0,0,-1,135906135602
4954,6,1555,0,0,-1,135a06135603
4955,6,1555,0,0,-1,135b06135604
4956,6,1555,0,0,-1,135c06135605
4957,6,1555,0,0,-1,135d06135606
4958,6,1555,0,0,-1,135e06135607
4961,41705,257,1,0,73,136101019f004a07000000000034004a
4962,6,1555,0,0,-1,136206136100
4963,6,1555,0,0,-1,136306136101
4964,6,1555,0,0,-1,136406136102
4965,6,1555,0,0,-1,136506136103
4966,6,1555,0,0,-1,136606136104
4967,6,1555,0,0,-1,136706136105
4968,6,1555,0,0,-1,136806136106
4969,37387,256,1,0,65,13690100f5004d06000000000028004d
4981,8694,256,1,0,65,1375010061004d060000000000160026
4992,166557,259,1,0,73,13800103cf006d0700000000008a006d
4993,6,1555,0,0,-1,138106138000
4994,6,1555,0,0,-1,138206138001
4995,6,1555,0,0,-1,138306138002
4996,6,1555,0,0,-1,138406138003
4997,6,1555,0,0,-1,138506138004
4998,6,1555,0,0,-1,138606138005
4999,6,1555,0,0,-1,138706138006
5000,128868,258,1,0,65,13880102d1006b06000000000079006b
5001,6,1555,0,0,-1,138906138800
5002,6,1555,0,0,-1,138a06138801
5003,6,1555,0,0,-1,138b06138802
5004,6,1555,0,0,-1,138c06138803
5005,6,1555,0,0,-1,138d06138804
5006,6,1555,0,0,-1,138e06138805
5009,180631,259,1,0,81,13910103d2006b0800000000007b006b
5010,6,1555,0,0,-1,139206139100
5011,6,1555,0,0,-1,139306139101
5012,6,1555,0,0,-1,139406139102
5013,6,1555,0,0,-1,139506139103
5014,6,1555,0,0,-1,139606139104
5015,6,1555,0,0,-1,139706139105
5016,6,1555,0,0,-1,139806139106
5017,6,1555,0,0,-1,139906139107
5022,44543,257,1,0,73,139e0101f300440700000000003f0044
5034,145591,258,1,0,81,13aa0102df006d0800000000005a006d
5043,48515,257,1,0,73,13b301019b004c0700000000003c004c
5044,6,1555,0,0,-1,13b40613b300
5045,6,1555,0,0,-1,13b50613b301
5046,6,1555,0,0,-1,13b60613b302
5047,6,1555,0,0,-1,13b70613b303
5048,6,1555,0,0,-1,13b80613b304
5049,6,1555,0,0,-1,13b90613b305
5050,6,1555,0,0,-1,13ba0613b306
5051,44409,257,1,0,65,13bb0101810051060000000000410051
5052,6,1555,0,0,-1,13bc0613bb00
5053,6,1555,0,0,-1,13bd0613bb01
5054,6,1555,0,0,-1,13be0613bb02
5055,6,1555,0,0,-1,13bf0613bb03
5056,6,1555,0,0,-1,13c00613bb04
5057,6,1555,0,0,-1,13c10613bb05
5060,53120,257,1,0,81,13c401018f004e0800000000002e004e
5061,6,1555,0,0,-1,13c50613c400
5062,6,1555,0,0,-1,13c60613c401
5063,6,1555,0,0,-1,13c70613c402
5064,6,1555,0,0,-1,13c80613c403
5065,6,1555,0,0,-1,13c90613c404
5066,6,1555,0,0,-1,13ca0613c405
5067,6,1555,0,0,-1,13cb0613c406
5068,6,1555,0,0,-1,13cc0613c407
5104,106,768,0,0,-1,13f003006405010095005f0048003700
5105,106,768,0,0,-1,13f1030064050100a0006f004b004c00
5106,106,768,0,0,-1,13f20300640501009e006d0047004500
5107,106,768,0,0,-1,13f30300640501009a005a0047003700
5108,106,768,0,0,-1,13f40300640501009900700046004c00
5109,106,768,0,0,-1,13f50300640501009a00580046003300
5110,146,768,0,0,-1,13f6030064050100e800840072007500
5111,106,768,0,0,-1,13f7030064050100cb005f004a003700
5112,26,768,0,0,-1,13f80300640101007a0053003f003600
5113,26,768,0,0,-1,13f90300640101006500560036003800
5114,26,768,0,0,-1,13fa0300640101009c00630056002e00
5115,26,768,0,0,-1,13fb0300640101006900520033003400
5116,26,768,0,0,-1,13fc030064010100620053003b003200
5117,26,768,0,0,-1,13fd0300640101008900640045003800
5118,26,768,0,0,-1,13fe03006401010092006a0043003e00
5119,26,768,0,0,-1,13ff030064010100a60080006d005200
5120,26,768,0,0,-1,14000300640101008900650054004700
5121,26,768,0,0,-1,1401030064010100540085002e006b00
5122,26,768,0,0,-1,14020300640101006400aa003b009000
5123,92,768,0,0,-1,14030300640107007000770039005d00
5124,148,768,0,0,-1,140403006401070064007c0031006100
5125,359,768,0,0,-1,140503006401080090003c003b002100
5126,167,768,0,0,-1,1406030064010800520075001a007500
5127,495,768,0,0,-1,1407030064010800910102004400dc00
5128,103,768,0,0,-1,14080300640108007e008b003f006100
5129,147,768,0,0,-1,1409030064010c002300350012003300
5130,301,768,0,0,-1,140a030064011a00670036002a003600
5131,26,768,0,0,-1,140b030064010100bc006a0001000600
5132,81,768,0,0,-1,140c0300640106004c00a90000000a00
5134,103,768,0,0,-1,140e0300640108001f004a0000000000
5135,103,768,0,0,-1,140f0300640108001400160000000000
5136,103,768,0,0,-1,14100300640108007700560034002900
5139,143,768,0,0,-1,14130300960204005b011e0024010c00
5140,68,768,0,0,-1,14140300640107008900970043004f00
5141,136,768,0,0,-1,1415030064010b00d80076006b004400
5142,610,768,0,0,-1,1416030064050700990076003b006c00
5143,665,768,0,0,-1,1417030064050600d100790064006000
5144,511,768,0,0,-1,1418030064050600aa005b0055005000
5145,687,768,0,0,-1,1419030064050600d3004d0056004400
5146,484,768,0,0,-1,141a030064050600d300560032004c00
5147,484,768,0,0,-1,141b03006405060072005b0019005000
5148,511,768,0,0,-1,141c030064050800dc00950043008900
5149,503,768,0,0,-1,141d030064050700a700500025004600
5150,445,1031,0,0,-1,141e04078005a0030300a00078000c00
5151,2358,1044,0,0,-1,141f04140003c0020203e803e801001c
5152,3942,1044,0,0,-1,142004145003c0020302080060000a00
5153,77567,258,1,0,57,14210102370067050000000000790067
5162,63761,257,1,0,49,142a0101d80079040000000000750079
5171,91989,259,1,0,65,14330103360065060000000000880065
5172,6,1556,0,0,-1,143406143300
5173,6,1556,0,0,-1,143506143301
5174,6,1556,0,0,-1,143606143302
5175,6,1556,0,0,-1,143706143303
5176,6,1556,0,0,-1,143806143304
5177,6,1556,0,0,-1,143906143305
5178,83262,258,1,0,65,143a0102bb0064060000000000740064
5187,96978,259,1,0,81,144301030100660805000000fe010066
5198,6,1556,0,0,-1,144e06144300
5199,6,1556,0,0,-1,144f06144301
5200,46629,257,1,0,33,14500101290079020001000000a20079
5210,102154,258,1,0,65,145a0102c30063060000000000750063
5220,151230,260,1,0,73,1464010414006e07000000000098006e
5221,6,1556,0,0,-1,146506146400
5222,6,1556,0,0,-1,146606146401
5223,6,1556,0,0,-1,146706146402
5224,6,1556,0,0,-1,146806146403
5225,6,1556,0,0,-1,146906146404
5226,6,1556,0,0,-1,146a06146405
5227,6,1556,0,0,-1,146b06146406
5228,107996,258,1,0,65,146c0102c7006b06000000000078006b
5229,6,1556,0,0,-1,146d06146c00
5230,6,1556,0,0,-1,146e06146c01
5231,6,1556,0,0,-1,146f06146c02
5232,6,1556,0,0,-1,147006146c03
5233,6,1556,0,0,-1,147106146c04
5234,6,1556,0,0,-1,147206146c05
5237,120134,259,1,0,65,14750103190069060000000000850069
5238,6,1556,0,0,-1,147606147500
5239,6,1556,0,0,-1,147706147501
5240,6,1556,0,0,-1,147806147502
5241,6,1556,0,0,-1,147906147503
5242,6,1556,0,0,-1,147a06147504
5243,6,1556,0,0,-1,147b06147505
5250,59798,257,1,0,41,1482010162007a03000000000074007a
5259,98510,257,1,0,41,148b0101cd00aa030000000000a500aa
5271,160667,259,1,0,73,14970103ec006b0700000000008e006b
5272,6,1556,0,0,-1,149806149700
5273,6,1556,0,0,-1,149906149701
5274,6,1556,0,0,-1,149a06149702
5275,6,1556,0,0,-1,149b06149703
5276,6,1556,0,0,-1,149c06149704
5277,6,1556,0,0,-1,149d06149705
5278,6,1556,0,0,-1,149e06149706
5279,124635,259,1,0,65,149f010309006b06000000000082006b
5280,6,1556,0,0,-1,14a006149f00
5281,6,1556,0,0,-1,14a106149f01
5282,6,1556,0,0,-1,14a206149f02
5283,6,1556,0,0,-1,14a306149f03
5284,6,1556,0,0,-1,14a406149f04
5285,6,1556,0,0,-1,14a506149f05
5288,126478,258,1,0,65,14a80102f600670600000000007d0067
5289,6,1556,0,0,-1,14a90614a800
5290,6,1556,0,0,-1,14aa0614a801
5291,6,1556,0,0,-1,14ab0614a802
5292,6,1556,0,0,-1,14ac0614a803
5293,6,1556,0,0,-1,14ad0614a804
5299,6,1556,0,0,-1,14b30614a805
5301,60589,258,1,0,41,14b501020d0074030000000000ab0074
5311,71131,257,1,0,41,14bf01018c0092030000000000750092
5321,127671,259,1,0,73,14c90103d6006b0700000000008b006b
5322,6,1556,0,0,-1,14ca0614c900
5323,6,1556,0,0,-1,14cb0614c901
5324,6,1556,0,0,-1,14cc0614c902
5325,6,1556,0,0,-1,14cd0614c903
5326,6,1556,0,0,-1,14ce0614c904
5327,6,1556,0,0,-1,14cf0614c905
5328,6,1556,0,0,-1,14d00614c906
5329,93880,258,1,0,65,14d10102f200650600000000007f0065
5330,6,1556,0,0,-1,14d20614d100
5331,6,1556,0,0,-1,14d30614d101
5332,6,1556,0,0,-1,14d40614d102
5333,6,1556,0,0,-1,14d50614d103
5334,6,1556,0,0,-1,14d60614d104
5335,6,1556,0,0,-1,14d70614d105
5338,103912,259,1,0,113,14da01030100640c00000000007f0064
5339,6,1556,0,0,-1,14db0614da00
5340,6,1556,0,0,-1,14dc0614da01
5341,6,1556,0,0,-1,14dd0614da02
5342,6,1556,0,0,-1,14de0614da03
5343,6,1556,0,0,-1,14df0614da04
5344,6,1556,0,0,-1,14e00614da05
5345,6,1556,0,0,-1,14e10614da06
5346,6,1556,0,0,-1,14e20614da07
5347,6,1556,0,0,-1,14e30614da08
5348,6,1556,0,0,-1,14e40614da09
5349,6,1556,0,0,-1,14e50614da0a
5350,6,1556,0,0,-1,14e60614da0b
5351,6,1553,0,0,-1,14e70611fb00
5362,6,1553,0,0,-1,14f20611fb01
5371,65735,259,1,0,73,14fb0103950059070000000000820059
5379,141184,260,1,0,81,15030104010056080000000000800056
5404,6,1553,0,0,-1,151c0611fb02
5414,107549,259,1,0,65,152601039e006a0600000000009b006a
5423,78213,259,1,0,65,152f0103900068060000000000990068
5432,115133,259,1,0,73,153801036e004a0700000000006e004a
5443,70185,258,1,0,57,15430102660059050000000000710059
5454,81506,258,1,0,65,154e0102790046060000000000690046
5463,4118,256,1,0,81,1557010061001a080000000000220006
5465,72828,258,1,0,73,15590102e00043070000000000700043
5475,62687,258,1,0,65,1563010273004d0600000000006c004d
5486,28560,258,1,0,57,156e010216003d0500000000006a003d
5497,34514,257,1,0,81,157901017700480800000000002e0048
5502,392,768,0,0,-1,157e030064050600a6007a0052007100
5503,414,768,0,0,-1,157f030064050600c400aa005700a200
5504,403,768,0,0,-1,1580030064050600c100880072008000
5505,414,768,0,0,-1,1581030064050600d6008f006b008700
5506,458,768,0,0,-1,1582030064050700a6005a0049004900
5507,435,768,0,0,-1,15830300640507009900b9004e00a900
5508,348,768,0,0,-1,1584030064050700bb004c0029003500
5509,348,768,0,0,-1,15850300640507009800430034003400
5510,6,1553,0,0,-1,15860611c300
5511,6,1553,0,0,-1,15870611c301
5512,6,1553,0,0,-1,15880611c302
5513,6,1553,0,0,-1,15890611c303
5514,6,1553,0,0,-1,158a0611c304
5515,6,1553,0,0,-1,158b0611c305
5516,6,1553,0,0,-1,158c0611c306
5517,6,1553,0,0,-1,158d0611c307
5518,6,1553,0,0,-1,158e0611c308
5519,6,1553,0,0,-1,158f0611c309
5520,6,1553,0,0,-1,15900611c30a
5521,6,1553,0,0,-1,15910611c30b
5522,6,1553,0,0,-1,15920611c30c
5523,233137,257,1,0,17,15930101550218000000038ea4000000
5524,44314,257,1,0,17,1594010155007600000000ad0d000000
5525,222328,1070,0,0,-1,1595042ee0119404000203e803e830d7
5526,64900,259,1,0,129,159601037b00310e00000000004c0031
5527,56593,258,1,0,25,159701022200a30100000000022200a3
5528,217986,261,1,0,113,159801052700b50c0000000000330035
5529,101802,259,1,0,49,159901036e0113040000000000d90113
5530,35881,259,1,0,97,159a0103c300c60a00000000006600c6
5531,46017,258,1,0,57,159b01024100380500000000006e0038
5532,6,1557,0,0,-1,159c06159700
5533,38981,257,1,0,57,159d0101e50058050000000000520058
5552,6,1557,0,0,-1,15b006159900
5553,6,1557,0,0,-1,15b106159901
5554,6,1557,0,0,-1,15b206159902
5555,6,1557,0,0,-1,15b306159903
5556,6,1557,0,0,-1,15b406159a00
5557,6,1557,0,0,-1,15b506159a01
5558,6,1557,0,0,-1,15b606159a02
5559,6,1557,0,0,-1,15b706159a03
5560,6,1557,0,0,-1,15b806159a04
5561,6,1557,0,0,-1,15b906159a05
5562,6,1557,0,0,-1,15ba06159a06
5563,6,1557,0,0,-1,15bb06159a07
5564,6,1557,0,0,-1,15bc06159a08
5565,6,1557,0,0,-1,15bd06159a09
5566,6,1557,0,0,-1,15be06159b00
5567,6,1557,0,0,-1,15bf06159b01
5568,6,1557,0,0,-1,15c006159b02
5569,6,1557,0,0,-1,15c106159b03
5570,6,1557,0,0,-1,15c206159b04
5577,6,1549,0,0,-1,15c9060dca00
5578,6,1549,0,0,-1,15ca060dca01
5579,6,1549,0,0,-1,15cb060dca02
5580,6,1549,0,0,-1,15cc060dca03
5581,6,1549,0,0,-1,15cd060dca04
5582,6,1549,0,0,-1,15ce060dca05
5583,6,1549,0,0,-1,15cf060dca06
5584,6,1549,0,0,-1,15d0060dca07
5585,6,1549,0,0,-1,15d1060dca08
5614,169,768,0,0,-1,15ee030064010e006900340037002600
5629,213,256,1,0,17,15fd01001a000d0000000000c8000000
5630,1130,256,1,0,17,15fe010027001a00000000045d000000
5631,204,256,1,0,17,15ff01001a000d0000000000bf000000
5632,1143,256,1,0,17,1600010028001b00000000046a000000
5633,212,256,1,0,17,160101001a000d0000000000c7000000
5634,1102,256,1,0,17,1602010026001b000000000441000000
5635,214,256,1,0,17,160301001a000d0000000000c9000000
5636,1149,256,1,0,17,1604010028001b000000000470000000
5637,221,256,1,0,17,160501001a000d0000000000d0000000
5638,1171,256,1,0,17,1606010027001b000000000486000000
5639,212,256,1,0,17,160701001a000d0000000000c7000000
5640,1139,256,1,0,17,1608010028001b000000000466000000
5641,209,256,1,0,17,1609010019000d0000000000c4000000
5642,1143,256,1,0,17,160a010027001b00000000046a000000
5643,209,256,1,0,17,160b01001a000d0000000000c4000000
5644,1191,256,1,0,17,160c010028001b00000000049a000000
5645,211,256,1,0,17,160d01001a000d0000000000c6000000
5646,1099,256,1,0,17,160e010028001b00000000043e000000
5647,1632,256,1,0,17,160f0100260016000000000653000000
5648,2900,256,1,0,17,1610010033001b000000000b47000000
5649,1777,256,1,0,17,161101002d00140000000006e4000000
5650,2654,256,1,0,17,1612010032001b000000000a51000000
5651,1796,256,1,0,17,161301002f001e0000000006f7000000
5652,3076,256,1,0,17,161401002f001e000000000bf7000000
5653,1680,256,1,0,17,161501002f001e000000000683000000
5654,2968,256,1,0,17,161601002f001e000000000b8b000000
5655,6,1557,0,0,-1,161706159d00
5656,6,1557,0,0,-1,161806159d01
5657,6,1557,0,0,-1,161906159d02
5658,6,1557,0,0,-1,161a06159d03
5660,58,768,0,0,-1,161c030064010104a3011a0000000000
5661,1683,256,1,0,17,161d01002f001d000000000686000000
5662,3008,256,1,0,17,161e01002f001d000000000bb3000000
5663,2639,256,1,0,17,161f010047001e000000000a42000000
5664,4643,256,1,0,17,1620010047001e000000001216000000
5665,198,768,0,0,-1,16210300640305006c00580032004600
5666,1992,768,0,0,-1,16220300640208017c00c5009800a800
5667,468,768,0,0,-1,1623030064030a007900c6003a00c600
5668,1796,256,1,0,17,162401002e001d0000000006f7000000
5669,200,768,0,0,-1,1625030064020c00930107004600bf00
5670,6,1549,0,0,-1,1626060dca09
5671,6,1549,0,0,-1,1627060dca0a
5672,6,1549,0,0,-1,1628060dca0b
5673,6,1549,0,0,-1,1629060dca0c
5674,6,1549,0,0,-1,162a060dca0d
5675,6,1549,0,0,-1,162b060dca0e
5676,6,1549,0,0,-1,162c060dca0f
5677,6,1549,0,0,-1,162d060dca10
5678,6,1549,0,0,-1,162e060dca11
5679,6,1549,0,0,-1,162f060dca12
5680,6,1549,0,0,-1,1630060dca13
5681,414070,259,1,0,97,163101036101200a0000000000ad0090
5682,6,1558,0,0,-1,163206163100
5683,6,1558,0,0,-1,163306163101
5684,6,1558,0,0,-1,163406163102
5685,6,1558,0,0,-1,163506163103
5686,6,1558,0,0,-1,163606163104
5687,6,1558,0,0,-1,163706163105
5688,6,1558,0,0,-1,163806163106
5689,6,1558,0,0,-1,163906163107
5690,6,1558,0,0,-1,163a06163108
5691,6,1558,0,0,-1,163b06163109
5692,6,1558,0,0,-1,163c0616310a
5693,6,1558,0,0,-1,163d0616310b
5694,6,1558,0,0,-1,163e0616310c
5695,6,1558,0,0,-1,163f0616310d
5696,6,1558,0,0,-1,16400616310e
5697,3457,256,1,0,17,164101002d002d000000000d74000000
5699,5084,256,1,0,17,164301003a00340000000013cf000000
5700,3724,256,1,0,17,164401002d002d000000000e7f000000
5701,6755,256,1,0,17,164501003a0034000000001a56000000
5702,6948,256,1,0,17,164601003a0034000000001b17000000
5703,5816,256,1,0,17,164701003a00340000000016ab000000
5704,6667,256,1,0,17,164801003a00340000000019fe000000
5705,4172,256,1,0,17,164901002d002d00000000103f000000
5706,434,256,1,0,17,164a010045001c0000000001a5000000
5707,346,256,1,0,17,164b01000b000800000000014d000000
5708,385,256,1,0,17,164c01000b0008000000000174000000
5709,403,256,1,0,17,164d0100500020000000000186000000
5710,771,256,1,0,17,164e01005300210000000002f6000000
5711,1467,256,1,0,17,164f01005300210000000005ae000000
5712,368,256,1,0,17,16500100400016000000000163000000
5713,566,256,1,0,17,165101002a0018000000000229000000
5714,566,256,1,0,17,165201002a0018000000000229000000
5715,298,256,1,0,17,165301004e002300000000011d000000
5716,104,256,1,0,17,165401000f002800000000005b000000
5717,431,256,1,0,17,165501000d00320000000001a2000000
5718,538,256,1,0,17,165601000f001000000000020d000000
5719,572,256,1,0,17,165701000f001000000000022f000000
5720,288,256,1,0,17,165801006d0018000000000113000000
5721,285,256,1,0,17,165901006d0018000000000110000000
5722,525,256,1,0,17,165a01000f0010000000000200000000
5723,543,256,1,0,17,165b01000f0010000000000212000000
5724,12503,256,1,0,17,165c01004000500000000030ca000000
5725,12738,256,1,0,17,165d01004000500000000031b5000000
5726,12562,256,1,0,17,165e0100400050000000003105000000
5727,14575,256,1,0,17,165f01004000500000000038e2000000
5728,2997,256,1,0,17,1660010054001f000000000ba8000000
5729,470,256,1,0,17,166101002800280000000001c9000000
5730,276,256,1,0,17,16620100280028000000000107000000
5731,301,256,1,0,17,16630100280028000000000120000000
5732,273,256,1,0,17,16640100280028000000000104000000
5733,345,256,1,0,17,1665010008001000000000014c000000
5734,278,256,1,0,17,166601000c0028000000000109000000
5735,265,256,1,0,17,166701000c00280000000000fc000000
5736,1115,256,1,0,17,1668010032001b00000000044e000000
5737,494,256,1,0,17,1669010032001b0000000001e1000000
5738,2167,256,1,0,17,166a01002f001f00000000086a000000
5739,226,256,1,0,17,166b01001c000e0000000000d5000000
5740,1954,256,1,0,17,166c01002f001f000000000795000000
5741,199,256,1,0,17,166d01001b000e0000000000ba000000
5742,1820,256,1,0,17,166e01002e001e00000000070f000000
5743,214,256,1,0,17,166f01001c000e0000000000c9000000
5744,349,256,1,0,17,16700100400005000000000150000000
5745,208,256,1,0,17,167101004400060000000000c3000000
5746,1665,256,1,0,17,167201006e0016000000000674000000
5747,9687,256,1,0,17,167301009200470000000025ca000000
5748,199,257,1,0,17,167401017400130000000000ba000000
5749,6,1557,0,0,-1,167506159600
5750,6,1557,0,0,-1,167606159601
5751,6,1557,0,0,-1,167706159602
5752,6,1557,0,0,-1,167806159603
5753,6,1557,0,0,-1,167906159604
5754,6,1557,0,0,-1,167a06159605
5755,6,1557,0,0,-1,167b06159606
5756,6,1557,0,0,-1,167c06159607
5757,6,1557,0,0,-1,167d06159608
5758,6,1557,0,0,-1,167e06159609
5759,6,1557,0,0,-1,167f0615960a
5760,6,1557,0,0,-1,16800615960b
5761,6,1557,0,0,-1,16810615960c
5762,6,1557,0,0,-1,16820615960d
5777,206,256,1,0,17,169101000f000f0000000000c1000000
5778,16490,257,1,0,97,169201010a00200a0000000000190020
5779,27062,257,1,0,97,16930101da00290a00000000002f0029
5780,21760,257,1,0,97,169401018f00200a0000000000270020
5790,6,1558,0,0,-1,169e06169200
5791,6,1558,0,0,-1,169f06169201
5792,6,1558,0,0,-1,16a006169202
5793,6,1558,0,0,-1,16a106169203
5794,6,1558,0,0,-1,16a206169204
5795,6,1558,0,0,-1,16a306169205
5796,6,1558,0,0,-1,16a406169206
5797,6,1558,0,0,-1,16a506169207
5798,6,1558,0,0,-1,16a606169208
5799,6,1558,0,0,-1,16a706169209
5800,6,1558,0,0,-1,16a806169300
5801,6,1558,0,0,-1,16a906169301
5802,6,1558,0,0,-1,16aa06169302
5803,6,1558,0,0,-1,16ab06169303
5804,6,1558,0,0,-1,16ac06169304
5805,6,1558,0,0,-1,16ad06169305
5806,6,1558,0,0,-1,16ae06169306
5807,6,1558,0,0,-1,16af06169307
5808,6,1558,0,0,-1,16b006169308
5809,6,1558,0,0,-1,16b106169309
5810,6,1558,0,0,-1,16b206169400
5811,6,1558,0,0,-1,16b306169401
5812,6,1558,0,0,-1,16b406169402
5813,6,1558,0,0,-1,16b506169403
5814,6,1558,0,0,-1,16b606169404
5815,6,1558,0,0,-1,16b706169405
5816,6,1558,0,0,-1,16b806169406
5817,6,1558,0,0,-1,16b906169407
5818,6,1558,0,0,-1,16ba06169408
5819,6,1558,0,0,-1,16bb06169409
5820,363,768,0,0,-1,16bc030064030a00220029000e002400
5822,488,256,1,0,17,16be01001000160000000001db000000
5823,318,256,1,0,17,16bf0100100016000000000131000000
5824,529,256,1,0,17,16c00100100016000000000204000000
5825,321,256,1,0,17,16c10100100016000000000134000000
5826,415,256,1,0,17,16c20100140018000000000192000000
5827,342,256,1,0,17,16c30100140018000000000149000000
5828,385,256,1,0,17,16c40100140018000000000174000000
5829,291,256,1,0,17,16c50100140018000000000116000000
5830,428,256,1,0,17,16c601000c000800000000019f000000
5831,437,256,1,0,17,16c701000c00080000000001a8000000
5832,12803,256,1,0,17,16c801004000500000000031f6000000
5833,12933,256,1,0,17,16c90100400050000000003278000000
5834,13745,256,1,0,17,16ca01004000500000000035a4000000
5835,12828,256,1,0,17,16cb010040005000000000320f000000
5836,6,1558,0,0,-1,16cc0616310f
5837,1586,256,1,0,17,16cd01002d0014000000000625000000
5838,3376,256,1,0,25,16ce0100320024010000000000320024
5839,6,1554,0,0,-1,16cf0612df00
5840,6,1554,0,0,-1,16d00612df01
5841,6,1554,0,0,-1,16d10612df02
5842,6,1554,0,0,-1,16d20612df03
5875,2493,256,1,0,17,16f301003500210000000009b0000000
5876,6,1558,0,0,-1,16f406163110
5877,1706553,261,1,0,17,16f501050003c00000001a0a2c000000
5878,2358,1044,0,0,-1,16f604140003c0020302000060000a00
5879,6,1552,0,0,-1,16f70610c800
5880,6,1552,0,0,-1,16f80610ca00
5881,6,1552,0,0,-1,16f90610cc00
5882,6,1552,0,0,-1,16fa0610ce00
5883,6,1552,0,0,-1,16fb0610d000
5940,6,1557,0,0,-1,173406152600
5941,6,1557,0,0,-1,173506152601
5942,6,1557,0,0,-1,173606152602
5943,6,1557,0,0,-1,173706152603
5944,6,1557,0,0,-1,173806152604
5945,6,1557,0,0,-1,173906152605
5948,6,1557,0,0,-1,173c06152f00
5949,6,1557,0,0,-1,173d06152f01
5950,6,1557,0,0,-1,173e06152f02
5951,6,1557,0,0,-1,173f06152f03
5952,6,1557,0,0,-1,174006152f04
5953,6,1557,0,0,-1,174106152f05
5956,176,256,1,0,17,1744010011000a0000000000a3000000
5957,436,256,1,0,17,1745010040000e0000000001a7000000
5958,6,1557,0,0,-1,174606159d04
5960,6,1558,0,0,-1,174806163111
5961,6,1558,0,0,-1,174906163112
5962,6,1558,0,0,-1,174a06163113
5963,99856,257,1,0,121,174b01014001400d0000000000500050
5964,6,1557,0,0,-1,174c06159800
5965,6,1557,0,0,-1,174d06159801
5966,6,1557,0,0,-1,174e06159802
5967,6,1557,0,0,-1,174f06159803
5968,6,1557,0,0,-1,175006159804
5969,6,1557,0,0,-1,175106159805
5970,6,1557,0,0,-1,175206159806
5971,6,1557,0,0,-1,175306159807
5972,6,1557,0,0,-1,175406159808
5973,6,1557,0,0,-1,175506159809
5974,6,1557,0,0,-1,17560615980a
5975,6,1557,0,0,-1,17570615980b
5976,305,256,1,0,17,175801003b000f000000000124000000
5977,304,256,1,0,17,175901003b000f000000000123000000
5978,243,256,1,0,17,175a010025000f0000000000e6000000
5979,337,256,1,0,17,175b010023000e000000000144000000
5980,337,3328,0,0,-1,175c0d0041000f00010300000001ff00
5981,342,3328,0,0,-1,175d0d0041000f00010300000001ff00
5982,338,3328,0,0,-1,175e0d0041000f00010300000001ff00
5983,347,3328,0,0,-1,175f0d0041000f00010300000001ff00
5984,334,3328,0,0,-1,17600d0041000f00010300000001ff00
5985,2100,256,1,0,17,17610100450014000000000827000000
5986,2100,256,1,0,17,17620100450014000000000827000000
5987,3843,257,1,0,17,17630101750017000000000ef6000000
5988,1223,256,1,0,17,176401001c001b0000000004ba000000
5990,6,1554,0,0,-1,17660612c100
5991,6,1554,0,0,-1,17670612c101
5992,6,1554,0,0,-1,17680612c102
5993,6,1554,0,0,-1,17690612c103
5994,6,1554,0,0,-1,176a0612c104
5995,6,1554,0,0,-1,176b0612c105
5998,8548,257,1,0,81,176e01012b0026080000000000220026
5999,6,1559,0,0,-1,176f06176e00
6000,6,1559,0,0,-1,177006176e01
6001,6,1559,0,0,-1,177106176e02
6002,6,1559,0,0,-1,177206176e03
6003,6,1559,0,0,-1,177306176e04
6004,6,1559,0,0,-1,177406176e05
6005,6,1559,0,0,-1,177506176e06
6006,6,1559,0,0,-1,177606176e07
6007,103,768,0,0,-1,17770300640108002b00270002000500
6027,6,1556,0,0,-1,178b0614fb00
6028,6,1556,0,0,-1,178c0614fb01
6029,6,1556,0,0,-1,178d0614fb02
6030,6,1556,0,0,-1,178e0614fb03
6031,6,1556,0,0,-1,178f0614fb04
6032,6,1556,0,0,-1,17900614fb05
6033,6,1556,0,0,-1,17910614fb06
6034,6,1557,0,0,-1,179206150300
6035,6,1557,0,0,-1,179306150301
6036,6,1557,0,0,-1,179406150302
6037,6,1557,0,0,-1,179506150303
6038,6,1557,0,0,-1,179606150304
6039,6,1557,0,0,-1,179706150305
6040,6,1557,0,0,-1,179806150306
6041,6,1557,0,0,-1,179906150307
6048,6,1557,0,0,-1,17a006153800
6049,6,1557,0,0,-1,17a106153801
6050,6,1557,0,0,-1,17a206153802
6051,6,1557,0,0,-1,17a306153803
6052,6,1557,0,0,-1,17a406153804
6053,6,1557,0,0,-1,17a506153805
6054,6,1557,0,0,-1,17a606153806
6058,6,1557,0,0,-1,17aa06154300
6059,6,1557,0,0,-1,17ab06154301
6060,6,1557,0,0,-1,17ac06154302
6061,6,1557,0,0,-1,17ad06154303
6062,6,1557,0,0,-1,17ae06154304
6068,6,1557,0,0,-1,17b406154e00
6069,6,1557,0,0,-1,17b506154e01
6070,6,1557,0,0,-1,17b606154e02
6071,6,1557,0,0,-1,17b706154e03
6072,6,1557,0,0,-1,17b806154e04
6073,6,1557,0,0,-1,17b906154e05
6077,3830,256,1,0,17,17bd010026002c000000000ee9000000
6078,4191,256,1,0,17,17be010026002c000000001052000000
6079,4785,256,1,0,17,17bf010026002c0000000012a4000000
6080,6,1557,0,0,-1,17c006155900
6082,6,1557,0,0,-1,17c206155901
6083,6,1557,0,0,-1,17c306155902
6084,6,1557,0,0,-1,17c406155903
6085,6,1557,0,0,-1,17c506155904
6086,6,1557,0,0,-1,17c606155905
6087,6,1557,0,0,-1,17c706155906
6090,6,1557,0,0,-1,17ca06156300
6091,6,1557,0,0,-1,17cb06156301
6092,6,1557,0,0,-1,17cc06156302
6093,6,1557,0,0,-1,17cd06156303
6094,6,1557,0,0,-1,17ce06156304
6095,6,1557,0,0,-1,17cf06156305
6101,816,256,1,0,17,17d50100140014000000000323000000
6102,846,256,1,0,17,17d60100140014000000000341000000
6103,826,256,1,0,17,17d7010014001400000000032d000000
6104,823,256,1,0,17,17d8010014001400000000032a000000
6105,823,256,1,0,17,17d9010014001400000000032a000000
6106,818,256,1,0,17,17da0100140014000000000325000000
6107,822,256,1,0,17,17db0100140014000000000329000000
6108,840,256,1,0,17,17dc010014001400000000033b000000
6109,817,256,1,0,17,17dd0100140014000000000324000000
6110,818,256,1,0,17,17de0100140014000000000325000000
6111,807,256,1,0,17,17df010014001400000000031a000000
6112,823,256,1,0,17,17e0010014001400000000032a000000
6113,809,256,1,0,17,17e1010014001400000000031c000000
6114,805,256,1,0,17,17e20100140014000000000318000000
6115,807,256,1,0,17,17e3010014001400000000031a000000
6116,802,256,1,0,17,17e40100140014000000000315000000
6117,1986,256,1,0,17,17e501003000300000000007b5000000
6118,1931,256,1,0,17,17e6010030003000000000077e000000
6119,2021,256,1,0,17,17e701003000300000000007d8000000
6120,2043,256,1,0,17,17e801003000300000000007ee000000
6121,2107,256,1,0,17,17e9010030003000000000082e000000
6122,1935,256,1,0,17,17ea0100300030000000000782000000
6123,1963,256,1,0,17,17eb010030003000000000079e000000
6124,2138,256,1,0,17,17ec010030003000000000084d000000
6125,1933,256,1,0,17,17ed0100300030000000000780000000
6126,1963,256,1,0,17,17ee010030003000000000079e000000
6127,1997,256,1,0,17,17ef01003000300000000007c0000000
6128,1957,256,1,0,17,17f00100300030000000000798000000
6129,2063,256,1,0,17,17f10100300030000000000802000000
6130,2020,256,1,0,17,17f201003000300000000007d7000000
6131,2060,256,1,0,17,17f301003000300000000007ff000000
6132,1973,256,1,0,17,17f401003000300000000007a8000000
6133,2668,256,1,0,17,17f50100300030000000000a5f000000
6134,2774,256,1,0,17,17f60100300030000000000ac9000000
6135,2773,256,1,0,17,17f70100300030000000000ac8000000
6136,2756,256,1,0,17,17f80100300030000000000ab7000000
6137,2767,256,1,0,17,17f90100300030000000000ac2000000
6138,2792,256,1,0,17,17fa0100300030000000000adb000000
6139,2880,256,1,0,17,17fb0100300030000000000b33000000
6140,2840,256,1,0,17,17fc0100300030000000000b0b000000
6141,2863,256,1,0,17,17fd0100300030000000000b22000000
6142,2808,256,1,0,17,17fe0100300030000000000aeb000000
6143,2786,256,1,0,17,17ff0100300030000000000ad5000000
6144,2824,256,1,0,17,18000100300030000000000afb000000
6145,2882,256,1,0,17,18010100300030000000000b35000000
6146,2700,256,1,0,17,18020100300030000000000a7f000000
6147,2618,256,1,0,17,18030100300030000000000a2d000000
6148,2791,256,1,0,17,18040100300030000000000ada000000
6149,2848,256,1,0,17,18050100300030000000000b13000000
6150,2885,256,1,0,17,18060100300030000000000b38000000
6151,2891,256,1,0,17,18070100300030000000000b3e000000
6152,2908,256,1,0,17,18080100300030000000000b4f000000
6153,2910,256,1,0,17,18090100300030000000000b51000000
6154,2786,256,1,0,17,180a0100300030000000000ad5000000
6155,4149,3328,0,0,-1,180b0d003000300001030000000d7445
6156,2897,256,1,0,17,180c0100300030000000000b44000000
6157,2939,256,1,0,17,180d0100300030000000000b6e000000
6158,2912,256,1,0,17,180e0100300030000000000b53000000
6159,2810,256,1,0,17,180f0100300030000000000aed000000
6160,2900,256,1,0,17,18100100300030000000000b47000000
6161,2956,256,1,0,17,18110100300030000000000b7f000000
6162,2895,256,1,0,17,18120100300030000000000b42000000
6163,2913,256,1,0,17,18130100300030000000000b54000000
6164,2930,256,1,0,17,18140100300030000000000b65000000
6165,2813,256,1,0,17,18150100300030000000000af0000000
6166,2782,256,1,0,17,18160100300030000000000ad1000000
6167,2763,256,1,0,17,18170100300030000000000abe000000
6168,2772,256,1,0,17,18180100300030000000000ac7000000
6169,2830,256,1,0,17,18190100300030000000000b01000000
6170,2718,256,1,0,17,181a0100300030000000000a91000000
6171,7,1304,0,0,-1,181b05180b01ff
6172,2845,256,1,0,17,181c0100300030000000000b10000000
6173,2854,256,1,0,17,181d0100300030000000000b19000000
6174,2804,256,1,0,17,181e0100300030000000000ae7000000
6175,2783,256,1,0,17,181f0100300030000000000ad2000000
6176,2653,256,1,0,17,18200100300030000000000a50000000
6177,2668,256,1,0,17,18210100300030000000000a5f000000
6178,6,1557,0,0,-1,182206156e00
6179,6,1557,0,0,-1,182306156e01
6180,6,1557,0,0,-1,182406156e02
6181,6,1557,0,0,-1,182506156e03
6182,6,1557,0,0,-1,182606156e04
6188,8888,257,1,0,97,182c010102002a0a000000000019002a
6189,146,256,1,0,17,182d01004b000f000000000085000000
6190,44302,258,1,0,97,182e01025d00320a00000000003b0032
6191,17146,257,1,0,81,182f0101370022080000000000210022
6192,11327,257,1,0,97,1830010153001f0a000000000021001f
6193,17727,256,1,0,81,18310100f8002b0800000000001b002b
6194,6,1560,0,0,-1,183206183100
6195,6,1560,0,0,-1,183306183101
6196,6,1560,0,0,-1,183406183102
6197,6,1560,0,0,-1,183506183103
6198,6,1560,0,0,-1,183606183104
6199,6,1560,0,0,-1,183706183105
6200,6,1560,0,0,-1,183806183106
6201,6,1560,0,0,-1,183906183107
6202,6,1560,0,0,-1,183a06183000
6203,6,1560,0,0,-1,183b06183001
6204,6,1560,0,0,-1,183c06183002
6205,6,1560,0,0,-1,183d06183003
6206,6,1560,0,0,-1,183e06183004
6207,6,1560,0,0,-1,183f06183005
6208,6,1560,0,0,-1,184006183006
6209,6,1560,0,0,-1,184106183007
6210,6,1560,0,0,-1,184206183008
6211,6,1560,0,0,-1,184306183009
6212,6,1560,0,0,-1,184406182f00
6213,6,1560,0,0,-1,184506182f01
6214,6,1560,0,0,-1,184606182f02
6215,6,1560,0,0,-1,184706182f03
6216,6,1560,0,0,-1,184806182f04
6217,6,1560,0,0,-1,184906182f05
6218,6,1560,0,0,-1,184a06182f06
6219,6,1560,0,0,-1,184b06182f07
6220,6,1560,0,0,-1,184c06182e00
6221,6,1560,0,0,-1,184d06182e01
6222,6,1560,0,0,-1,184e06182e02
6223,6,1560,0,0,-1,184f06182e03
6224,6,1560,0,0,-1,185006182e04
6225,6,1560,0,0,-1,185106182e05
6226,6,1560,0,0,-1,185206182e06
6227,6,1560,0,0,-1,185306182e07
6228,6,1560,0,0,-1,185406182e08
6229,6,1560,0,0,-1,185506182e09
6230,6,1559,0,0,-1,185606174b00
6231,6,1559,0,0,-1,185706174b01
6232,6,1559,0,0,-1,185806174b02
6233,6,1559,0,0,-1,185906174b03
6234,6,1559,0,0,-1,185a06174b04
6235,6,1559,0,0,-1,185b06174b05
6236,6,1559,0,0,-1,185c06174b06
6237,6,1559,0,0,-1,185d06174b07
6238,6,1560,0,0,-1,185e06182c00
6239,6,1560,0,0,-1,185f06182c01
6240,6,1560,0,0,-1,186006182c02
6241,6,1560,0,0,-1,186106182c03
6242,6,1560,0,0,-1,186206182c04
6243,6,1560,0,0,-1,186306182c05
6244,6,1560,0,0,-1,186406182c06
6245,6,1560,0,0,-1,186506182c07
6246,6,1560,0,0,-1,186606182c08
6247,6,1560,0,0,-1,186706182c09
6248,123,768,0,0,-1,18680300640201001a002b0008002800
6249,123,768,0,0,-1,186903006402010022001f0010001c00
6250,125,768,0,0,-1,186a030064010a003d00320016002600
6251,1131,256,1,0,17,186b010013001300000000045e000000
6252,1256,256,1,0,17,186c01001900190000000004db000000
6253,1190,256,1,0,17,186d01001a0019000000000499000000
6254,1095,256,1,0,17,186e010013001200000000043a000000
6255,963,256,1,0,17,186f01001200120000000003b6000000
6256,1251,256,1,0,17,187001001a001a0000000004d6000000
6257,1190,256,1,0,17,187101001a0019000000000499000000
6258,1009,256,1,0,17,187201001200120000000003e4000000
6259,1007,256,1,0,17,187301001200130000000003e2000000
6260,1303,256,1,0,17,1874010019001a00000000050a000000
6261,1079,256,1,0,17,1875010013001300000000042a000000
6262,1362,256,1,0,17,187601001a0019000000000545000000
6263,6,1560,0,0,-1,187706189200
6264,6,1560,0,0,-1,187806189300
6265,6,1560,0,0,-1,187906189400
6266,6,1560,0,0,-1,187a06189500
6267,6,1559,0,0,-1,187b06174b08
6268,6,1559,0,0,-1,187c06174b09
6269,6,1559,0,0,-1,187d06174b0a
6270,6,1559,0,0,-1,187e06174b0b
6271,2481,256,1,0,17,187f01005800150000000009a4000000
6272,306,256,1,0,17,188001004b000f000000000125000000
6273,340,256,1,0,17,188101004a000f000000000147000000
6274,2214,256,1,0,17,18820100470014000000000899000000
6275,2481,256,1,0,17,188301005800150000000009a4000000
6276,2214,256,1,0,17,18840100470014000000000899000000
6277,5411,256,1,0,17,188501003a0034000000001516000000
6278,3739,256,1,0,17,18860100240024000000000e8e000000
6279,3864,256,1,0,17,18870100240024000000000f0b000000
6280,235,256,1,0,17,1888010025000d0000000000de000000
6281,217,256,1,0,17,1889010019000d0000000000cc000000
6282,220,256,1,0,17,188a010019000d0000000000cf000000
6283,253,256,1,0,17,188b010025000d0000000000f0000000
6284,242,256,1,0,17,188c010025000d0000000000e5000000
6285,236,256,1,0,17,188d010025000d0000000000df000000
6286,332,256,1,0,17,188e010026000f00000000013f000000
6287,251,256,1,0,17,188f010025000d0000000000ee000000
6288,198,256,1,0,17,1890010019000d0000000000b9000000
6289,225,256,1,0,17,1891010025000d0000000000d4000000
6290,11063,256,1,0,25,189201003d0049010000000000380049
6291,11959,256,1,0,25,189301003f004b0100000000003a004b
6292,10745,256,1,0,25,189401003d0049010000000000380049
6293,11011,256,1,0,25,189501003d0049010000000000380049
6294,228,256,1,0,17,1896010017001c0000000000d7000000
6295,170,256,1,0,17,1897010096001c00000000009d000000
6296,172,256,1,0,17,1898010017009600000000009f000000
6297,346,256,1,0,17,1899010096009600000000014d000000
6298,208,256,1,0,17,189a01003f00020000000000c3000000
6299,315,256,1,0,17,189b010046001200000000012e000000
6300,291,256,1,0,17,189c01003a000f000000000116000000
6301,313,256,1,0,17,189d01003b000f00000000012c000000
6302,9957,256,1,0,17,189e01009e007c0000000026d8000000
6303,1868,256,1,0,17,189f010026001600000000073f000000
6304,13441,256,1,0,33,18a00100bf00450200000000005c0045
6305,25855,257,1,0,57,18a10101ef003a05000000000061003a
6306,58382,258,1,0,81,18a20102e3004e0800000000005d004e
6307,6261,256,1,0,49,18a30100ed00280400000000000f0028
6308,6,1560,0,0,-1,18a40618a102
6309,6,1560,0,0,-1,18a50618a103
6310,6,1560,0,0,-1,18a60618a104
6311,6,1560,0,0,-1,18a70618a000
6312,6,1560,0,0,-1,18a80618a001
6313,6,1560,0,0,-1,18a90618a300
6314,6,1560,0,0,-1,18aa0618a301
6315,6,1560,0,0,-1,18ab0618a302
6316,6,1560,0,0,-1,18ac0618a303
6318,6,1560,0,0,-1,18ae0618a200
6319,6,1560,0,0,-1,18af0618a201
6320,6,1560,0,0,-1,18b00618a202
6321,6,1560,0,0,-1,18b10618a203
6322,6,1560,0,0,-1,18b20618a204
6323,6,1560,0,0,-1,18b30618a205
6324,6,1560,0,0,-1,18b40618a206
6325,6,1560,0,0,-1,18b50618a207
6329,30118,257,1,0,65,18b90101130050060000000000360050
6330,1068,256,1,0,41,18ba01001b00110300000000001b0005
6331,5238,256,1,0,65,18bb01005400270600000000001a0006
6332,43054,258,1,0,65,18bc010227004b06000000000066004b
6333,7536,256,1,0,57,18bd010082002d05000000000006002d
6334,6,1560,0,0,-1,18be0618bd00
6336,6,1560,0,0,-1,18c00618bd01
6341,6,1560,0,0,-1,18c50618bc00
6342,6,1560,0,0,-1,18c60618bc01
6343,6,1560,0,0,-1,18c70618bc02
6344,6,1560,0,0,-1,18c80618bc03
6345,6,1560,0,0,-1,18c90618bc04
6346,6,1560,0,0,-1,18ca0618bc05
6350,6,1560,0,0,-1,18ce0618bb00
6351,6,1560,0,0,-1,18cf0618bb01
6352,6,1560,0,0,-1,18d00618bb02
6353,6,1560,0,0,-1,18d10618bb03
6354,6,1560,0,0,-1,18d20618bb04
6355,6,1560,0,0,-1,18d30618bb05
6356,6,1560,0,0,-1,18d40618ba00
6357,6,1560,0,0,-1,18d50618ba01
6358,6,1560,0,0,-1,18d60618ba02
6359,6,1560,0,0,-1,18d70618b900
6360,6,1560,0,0,-1,18d80618b901
6361,6,1560,0,0,-1,18d90618b902
6362,6,1560,0,0,-1,18da0618b903
6363,6,1560,0,0,-1,18db0618b904
6364,6,1560,0,0,-1,18dc0618b905
6365,6,1554,0,0,-1,18dd0612df04
6366,6,1554,0,0,-1,18de0612df05
6371,6,1558,0,0,-1,18e30616ce00
6375,6,1554,0,0,-1,18e706129f00
6376,6,1554,0,0,-1,18e806129f01
6377,6,1554,0,0,-1,18e90612ac00
6378,6,1554,0,0,-1,18ea0612ac01
6379,6,1554,0,0,-1,18eb0612ac02
6380,6,1554,0,0,-1,18ec0612ac03
6381,6,1554,0,0,-1,18ed0612ac04
6382,6,1554,0,0,-1,18ee0612ac05
6386,6,1554,0,0,-1,18f20612d500
6387,6,1554,0,0,-1,18f30612d501
6388,6,1554,0,0,-1,18f40612d502
6390,43609,257,1,0,81,18f60101ed0079080000000000220079
6391,70424,257,1,0,25,18f701012900a50100000000012900a5
6392,108466,258,1,0,65,18f80102a80061060000000000770061
6393,46965,257,1,0,73,18f90101250050070000000000250050
6394,11926,256,1,0,73,18fa0100960041070000000000250021
6395,33662,257,1,0,49,18fb01010b005a04000000000034005a
6396,14771,256,1,0,33,18fc0100ad0037020000000000570037
6397,6,1555,0,0,-1,18fd06130600
6398,6,1555,0,0,-1,18fe06130601
6400,6,1555,0,0,-1,190006131000
6401,6,1555,0,0,-1,190106131001
6402,6,1555,0,0,-1,190206131002
6403,6,1555,0,0,-1,190306133700
6405,6,1555,0,0,-1,190506133701
6407,6,1555,0,0,-1,190706133702
6409,6,1555,0,0,-1,190906134300
6410,6,1555,0,0,-1,190a06134301
6411,6,1555,0,0,-1,190b06134302
6412,6,1555,0,0,-1,190c06134303
6413,6,1555,0,0,-1,190d06134304
6414,6,1555,0,0,-1,190e06134305
6418,6,1555,0,0,-1,191206136900
6419,6,1555,0,0,-1,191306136901
6420,6,1555,0,0,-1,191406136902
6421,6,1555,0,0,-1,191506136903
6422,6,1555,0,0,-1,191606136904
6423,6,1555,0,0,-1,191706136905
6429,6,1555,0,0,-1,191d06137500
6430,6,1555,0,0,-1,191e06137501
6431,6,1555,0,0,-1,191f06137502
6432,6,1555,0,0,-1,192006137503
6433,6,1555,0,0,-1,192106137504
6434,6,1555,0,0,-1,192206137505
6440,6,1555,0,0,-1,192806139e00
6441,6,1555,0,0,-1,192906139e01
6442,6,1555,0,0,-1,192a06139e02
6443,6,1555,0,0,-1,192b06139e03
6444,6,1555,0,0,-1,192c06139e04
6445,6,1555,0,0,-1,192d06139e05
6446,6,1555,0,0,-1,192e06139e06
6447,6,1555,0,0,-1,192f0613aa00
6448,6,1555,0,0,-1,19300613aa01
6449,6,1555,0,0,-1,19310613aa02
6450,6,1555,0,0,-1,19320613aa03
6451,6,1555,0,0,-1,19330613aa04
6452,6,1555,0,0,-1,19340613aa05
6453,6,1555,0,0,-1,19350613aa06
6454,6,1555,0,0,-1,19360613aa07
6458,6,1560,0,0,-1,193a0618f600
6459,6,1560,0,0,-1,193b0618f601
6460,6,1560,0,0,-1,193c0618f602
6461,6,1560,0,0,-1,193d0618f603
6462,6,1560,0,0,-1,193e0618f604
6463,6,1560,0,0,-1,193f0618f605
6464,6,1560,0,0,-1,19400618f606
6465,6,1560,0,0,-1,19410618f607
6469,6,1560,0,0,-1,19450618f800
6470,6,1560,0,0,-1,19460618f801
6471,6,1560,0,0,-1,19470618f802
6472,6,1560,0,0,-1,19480618f803
6473,6,1560,0,0,-1,19490618f804
6474,6,1560,0,0,-1,194a0618f805
6478,6,1560,0,0,-1,194e0618f900
6479,6,1560,0,0,-1,194f0618f901
6480,6,1560,0,0,-1,19500618f902
6481,6,1560,0,0,-1,19510618f903
6482,6,1560,0,0,-1,19520618f904
6483,6,1560,0,0,-1,19530618f905
6484,6,1560,0,0,-1,19540618f906
6489,6,1560,0,0,-1,19590618fa00
6490,6,1560,0,0,-1,195a0618fa01
6491,6,1560,0,0,-1,195b0618fa02
6492,6,1560,0,0,-1,195c0618fa03
6493,6,1560,0,0,-1,195d0618fa04
6494,6,1560,0,0,-1,195e0618fa05
6495,6,1560,0,0,-1,195f0618fa06
6500,6,1560,0,0,-1,19640618fb00
6501,6,1560,0,0,-1,19650618fb01
6502,6,1560,0,0,-1,19660618fb02
6503,6,1560,0,0,-1,19670618fb03
6504,6,1560,0,0,-1,19680618fc00
6505,6,1560,0,0,-1,19690618fc01
6510,93709,258,1,0,49,196e0102120071040000000000810071
6511,55876,257,1,0,33,196f0101160088020000000000810088
6512,81872,258,1,0,49,197001026500660400000000007f0066
6513,53702,257,1,0,33,1971010128008f0200000000007f008f
6514,100967,258,1,0,57,197201026f00850500000000006e0085
6515,34844,257,1,0,33,19730101360067020000000000970067
6516,6,1556,0,0,-1,197406142100
6524,6,1556,0,0,-1,197c06142a00
6525,6,1556,0,0,-1,197d06142a01
6526,6,1556,0,0,-1,197e06142a02
6527,6,1556,0,0,-1,197f06142a03
6528,6,1556,0,0,-1,198006145000
6529,6,1556,0,0,-1,198106145001
6532,6,1556,0,0,-1,198406145a00
6533,6,1556,0,0,-1,198506145a01
6534,6,1556,0,0,-1,198606145a02
6535,6,1556,0,0,-1,198706145a03
6536,6,1556,0,0,-1,198806145a04
6537,6,1556,0,0,-1,198906145a05
6539,6,1556,0,0,-1,198b06148200
6540,6,1556,0,0,-1,198c06148201
6541,6,1556,0,0,-1,198d06148202
6544,6,1556,0,0,-1,199006148b00
6545,6,1556,0,0,-1,199106148b01
6546,6,1556,0,0,-1,199206148b02
6548,6,1556,0,0,-1,19940614b500
6549,6,1556,0,0,-1,19950614b501
6550,6,1556,0,0,-1,19960614b502
6552,6,1556,0,0,-1,19980614bf00
6553,6,1556,0,0,-1,19990614bf01
6554,6,1556,0,0,-1,199a0614bf02
6556,6,1561,0,0,-1,199c06196e00
6557,6,1561,0,0,-1,199d06196e01
6558,6,1561,0,0,-1,199e06196e02
6559,6,1561,0,0,-1,199f06196e03
6562,6,1561,0,0,-1,19a206196f00
6563,6,1561,0,0,-1,19a306196f01
6564,6,1561,0,0,-1,19a406197000
6565,6,1561,0,0,-1,19a506197001
6566,6,1561,0,0,-1,19a606197002
6567,6,1561,0,0,-1,19a706197003
6570,6,1561,0,0,-1,19aa06197100
6571,6,1561,0,0,-1,19ab06197101
6573,6,1561,0,0,-1,19ad06197200
6574,6,1561,0,0,-1,19ae06197201
6575,6,1561,0,0,-1,19af06197202
6576,6,1561,0,0,-1,19b006197203
6577,6,1561,0,0,-1,19b106197204
6578,6,1561,0,0,-1,19b206197300
6579,6,1561,0,0,-1,19b306197301
6580,6,1553,0,0,-1,19b40611fb03
6581,6,1553,0,0,-1,19b50611fb04
6582,6,1553,0,0,-1,19b60611fb05
6583,6,1553,0,0,-1,19b70611fb06
6586,6,1553,0,0,-1,19ba0611fb07
6587,4186,256,1,0,25,19bb010028004e01000000000028004e
6588,8278,256,1,0,41,19bc01008e0034030000000000300034
6589,56085,257,1,0,33,19bd0101350074020000000000980074
6590,44561,257,1,0,33,19be010133006a0200000000009a006a
6591,155742,259,1,0,73,19bf01038d006a07000000000099006a
6592,81953,258,1,0,57,19c00102dc0051050000000000870051
6593,6,1561,0,0,-1,19c10619bb00
6594,6,1561,0,0,-1,19c20619bc00
6595,6,1561,0,0,-1,19c30619bc01
6596,6,1561,0,0,-1,19c40619bc02
6597,6,1561,0,0,-1,19c50619bd00
6598,6,1561,0,0,-1,19c60619bd01
6599,6,1561,0,0,-1,19c70619be00
6600,6,1561,0,0,-1,19c80619be01
6605,6,1561,0,0,-1,19cd0619bf00
6606,6,1561,0,0,-1,19ce0619bf01
6607,6,1561,0,0,-1,19cf0619bf02
6608,6,1561,0,0,-1,19d00619bf03
6609,6,1561,0,0,-1,19d10619bf04
6610,6,1561,0,0,-1,19d20619bf05
6611,6,1561,0,0,-1,19d30619bf06
6616,6,1561,0,0,-1,19d80619c000
6617,6,1561,0,0,-1,19d90619c001
6618,6,1561,0,0,-1,19da0619c002
6619,6,1561,0,0,-1,19db0619c003
6620,6,1561,0,0,-1,19dc0619c004
6624,10581,256,1,0,73,19e00100af0044070000000000190044
6625,6,1553,0,0,-1,19e106117e00
6626,6,1553,0,0,-1,19e206117e01
6632,6,1561,0,0,-1,19e80619e000
6639,6,1561,0,0,-1,19ef0619f902
6640,36888,257,1,0,65,19f0010119004a0600000000002f004a
6641,10576,256,1,0,65,19f101008a00350600000000002e001a
6642,20522,256,1,0,41,19f20100a500440300000000002f0044
6643,19676,256,1,0,41,19f30100d80030030000000000490030
6644,10799,256,1,0,41,19f40100ae00250300000000000e0003
6645,7479,256,1,0,49,19f50100520042040000000000330013
6646,12139,256,1,0,41,19f601007900440300000000003d0044
6647,47531,257,1,0,81,19f701016c00480800000000002d0048
6648,14115,256,1,0,81,19f80100bf003a0800000000002e0018
6649,20990,256,1,0,41,19f90100bd0052030000000000360052
6650,14256,256,1,0,33,19fa0100bb00280200000000005e0028
6651,3153,256,1,0,57,19fb01002e002f0500000000002e0017
6652,48089,257,1,0,81,19fc0101530062080000000000270062
6663,6,1561,0,0,-1,1a070619f000
6664,6,1561,0,0,-1,1a080619f001
6665,6,1561,0,0,-1,1a090619f002
6666,6,1561,0,0,-1,1a0a0619f003
6667,6,1561,0,0,-1,1a0b0619f004
6668,6,1561,0,0,-1,1a0c0619f005
6671,6,1561,0,0,-1,1a0f0619f100
6672,6,1561,0,0,-1,1a100619f101
6673,6,1561,0,0,-1,1a110619f102
6674,6,1561,0,0,-1,1a120619f103
6675,6,1561,0,0,-1,1a130619f104
6676,6,1561,0,0,-1,1a140619f105
6679,6,1561,0,0,-1,1a170619f200
6680,6,1561,0,0,-1,1a180619f201
6681,6,1561,0,0,-1,1a190619f202
6683,6,1561,0,0,-1,1a1b0619f300
6684,6,1561,0,0,-1,1a1c0619f301
6685,6,1561,0,0,-1,1a1d0619f302
6688,6,1561,0,0,-1,1a200619f400
6689,6,1561,0,0,-1,1a210619f401
6690,6,1561,0,0,-1,1a220619f402
6693,6,1561,0,0,-1,1a250619f500
6694,6,1561,0,0,-1,1a260619f501
6695,6,1561,0,0,-1,1a270619f502
6699,6,1561,0,0,-1,1a2b0619f600
6704,6,1561,0,0,-1,1a300619f700
6705,6,1561,0,0,-1,1a310619f701
6706,6,1561,0,0,-1,1a320619f702
6707,6,1561,0,0,-1,1a330619f703
6708,6,1561,0,0,-1,1a340619f704
6709,6,1561,0,0,-1,1a350619f705
6710,6,1561,0,0,-1,1a360619f706
6711,6,1561,0,0,-1,1a370619f707
6712,6,1561,0,0,-1,1a380619f800
6713,6,1561,0,0,-1,1a390619f801
6714,6,1561,0,0,-1,1a3a0619f802
6715,6,1561,0,0,-1,1a3b0619f803
6716,6,1561,0,0,-1,1a3c0619f804
6717,6,1561,0,0,-1,1a3d0619f805
6718,6,1561,0,0,-1,1a3e0619f806
6719,6,1561,0,0,-1,1a3f0619f807
6720,6,1561,0,0,-1,1a400619f900
6721,6,1561,0,0,-1,1a410619f901
6723,6,1561,0,0,-1,1a430619fa00
6724,6,1561,0,0,-1,1a440619fa01
6727,6,1561,0,0,-1,1a470619fb00
6728,6,1561,0,0,-1,1a480619fb01
6729,6,1561,0,0,-1,1a490619fb02
6730,6,1561,0,0,-1,1a4a0619fb03
6731,6,1561,0,0,-1,1a4b0619fb04
6734,6,1561,0,0,-1,1a4e0619fc00
6735,6,1561,0,0,-1,1a4f0619fc01
6736,6,1561,0,0,-1,1a500619fc02
6737,6,1561,0,0,-1,1a510619fc03
6738,6,1561,0,0,-1,1a520619fc04
6739,6,1561,0,0,-1,1a530619fc05
6740,6,1561,0,0,-1,1a540619fc06
6741,6,1561,0,0,-1,1a550619fc07
6744,302,256,1,0,17,1a5801003b000f000000000121000000
6745,287,256,1,0,17,1a59010034000f000000000112000000
6746,307,256,1,0,17,1a5a01003a000f000000000126000000
6747,428,256,1,0,17,1a5b010076000f00000000019f000000
6748,295,256,1,0,17,1a5c01003b000f00000000011a000000
6749,301,256,1,0,17,1a5d01003a000f000000000120000000
6750,371,256,1,0,17,1a5e010057000f000000000166000000
6751,386,256,1,0,17,1a5f010058000f000000000175000000
6752,267,256,1,0,17,1a6001003c000f0000000000fe000000
6753,310,256,1,0,17,1a6101003b000f000000000129000000
6754,373,256,1,0,17,1a62010058000f000000000168000000
6755,341,256,1,0,17,1a6301005a000f000000000148000000
6756,6,1554,0,0,-1,1a6406122101
6757,6,1554,0,0,-1,1a6506122102
6758,6,1554,0,0,-1,1a6606122103
6759,328,256,1,0,17,1a67010046001200000000013b000000
6760,347,256,1,0,17,1a68010046001200000000014e000000
6761,358,256,1,0,17,1a690100460012000000000159000000
6762,314,256,1,0,17,1a6a010046001200000000012d000000
6763,344,256,1,0,17,1a6b010046001200000000014b000000
6764,330,256,1,0,17,1a6c010046001200000000013d000000
6765,337,256,1,0,17,1a6d0100460012000000000144000000
6766,6376,256,1,0,17,1a6e01005b00270000000018db000000
6767,54304,259,1,0,57,1a6f0103920058050000000000660058
6768,6,1554,0,0,-1,1a7006122a00
6769,6,1554,0,0,-1,1a7106122a01
6770,6,1554,0,0,-1,1a7206122a02
6771,6,1554,0,0,-1,1a7306122a03
6772,6,1554,0,0,-1,1a7406122a04
6773,6,1554,0,0,-1,1a7506122a05
6774,6,1562,0,0,-1,1a76061a6f00
6775,6,1562,0,0,-1,1a77061a6f01
6776,6,1562,0,0,-1,1a78061a6f02
6777,6,1562,0,0,-1,1a79061a6f03
6778,6,1562,0,0,-1,1a7a061a6f04
6779,6,1563,0,0,-1,1a7b061bdd00
6780,6,1560,0,0,-1,1a7c0618f700
6781,6,1563,0,0,-1,1a7d061bdc00
6782,6,1563,0,0,-1,1a7e061bde00
6783,3589,256,1,0,113,1a7f0100c300180c01440000ff7f00c3
6786,6,1562,0,0,-1,1a82061a7f00
6787,6,1562,0,0,-1,1a83061a7f01
6788,6,1562,0,0,-1,1a84061a7f02
6789,6,1562,0,0,-1,1a85061a7f03
6790,6,1559,0,0,-1,1a8606174b0c
6794,170,768,0,0,-1,1a8a0300640111005000c30050000c00
6795,94,768,0,0,-1,1a8b0300640401012a00b10091008a00
6796,208,256,1,0,17,1a8c010030000b0000000000c3000000
6797,4536,256,1,0,17,1a8d01005900160000000011ab000000
6798,494,256,1,0,17,1a8e010030000b0000000001e1000000
6799,5034,256,1,0,17,1a8f010098001700000000139d000000
6800,142,256,1,0,17,1a900100320032000000000081000000
6801,5121,256,1,0,17,1a9101009800170000000013f4000000
6802,406,256,1,0,105,1a9201005e000a0b000000000007000a
6803,2001,256,1,0,17,1a9301003100130000000007c4000000
6804,2037,256,1,0,17,1a9401003100130000000007e8000000
6805,293,256,1,0,17,1a950100080008000000000118000000
6806,225,256,1,0,17,1a96010003000c0000000000d4000000
6807,197,256,1,0,17,1a9701000c00030000000000b8000000
6808,6,1562,0,0,-1,1a98061a9200
6809,6,1562,0,0,-1,1a99061a9201
6810,6,1562,0,0,-1,1a9a061a9202
6811,6,1562,0,0,-1,1a9b061a9203
6812,6,1562,0,0,-1,1a9c061a9204
6813,6,1562,0,0,-1,1a9d061a9205
6814,6,1562,0,0,-1,1a9e061a9206
6815,6,1562,0,0,-1,1a9f061a9207
6816,6,1562,0,0,-1,1aa0061a9208
6817,6,1562,0,0,-1,1aa1061a9209
6818,6,1562,0,0,-1,1aa2061a920a
6819,1744,256,1,0,25,1aa301003a000e0100000000003a000e
6820,2914,256,1,0,17,1aa40100300030000000000b55000000
6821,1835,256,1,0,17,1aa5010030003000000000071e000000
6822,2949,256,1,0,17,1aa60100300030000000000b78000000
6823,1960,256,1,0,17,1aa7010030003000000000079b000000
6824,3032,256,1,0,17,1aa80100300030000000000bcb000000
6825,1792,256,1,0,17,1aa901003000300000000006f3000000
6826,2885,256,1,0,17,1aaa0100300030000000000b38000000
6827,1928,256,1,0,17,1aab010030003000000000077b000000
6828,15470,256,1,0,25,1aac0100450054010002000000420054
6829,13143,256,1,0,25,1aad010045004f01000000000045004f
6830,9914,256,1,0,25,1aae010031004e01000000000031004e
6831,11272,256,1,0,25,1aaf01003c0054010006000400310050
6832,11259,256,1,0,25,1ab00100370053010000000000370053
6833,11914,256,1,0,25,1ab101003c0056010005000500310051
6834,13548,256,1,0,25,1ab201003c00560100000004003a0052
6835,12300,256,1,0,25,1ab30100380051010000000000380051
6836,6,1562,0,0,-1,1ab4061aa300
6844,7605,256,1,0,25,1abc0100590044010000000000590044
6845,8104,256,1,0,25,1abd0100510055010000000000510055
6846,10824,256,1,0,25,1abe01005e005901000000000054005e
6847,14919,256,1,0,25,1abf01003e00760100000000003e0076
6848,6,1562,0,0,-1,1ac0061abc00
6849,6,1562,0,0,-1,1ac1061abd00
6850,6,1553,0,0,-1,1ac206111600
6851,6,1562,0,0,-1,1ac3061abe00
6852,3824,256,1,0,25,1ac401004b00440100000000004b0044
6853,6,1562,0,0,-1,1ac5061ac400
6854,6,1562,0,0,-1,1ac6061abf00
6855,8710,256,1,0,33,1ac7010039005a020000000000390025
6856,32190,256,1,0,33,1ac80100d900730200000000006b0073
6859,39843,257,1,0,41,1acb010142005f03000000000068005f
6865,5809,256,1,0,41,1ad10100520023030000000000190023
6866,6029,256,1,0,57,1ad20100730023050000000000180023
6867,649,256,1,0,33,1ad30100110014020000000000110008
6868,14529,256,1,0,81,1ad40100df00210800000000001b0021
6869,2475,256,1,0,81,1ad5010067000c0800000000000a000c
6870,17685,256,1,0,25,1ad6010084003c01000000000084003c
6871,6,1553,0,0,-1,1ad706117600
6872,6,1553,0,0,-1,1ad806117601
6873,6,1553,0,0,-1,1ad906117602
6874,6,1553,0,0,-1,1ada06117603
6875,6,1553,0,0,-1,1adb06117604
6876,6,1553,0,0,-1,1adc06117605
6877,6,1562,0,0,-1,1add061ad100
6878,6,1562,0,0,-1,1ade061ad101
6879,6,1562,0,0,-1,1adf061ad102
6880,6,1562,0,0,-1,1ae0061ad200
6881,6,1562,0,0,-1,1ae1061ad201
6882,6,1562,0,0,-1,1ae2061ad202
6883,6,1562,0,0,-1,1ae3061ad203
6884,6,1562,0,0,-1,1ae4061ad204
6885,6,1562,0,0,-1,1ae5061ad300
6886,6,1562,0,0,-1,1ae6061ad301
6887,6,1562,0,0,-1,1ae7061ad400
6888,6,1562,0,0,-1,1ae8061ad401
6889,6,1562,0,0,-1,1ae9061ad402
6890,6,1562,0,0,-1,1aea061ad403
6891,6,1562,0,0,-1,1aeb061ad404
6892,6,1562,0,0,-1,1aec061ad405
6893,6,1562,0,0,-1,1aed061ad406
6894,6,1562,0,0,-1,1aee061ad407
6895,6,1562,0,0,-1,1aef061ad500
6896,6,1562,0,0,-1,1af0061ad501
6897,6,1562,0,0,-1,1af1061ad502
6898,6,1562,0,0,-1,1af2061ad503
6899,6,1562,0,0,-1,1af3061ad504
6900,6,1562,0,0,-1,1af4061ad505
6901,6,1562,0,0,-1,1af5061ad506
6902,6,1562,0,0,-1,1af6061ad507
6903,6,1562,0,0,-1,1af7061ad600
6920,6177,256,1,0,33,1b080100340060020000000000340024
6921,6774,256,1,0,25,1b0901003e00460100000000003e0046
6922,11916,256,1,0,33,1b0a010068006c02000000000035006c
6923,8762,256,1,0,41,1b0b01006e0046030000000000330046
6924,6479,256,1,0,57,1b0c0100ea001a0500000000002d001a
6925,4525,256,1,0,33,1b0d01005e001e0200000000002f001e
6926,6,1563,0,0,-1,1b0e061b0801
6927,6,1563,0,0,-1,1b0f061b0900
6928,6,1563,0,0,-1,1b10061b0a00
6929,6,1563,0,0,-1,1b11061b0a01
6930,6,1563,0,0,-1,1b12061b0b00
6931,6,1563,0,0,-1,1b13061b0b01
6932,6,1563,0,0,-1,1b14061b0b02
6940,12573,256,1,0,25,1b1c010078005d01000000000078005d
6941,83410,258,1,0,65,1b1d0102ca0072060000000000790072
6942,6,1553,0,0,-1,1b1e06118900
6943,6,1563,0,0,-1,1b1f061b1c00
6944,6,1563,0,0,-1,1b20061b1d00
6945,6,1563,0,0,-1,1b21061b1d01
6946,6,1563,0,0,-1,1b22061b1d02
6947,6,1563,0,0,-1,1b23061b1d03
6948,6,1563,0,0,-1,1b24061b1d04
6949,6,1563,0,0,-1,1b25061b1d05
6950,864,256,1,0,33,1b26010013000d02000000000007000d
6951,2213,256,1,0,25,1b270100130031010000000000130031
6952,6614,256,1,0,49,1b280100550029040000000000130029
6953,5326,256,1,0,49,1b2901004d001c04000000000014001c
6954,6688,256,1,0,89,1b2a01007300260900000000001d0026
6955,24863,257,1,0,49,1b2b01017400840400000000005d0084
6956,4210,256,1,0,49,1b2c0100980025040000000000260025
6957,7144,256,1,0,49,1b2d01009c0043040000000000270043
6958,1218,256,1,0,41,1b2e01001c0017030000000000100017
6959,16607,256,1,0,81,1b2f0100f100290800000000001d0029
6960,6,1553,0,0,-1,1b300611a401
6962,6,1553,0,0,-1,1b320611a402
6964,6,1553,0,0,-1,1b340611a403
6965,6,1553,0,0,-1,1b350611a404
6966,6,1563,0,0,-1,1b36061b2600
6967,6,1563,0,0,-1,1b37061b2601
6968,6,1563,0,0,-1,1b38061b2700
6969,6,1563,0,0,-1,1b39061b2800
6970,6,1563,0,0,-1,1b3a061b2801
6971,6,1563,0,0,-1,1b3b061b2802
6972,6,1563,0,0,-1,1b3c061b2803
6973,6,1563,0,0,-1,1b3d061b2900
6974,6,1563,0,0,-1,1b3e061b2901
6975,6,1563,0,0,-1,1b3f061b2902
6976,6,1563,0,0,-1,1b40061b2903
6977,6,1563,0,0,-1,1b41061b2a00
6978,6,1563,0,0,-1,1b42061b2a01
6979,6,1563,0,0,-1,1b43061b2a02
6980,6,1563,0,0,-1,1b44061b2a03
6981,6,1563,0,0,-1,1b45061b2a04
6982,6,1563,0,0,-1,1b46061b2a05
6983,6,1563,0,0,-1,1b47061b2a06
6984,6,1563,0,0,-1,1b48061b2a07
6985,6,1563,0,0,-1,1b49061b2a08
6986,6,1563,0,0,-1,1b4a061b2b00
6987,6,1563,0,0,-1,1b4b061b2b01
6988,6,1563,0,0,-1,1b4c061b2b02
6989,6,1563,0,0,-1,1b4d061b2b03
6990,6,1563,0,0,-1,1b4e061b2c00
6991,6,1563,0,0,-1,1b4f061b2c01
6992,6,1563,0,0,-1,1b50061b2c02
6993,6,1563,0,0,-1,1b51061b2c03
6994,6,1563,0,0,-1,1b52061b2d00
6995,6,1563,0,0,-1,1b53061b2d01
6996,6,1563,0,0,-1,1b54061b2d02
6997,6,1563,0,0,-1,1b55061b2d03
6998,6,1563,0,0,-1,1b56061b2e00
6999,6,1563,0,0,-1,1b57061b2e01
7000,6,1563,0,0,-1,1b58061b2e02
7001,6,1563,0,0,-1,1b59061b2f00
7002,6,1563,0,0,-1,1b5a061b2f01
7003,6,1563,0,0,-1,1b5b061b2f02
7004,6,1563,0,0,-1,1b5c061b2f03
7005,6,1563,0,0,-1,1b5d061b2f04
7006,6,1563,0,0,-1,1b5e061b2f05
7007,6,1563,0,0,-1,1b5f061b2f06
7008,6,1563,0,0,-1,1b60061b2f07
7009,6,1562,0,0,-1,1b61061aac00
7010,6,1562,0,0,-1,1b62061aad00
7011,6,1562,0,0,-1,1b63061aae00
7012,6,1562,0,0,-1,1b64061aaf00
7013,6,1562,0,0,-1,1b65061ab000
7014,6,1562,0,0,-1,1b66061ab100
7015,6,1562,0,0,-1,1b67061ab200
7016,6,1562,0,0,-1,1b68061ab300
7017,103,768,0,0,-1,1b690300640108005000540022005300
7018,27137,257,1,0,81,1b6a01019d0046080000000000310046
7019,26483,257,1,0,81,1b6b01010f003c08000000000023003c
7020,48010,257,1,0,81,1b6c01011d00500800000000001c0050
7021,94827,258,1,0,81,1b6d01024c00770800000000004b0077
7022,6,1563,0,0,-1,1b6e061b6a00
7023,6,1563,0,0,-1,1b6f061b6a01
7024,6,1563,0,0,-1,1b70061b6a02
7025,6,1563,0,0,-1,1b71061b6a03
7026,6,1563,0,0,-1,1b72061b6a04
7027,6,1563,0,0,-1,1b73061b6a05
7028,6,1563,0,0,-1,1b74061b6a06
7029,6,1563,0,0,-1,1b75061b6a07
7030,6,1563,0,0,-1,1b76061b6c00
7031,6,1563,0,0,-1,1b77061b6c01
7032,6,1563,0,0,-1,1b78061b6c02
7033,6,1563,0,0,-1,1b79061b6c03
7034,6,1563,0,0,-1,1b7a061b6c04
7035,6,1563,0,0,-1,1b7b061b6c05
7036,6,1563,0,0,-1,1b7c061b6c06
7037,6,1563,0,0,-1,1b7d061b6c07
7038,6,1563,0,0,-1,1b7e061b6d00
7039,6,1563,0,0,-1,1b7f061b6d01
7040,6,1563,0,0,-1,1b80061b6d02
7041,6,1563,0,0,-1,1b81061b6d03
7042,6,1563,0,0,-1,1b82061b6d04
7043,6,1563,0,0,-1,1b83061b6d05
7044,6,1563,0,0,-1,1b84061b6d06
7045,6,1563,0,0,-1,1b85061b6d07
7046,6,1563,0,0,-1,1b86061b6b00
7047,6,1563,0,0,-1,1b87061b6b01
7048,6,1563,0,0,-1,1b88061b6b02
7049,6,1563,0,0,-1,1b89061b6b03
7050,6,1563,0,0,-1,1b8a061b6b04
7051,6,1563,0,0,-1,1b8b061b6b05
7052,6,1563,0,0,-1,1b8c061b6b06
7053,6,1563,0,0,-1,1b8d061b6b07
7054,6,1556,0,0,-1,1b8e06143a00
7055,6,1556,0,0,-1,1b8f06143a01
7056,6,1556,0,0,-1,1b9006143a02
7057,6,1556,0,0,-1,1b9106143a03
7058,6,1556,0,0,-1,1b9206143a04
7059,6,1556,0,0,-1,1b9306143a05
7060,6,1556,0,0,-1,1b9406142101
7061,6,1556,0,0,-1,1b9506142102
7062,6,1556,0,0,-1,1b9606142103
7063,6,1556,0,0,-1,1b9706142104
7064,6,1556,0,0,-1,1b9806144302
7065,6,1556,0,0,-1,1b9906144303
7066,6,1556,0,0,-1,1b9a06144304
7067,6,1556,0,0,-1,1b9b06144305
7068,6,1556,0,0,-1,1b9c06144306
7069,6,1556,0,0,-1,1b9d06144307
7070,6,1552,0,0,-1,1b9e06105200
7071,6,1553,0,0,-1,1b9f0611d100
7072,6,1553,0,0,-1,1ba00611d700
7073,6,1553,0,0,-1,1ba10611d701
7074,6,1553,0,0,-1,1ba20611d702
7075,6,1553,0,0,-1,1ba30611d703
7076,6,1553,0,0,-1,1ba40611d704
7077,6,1553,0,0,-1,1ba50611d705
7078,6,1552,0,0,-1,1ba606105100
7079,6,1552,0,0,-1,1ba706105500
7080,6,1552,0,0,-1,1ba806105400
7081,6,1552,0,0,-1,1ba906105300
7082,3061,256,1,0,81,1baa0100490015080000000000150005
7083,6,1557,0,0,-1,1bab06155701
7084,6,1557,0,0,-1,1bac06155702
7085,6,1557,0,0,-1,1bad06155703
7086,6,1557,0,0,-1,1bae06155704
7087,6,1557,0,0,-1,1baf06155705
7088,6,1557,0,0,-1,1bb006155706
7089,6,1557,0,0,-1,1bb106155707
7090,6,1557,0,0,-1,1bb206157900
7091,6,1557,0,0,-1,1bb306157901
7092,6,1557,0,0,-1,1bb406157902
7093,6,1557,0,0,-1,1bb506157903
7094,6,1557,0,0,-1,1bb606157904
7095,6,1557,0,0,-1,1bb706157905
7096,6,1557,0,0,-1,1bb806157906
7097,6,1557,0,0,-1,1bb906157907
7098,6,1563,0,0,-1,1bba061baa00
7099,6,1563,0,0,-1,1bbb061baa01
7100,6,1563,0,0,-1,1bbc061baa02
7101,6,1563,0,0,-1,1bbd061baa03
7102,6,1563,0,0,-1,1bbe061baa04
7103,6,1563,0,0,-1,1bbf061baa05
7104,6,1563,0,0,-1,1bc0061baa06
7105,6,1563,0,0,-1,1bc1061baa07
7106,6,1561,0,0,-1,1bc20619f503
7107,6,1561,0,0,-1,1bc30619f601
7108,6,1561,0,0,-1,1bc40619f602
7109,5278,256,1,0,81,1bc501008e0015080000000000110015
7110,6,1560,0,0,-1,1bc60618bd02
7111,6,1560,0,0,-1,1bc70618bd03
7112,6,1560,0,0,-1,1bc80618bd04
7113,6,1554,0,0,-1,1bc90612fb00
7114,6,1554,0,0,-1,1bca0612fb01
7115,6,1554,0,0,-1,1bcb0612fb02
7116,6,1554,0,0,-1,1bcc0612fb03
7117,6,1554,0,0,-1,1bcd0612fb04
7118,6,1554,0,0,-1,1bce0612fb05
7119,6,1554,0,0,-1,1bcf0612fb06
7120,6,1554,0,0,-1,1bd00612fb07
7121,6,1563,0,0,-1,1bd1061bc500
7122,6,1563,0,0,-1,1bd2061bc501
7123,6,1563,0,0,-1,1bd3061bc502
7124,6,1563,0,0,-1,1bd4061bc503
7125,6,1563,0,0,-1,1bd5061bc504
7126,6,1563,0,0,-1,1bd6061bc505
7127,6,1563,0,0,-1,1bd7061bc506
7128,6,1563,0,0,-1,1bd8061bc507
7129,6,1555,0,0,-1,1bd906133703
7130,6,1555,0,0,-1,1bda06133704
7131,6,1555,0,0,-1,1bdb06133705
7132,60891,257,1,0,25,1bdc01012b00900100000000012b0090
7133,74228,257,1,0,25,1bdd01013b00ab0100000000013b00ab
7134,1259,256,1,0,25,1bde01000f00200100000000000f0020
7135,6,1554,0,0,-1,1bdf06121100
7136,6,1558,0,0,-1,1be006163102
7137,6,1558,0,0,-1,1be106163103
7138,6,1558,0,0,-1,1be206163104
7139,6,1558,0,0,-1,1be306163105
7140,6,1558,0,0,-1,1be406163106
7141,6,1558,0,0,-1,1be506163107
7142,6,1558,0,0,-1,1be606163108
7143,6,1562,0,0,-1,1be7061a7f04
7144,6,1562,0,0,-1,1be8061a7f05
7145,6,1562,0,0,-1,1be9061a7f06
7146,6,1562,0,0,-1,1bea061a7f07
7147,6,1562,0,0,-1,1beb061a7f08
7148,6,1562,0,0,-1,1bec061a7f09
7149,6,1562,0,0,-1,1bed061a7f0a
7150,6,1562,0,0,-1,1bee061a7f0b
7151,3722,256,1,0,17,1bef0100320017000000000e7d000000
7152,90270,257,1,0,17,1bf00101d600f0000000016091000000
7153,125,768,0,0,-1,1bf1030064010a007800c6003a00c600
7165,6,1562,0,0,-1,1bfd061ac700
7166,6,1562,0,0,-1,1bfe061ac701
7167,6,1562,0,0,-1,1bff061acb00
7168,6,1562,0,0,-1,1c00061acb01
7169,6,1562,0,0,-1,1c01061acb02
7170,6,1562,0,0,-1,1c02061ac800
7171,6,1562,0,0,-1,1c03061ac801
7172,138,256,1,0,17,1c0401000f004b00000000007d000000
7173,173,256,1,0,17,1c0501004b004b0000000000a0000000
7174,1013,256,1,0,17,1c06010043004e0000000003e8000000
7175,1102,256,1,0,17,1c07010045004e000000000441000000
7176,129,256,1,0,17,1c08010043004e000000000074000000
7177,114,256,1,0,17,1c09010045004e000000000065000000
7178,778,256,1,0,17,1c0a010044001f0000000002fd000000
7179,186,256,1,0,17,1c0b010044001f0000000000ad000000
7180,178,256,1,0,17,1c0c010044001f0000000000a5000000
7181,114,256,1,0,17,1c0d010044001f000000000065000000
7182,169,256,1,0,17,1c0e01004a001f00000000009c000000
7183,124,256,1,0,17,1c0f010088001f00000000006f000000
7184,124,256,1,0,17,1c1001004a001f00000000006f000000
7185,126,256,1,0,17,1c11010088001f000000000071000000
7186,122,256,1,0,17,1c1201005e003400000000006d000000
7187,118,256,1,0,17,1c130100820034000000000069000000
7188,118,256,1,0,17,1c1401005e0032000000000069000000
7189,115,256,1,0,17,1c150100820032000000000066000000
7190,285,256,1,0,17,1c160100180018000000000110000000
7191,131,256,1,0,17,1c170100180018000000000076000000
7192,123,256,1,0,17,1c18010018001800000000006e000000
7193,114,256,1,0,17,1c190100180018000000000065000000
7194,138,256,1,0,17,1c1a010017001700000000007d000000
7195,129,256,1,0,17,1c1b0100170017000000000074000000
7196,189,256,1,0,17,1c1c01003200320000000000b0000000
7197,165,256,1,0,17,1c1d0100320032000000000098000000
7198,162,256,1,0,17,1c1e0100320032000000000095000000
7199,162,256,1,0,17,1c1f0100320032000000000095000000
7232,4197,256,1,0,25,1c400100290029010000000000290029
7234,6,1558,0,0,-1,1c4206163109
7235,6,1558,0,0,-1,1c430616310a
7236,6,1558,0,0,-1,1c440616310b
7237,6,1558,0,0,-1,1c450616310c
7238,6,1558,0,0,-1,1c460616310d
7239,6,1558,0,0,-1,1c470616310e
7246,389049,257,1,0,17,1c4e0101e0016800000005efac000000
7247,376321,257,1,0,17,1c4f0101e0016800000005bdf4000000
7248,379539,257,1,0,17,1c500101e0016800000005ca86000000
7249,392075,257,1,0,17,1c510101e0016800000005fb7e000000
7250,382349,257,1,0,17,1c520101e0016800000005d580000000
7251,383802,257,1,0,17,1c530101e0016800000005db2d000000
7252,385635,257,1,0,17,1c540101e0016800000005e256000000
7253,374153,257,1,0,17,1c550101e0016800000005b57c000000
7254,358564,257,1,0,17,1c560101e00168000000057897000000
7255,314385,257,1,0,17,1c570101e0016800000004cc04000000
7256,356288,257,1,0,17,1c580101e00168000000056fb3000000
7257,352734,257,1,0,17,1c590101e001680000000561d1000000
7258,368653,257,1,0,17,1c5a0101e0016800000005a000000000
7259,353210,257,1,0,17,1c5b0101e001680000000563ad000000
7260,384418,257,1,0,17,1c5c0101e0016800000005dd95000000
7261,369884,257,1,0,17,1c5d0101e0016800000005a4cf000000
7262,112272,264,1,0,121,1c5e01088800f50d0000000000a800f5
7263,276209,261,1,0,73,1c5f01058d00d7070000000000cb00d7
7264,116565,263,1,0,81,1c6001070000b3080000000000e000b3
7265,367176,263,1,0,97,1c6101073a009b0a0000000000b9009b
7266,75933,260,1,0,73,1c620104e500aa070000000000b300aa
7267,112983,260,1,0,65,1c6301047a0087060000000000bf0087
7268,124188,262,1,0,73,1c6401062e0136070000000000e20136
7269,6,1564,0,0,-1,1c65061c5e00
7270,6,1564,0,0,-1,1c66061c5e01
7271,6,1564,0,0,-1,1c67061c5e02
7272,6,1564,0,0,-1,1c68061c5e03
7273,6,1564,0,0,-1,1c69061c5e04
7274,6,1564,0,0,-1,1c6a061c5e05
7275,6,1564,0,0,-1,1c6b061c5e06
7276,6,1564,0,0,-1,1c6c061c5e07
7277,6,1564,0,0,-1,1c6d061c5e08
7278,6,1564,0,0,-1,1c6e061c5e09
7279,6,1564,0,0,-1,1c6f061c5e0a
7280,6,1564,0,0,-1,1c70061c5e0b
7281,6,1564,0,0,-1,1c71061c5e0c
7282,6,1564,0,0,-1,1c72061c6400
7283,6,1564,0,0,-1,1c73061c6401
7284,6,1564,0,0,-1,1c74061c6402
7285,6,1564,0,0,-1,1c75061c6403
7286,6,1564,0,0,-1,1c76061c6404
7287,6,1564,0,0,-1,1c77061c6405
7288,6,1564,0,0,-1,1c78061c6406
7289,6,1564,0,0,-1,1c79061c6300
7290,6,1564,0,0,-1,1c7a061c6301
7291,6,1564,0,0,-1,1c7b061c6302
7292,6,1564,0,0,-1,1c7c061c6303
7293,6,1564,0,0,-1,1c7d061c6304
7294,6,1564,0,0,-1,1c7e061c6305
7295,6,1564,0,0,-1,1c7f061c6200
7296,6,1564,0,0,-1,1c80061c6201
7297,6,1564,0,0,-1,1c81061c6202
7298,6,1564,0,0,-1,1c82061c6203
7299,6,1564,0,0,-1,1c83061c6204
7300,6,1564,0,0,-1,1c84061c6205
7301,6,1564,0,0,-1,1c85061c6206
7302,6,1564,0,0,-1,1c86061c6100
7303,6,1564,0,0,-1,1c87061c6101
7304,6,1564,0,0,-1,1c88061c6102
7305,6,1564,0,0,-1,1c89061c6103
7306,6,1564,0,0,-1,1c8a061c6104
7307,6,1564,0,0,-1,1c8b061c6105
7308,6,1564,0,0,-1,1c8c061c6106
7309,6,1564,0,0,-1,1c8d061c6107
7310,16442,256,1,0,17,1c8e0100a0007800000000402d000000
7311,15775,256,1,0,17,1c8f0100a00078000000003d92000000
7312,16600,256,1,0,17,1c900100a000780000000040cb000000
7313,16069,256,1,0,17,1c910100a00078000000003eb8000000
7314,15226,256,1,0,17,1c920100a00078000000003b6d000000
7315,14480,256,1,0,17,1c930100a00078000000003883000000
7316,15237,256,1,0,17,1c940100a00078000000003b78000000
7317,16326,256,1,0,17,1c950100a00078000000003fb9000000
7318,14991,256,1,0,17,1c960100a00078000000003a82000000
7319,15204,256,1,0,17,1c970100a00078000000003b57000000
7320,13833,256,1,0,17,1c980100a000780000000035fc000000
7321,14082,256,1,0,17,1c990100a000780000000036f5000000
7322,15053,256,1,0,17,1c9a0100a00078000000003ac0000000
7323,14870,256,1,0,17,1c9b0100a00078000000003a09000000
7324,15788,256,1,0,17,1c9c0100a00078000000003d9f000000
7325,15185,256,1,0,17,1c9d0100a00078000000003b44000000
7326,21949,256,1,0,17,1c9e0100a000780000000055b0000000
7327,21645,256,1,0,17,1c9f0100a00078000000005480000000
7328,19611,256,1,0,17,1ca00100a00078000000004c8e000000
7329,16859,256,1,0,17,1ca10100a000780000000041ce000000
7330,18759,256,1,0,17,1ca20100a0007800000000493a000000
7331,16693,256,1,0,17,1ca30100a00078000000004128000000
7332,18249,256,1,0,17,1ca40100a0007800000000473c000000
7333,23407,256,1,0,17,1ca50100a00078000000005b62000000
7334,36168,256,1,0,17,1ca60100a00078000000008d3b000000
7335,38235,256,1,0,17,1ca70100a0007800000000954e000000
7336,45258,256,1,0,17,1ca80100a0007800000000b0bd000000
7337,35778,256,1,0,17,1ca90100a00078000000008bb5000000
7338,39069,256,1,0,17,1caa0100a00078000000009890000000
7339,39768,256,1,0,17,1cab0100a00078000000009b4b000000
7340,34502,256,1,0,17,1cac0100a000780000000086b9000000
7341,37321,256,1,0,17,1cad0100a000780000000091bc000000
7342,30472,256,1,0,17,1cae0100a000780000000076fb000000
7343,35634,256,1,0,17,1caf0100a00078000000008b25000000
7344,33626,256,1,0,17,1cb00100a0007800000000834d000000
7345,30887,256,1,0,17,1cb10100a0007800000000789a000000
7346,29968,256,1,0,17,1cb20100a00078000000007503000000
7347,29838,256,1,0,17,1cb30100a00078000000007481000000
7348,29581,256,1,0,17,1cb40100a00078000000007380000000
7349,30552,256,1,0,17,1cb50100a0007800000000774b000000
7350,30246,256,1,0,17,1cb60100a00078000000007619000000
7351,31594,256,1,0,17,1cb70100a00078000000007b5d000000
7352,32450,256,1,0,17,1cb80100a00078000000007eb5000000
7353,29832,256,1,0,17,1cb90100a0007800000000747b000000
7354,30055,256,1,0,17,1cba0100a0007800000000755a000000
7355,30681,256,1,0,17,1cbb0100a000780000000077cc000000
7356,29195,256,1,0,17,1cbc0100a000780000000071fe000000
7357,29503,256,1,0,17,1cbd0100a00078000000007332000000
7358,26958,256,1,0,17,1cbe0100a00078000000006941000000
7359,27638,256,1,0,17,1cbf0100a00078000000006be9000000
7360,27162,256,1,0,17,1cc00100a00078000000006a0d000000
7361,25843,256,1,0,17,1cc10100a000780000000064e6000000
7362,25266,256,1,0,17,1cc20100a000780000000062a5000000
7363,27512,256,1,0,17,1cc30100a00078000000006b6b000000
7364,27242,256,1,0,17,1cc40100a00078000000006a5d000000
7365,28452,256,1,0,17,1cc50100a00078000000006f17000000
7366,27876,256,1,0,17,1cc60100a00078000000006cd7000000
7367,29730,256,1,0,17,1cc70100a00078000000007415000000
7368,30373,256,1,0,17,1cc80100a00078000000007698000000
7369,29742,256,1,0,17,1cc90100a00078000000007421000000
7370,33902,256,1,0,17,1cca0100a00078000000008461000000
7371,32503,256,1,0,17,1ccb0100a00078000000007eea000000
7372,31250,256,1,0,17,1ccc0100a00078000000007a05000000
7373,31621,256,1,0,17,1ccd0100a00078000000007b78000000
7374,17579,256,1,0,17,1cce0100a0007800000000449e000000
7375,17715,256,1,0,17,1ccf0100a00078000000004526000000
7376,17874,256,1,0,17,1cd00100a000780000000045c5000000
7377,17481,256,1,0,17,1cd10100a0007800000000443c000000
7378,14724,256,1,0,17,1cd20100a00078000000003977000000
7379,14720,256,1,0,17,1cd30100a00078000000003973000000
7380,15059,256,1,0,17,1cd40100a00078000000003ac6000000
7381,16308,256,1,0,17,1cd50100a00078000000003fa7000000
7382,15697,256,1,0,17,1cd60100a00078000000003d44000000
7383,14453,256,1,0,17,1cd70100a00078000000003868000000
7384,14270,256,1,0,17,1cd80100a000780000000037b1000000
7385,13709,256,1,0,17,1cd90100a00078000000003580000000
7386,14307,256,1,0,17,1cda0100a000780000000037d6000000
7387,13637,256,1,0,17,1cdb0100a00078000000003538000000
7388,13631,256,1,0,17,1cdc0100a00078000000003532000000
7389,15006,256,1,0,17,1cdd0100a00078000000003a91000000
7390,24163,256,1,0,17,1cde0100a00078000000005e56000000
7391,17090,256,1,0,17,1cdf0100a000780000000042b5000000
7392,20847,256,1,0,17,1ce00100a00078000000005162000000
7393,17491,256,1,0,17,1ce10100a00078000000004446000000
7394,21138,256,1,0,17,1ce20100a00078000000005285000000
7395,20280,256,1,0,17,1ce30100a00078000000004f2b000000
7396,16985,256,1,0,17,1ce40100a0007800000000424c000000
7397,21211,256,1,0,17,1ce50100a000780000000052ce000000
7398,32052,256,1,0,17,1ce60100a00078000000007d27000000
7399,38895,256,1,0,17,1ce70100a000780000000097e2000000
7400,34841,256,1,0,17,1ce80100a0007800000000880c000000
7401,31491,256,1,0,17,1ce90100a00078000000007af6000000
7402,34222,256,1,0,17,1cea0100a000780000000085a1000000
7403,34879,256,1,0,17,1ceb0100a00078000000008832000000
7404,32328,256,1,0,17,1cec0100a00078000000007e3b000000
7405,37004,256,1,0,17,1ced0100a0007800000000907f000000
7406,35667,256,1,0,17,1cee0100a00078000000008b46000000
7407,35670,256,1,0,17,1cef0100a00078000000008b49000000
7408,35566,256,1,0,17,1cf00100a00078000000008ae1000000
7409,35436,256,1,0,17,1cf10100a00078000000008a5f000000
7410,31934,256,1,0,17,1cf20100a00078000000007cb1000000
7411,32400,256,1,0,17,1cf30100a00078000000007e83000000
7412,34652,256,1,0,17,1cf40100a0007800000000874f000000
7413,34218,256,1,0,17,1cf50100a0007800000000859d000000
7414,30056,256,1,0,17,1cf60100a0007800000000755b000000
7415,30730,256,1,0,17,1cf70100a000780000000077fd000000
7416,30878,256,1,0,17,1cf80100a00078000000007891000000
7417,30571,256,1,0,17,1cf90100a0007800000000775e000000
7418,29352,256,1,0,17,1cfa0100a0007800000000729b000000
7419,30365,256,1,0,17,1cfb0100a00078000000007690000000
7420,30641,256,1,0,17,1cfc0100a000780000000077a4000000
7421,29657,256,1,0,17,1cfd0100a000780000000073cc000000
7422,32901,256,1,0,17,1cfe0100a00078000000008078000000
7423,33944,256,1,0,17,1cff0100a0007800000000848b000000
7424,34381,256,1,0,17,1d000100a00078000000008640000000
7425,32825,256,1,0,17,1d010100a0007800000000802c000000
7426,33498,256,1,0,17,1d020100a000780000000082cd000000
7427,33222,256,1,0,17,1d030100a000780000000081b9000000
7428,33766,256,1,0,17,1d040100a000780000000083d9000000
7429,33179,256,1,0,17,1d050100a0007800000000818e000000
7430,36495,256,1,0,17,1d060100a00078000000008e82000000
7431,37822,256,1,0,17,1d070100a000780000000093b1000000
7432,36827,256,1,0,17,1d080100a00078000000008fce000000
7433,35429,256,1,0,17,1d090100a00078000000008a58000000
7434,36313,256,1,0,17,1d0a0100a00078000000008dcc000000
7435,36320,256,1,0,17,1d0b0100a00078000000008dd3000000
7436,36176,256,1,0,17,1d0c0100a00078000000008d43000000
7437,36511,256,1,0,17,1d0d0100a00078000000008e92000000
7438,6,1561,0,0,-1,1d0e0619e001
7439,6,1561,0,0,-1,1d0f0619e002
7440,6,1561,0,0,-1,1d100619e003
7441,6,1561,0,0,-1,1d110619e004
7442,6,1561,0,0,-1,1d120619e005
7443,6,1561,0,0,-1,1d130619e006
7444,6,1553,0,0,-1,1d1406117e02
7445,6,1553,0,0,-1,1d1506117e03
7446,6,1553,0,0,-1,1d1606117e04
7447,6,1553,0,0,-1,1d1706117e05
7448,6,1553,0,0,-1,1d1806117e06
7449,6510,256,1,0,17,1d190100620078000000001961000000
7450,5168,256,1,0,17,1d1a0100620078000000001423000000
7451,4990,256,1,0,17,1d1b0100620078000000001371000000
7452,5640,256,1,0,17,1d1c01006200780000000015fb000000
7453,6852,256,1,0,17,1d1d0100620078000000001ab7000000
7454,8189,256,1,0,17,1d1e0100620078000000001ff0000000
7455,8570,256,1,0,17,1d1f010062007800000000216d000000
7456,8276,256,1,0,17,1d200100620078000000002047000000
7457,8129,256,1,0,17,1d210100620078000000001fb4000000
7458,7366,256,1,0,17,1d220100620078000000001cb9000000
7459,10610,256,1,0,17,1d230100620078000000002965000000
7460,10658,256,1,0,17,1d240100620078000000002995000000
7461,12166,256,1,0,17,1d250100620078000000002f79000000
7462,10939,256,1,0,17,1d260100620078000000002aae000000
7463,8988,256,1,0,17,1d27010062007800000000230f000000
7464,18723,256,1,0,17,1d280100620078000000004916000000
7465,19863,256,1,0,17,1d290100620078000000004d8a000000
7466,20781,256,1,0,17,1d2a0100620078000000005120000000
7467,20087,256,1,0,17,1d2b0100620078000000004e6a000000
7468,21038,256,1,0,17,1d2c0100620078000000005221000000
7469,21472,256,1,0,17,1d2d01006200780000000053d3000000
7470,21489,256,1,0,17,1d2e01006200780000000053e4000000
7471,22409,256,1,0,17,1d2f010062007800000000577c000000
7472,22828,256,1,0,17,1d30010062007800000000591f000000
7473,22273,256,1,0,17,1d3101006200780000000056f4000000
7474,19525,256,1,0,17,1d320100620078000000004c38000000
7475,19863,256,1,0,17,1d330100620078000000004d8a000000
7476,20060,256,1,0,17,1d340100620078000000004e4f000000
7477,20112,256,1,0,17,1d350100620078000000004e83000000
7478,19906,256,1,0,17,1d360100620078000000004db5000000
7479,20339,256,1,0,17,1d370100620078000000004f66000000
7480,20382,256,1,0,17,1d380100620078000000004f91000000
7481,20683,256,1,0,17,1d3901006200780000000050be000000
7482,20838,256,1,0,17,1d3a0100620078000000005159000000
7483,20604,256,1,0,17,1d3b010062007800000000506f000000
7484,17681,256,1,0,17,1d3c0100620078000000004504000000
7485,18958,256,1,0,17,1d3d0100620078000000004a01000000
7486,20385,256,1,0,17,1d3e0100620078000000004f94000000
7487,20790,256,1,0,17,1d3f0100620078000000005129000000
7488,20120,256,1,0,17,1d400100620078000000004e8b000000
7489,7464,256,1,0,17,1d410100620078000000001d1b000000
7490,7879,256,1,0,17,1d420100620078000000001eba000000
7491,7694,256,1,0,17,1d430100620078000000001e01000000
7492,8969,256,1,0,17,1d4401006200780000000022fc000000
7493,10717,256,1,0,17,1d4501006200780000000029d0000000
7494,10135,256,1,0,17,1d46010062007800000000278a000000
7495,12209,256,1,0,17,1d470100620078000000002fa4000000
7496,11718,256,1,0,17,1d480100620078000000002db9000000
7497,932,256,1,0,17,1d490100060078000000000397000000
7498,8797,256,1,0,17,1d4a0100620078000000002250000000
7499,10272,256,1,0,17,1d4b0100620078000000002813000000
7500,11378,256,1,0,17,1d4c0100620078000000002c65000000
7501,11552,256,1,0,17,1d4d0100620078000000002d13000000
7502,12528,256,1,0,17,1d4e01006200780000000030e3000000
7503,12322,256,1,0,17,1d4f0100620078000000003015000000
7504,18960,256,1,0,17,1d500100620078000000004a03000000
7505,21532,256,1,0,17,1d51010062007800000000540f000000
7506,1200,256,1,0,17,1d5201000600780000000004a3000000
7507,10979,256,1,0,17,1d530100620078000000002ad6000000
7508,11201,256,1,0,17,1d540100620078000000002bb4000000
7509,13934,256,1,0,17,1d550100620078000000003661000000
7510,13444,256,1,0,17,1d560100620078000000003477000000
7511,13337,256,1,0,17,1d57010062007800000000340c000000
7512,19831,256,1,0,17,1d580100620078000000004d6a000000
7513,28099,256,1,0,17,1d590100620078000000006db6000000
7514,28132,256,1,0,17,1d5a0100620078000000006dd7000000
7515,1617,256,1,0,17,1d5b0100060078000000000644000000
7516,18304,256,1,0,17,1d5c0100620078000000004773000000
7517,18182,256,1,0,17,1d5d01006200780000000046f9000000
7518,19656,256,1,0,17,1d5e0100620078000000004cbb000000
7519,21554,256,1,0,17,1d5f0100620078000000005425000000
7520,24516,256,1,0,17,1d600100620078000000005fb7000000
7521,22302,256,1,0,17,1d610100620078000000005711000000
7522,22327,256,1,0,17,1d62010062007800000000572a000000
7523,24858,256,1,0,17,1d63010062007800000000610d000000
7524,2015,256,1,0,17,1d6401000600780000000007d2000000
7525,21054,256,1,0,17,1d650100620078000000005231000000
7526,21424,256,1,0,17,1d6601006200780000000053a3000000
7527,22553,256,1,0,17,1d67010062007800000000580c000000
7528,22933,256,1,0,17,1d680100620078000000005988000000
7529,24337,256,1,0,17,1d690100620078000000005f04000000
7530,23858,256,1,0,17,1d6a0100620078000000005d25000000
7531,21679,256,1,0,17,1d6b01006200780000000054a2000000
7532,26399,256,1,0,17,1d6c0100620078000000006712000000
7533,2134,256,1,0,17,1d6d0100060078000000000849000000
7534,19793,256,1,0,17,1d6e0100620078000000004d44000000
7535,20866,256,1,0,17,1d6f0100620078000000005175000000
7536,20948,256,1,0,17,1d7001006200780000000051c7000000
7537,21539,256,1,0,17,1d710100620078000000005416000000
7538,23226,256,1,0,17,1d720100620078000000005aad000000
7539,23622,256,1,0,17,1d730100620078000000005c39000000
7540,21572,256,1,0,17,1d740100620078000000005437000000
7541,23640,256,1,0,17,1d750100620078000000005c4b000000
7542,1931,256,1,0,17,1d76010006007800000000077e000000
7543,19962,256,1,0,17,1d770100620078000000004ded000000
7544,19514,256,1,0,17,1d780100620078000000004c2d000000
7545,19867,256,1,0,17,1d790100620078000000004d8e000000
7546,21337,256,1,0,17,1d7a010062007800000000534c000000
7547,21688,256,1,0,17,1d7b01006200780000000054ab000000
7548,22587,256,1,0,17,1d7c010062007800000000582e000000
7549,25758,256,1,0,17,1d7d0100620078000000006491000000
7550,24875,256,1,0,17,1d7e010062007800000000611e000000
7551,1798,256,1,0,17,1d7f01000600780000000006f9000000
7552,17245,256,1,0,17,1d800100620078000000004350000000
7553,20166,256,1,0,17,1d810100620078000000004eb9000000
7554,18814,256,1,0,17,1d820100620078000000004971000000
7555,21204,256,1,0,17,1d8301006200780000000052c7000000
7556,20876,256,1,0,17,1d84010062007800000000517f000000
7557,20476,256,1,0,17,1d850100620078000000004fef000000
7558,22579,256,1,0,17,1d860100620078000000005826000000
7559,22701,256,1,0,17,1d8701006200780000000058a0000000
7560,1670,256,1,0,17,1d880100060078000000000679000000
7561,254,256,1,0,17,1d8901003b000f0000000000f1000000
7562,6,1564,0,0,-1,1d8a061c4000
7563,6,1550,0,0,-1,1d8b060eb200
7564,6,1550,0,0,-1,1d8c060eb201
7565,6,1550,0,0,-1,1d8d060eb202
7566,6,1550,0,0,-1,1d8e060eb203
7567,6,1550,0,0,-1,1d8f060eb204
7568,6,1550,0,0,-1,1d90060eb205
7569,6,1550,0,0,-1,1d91060eb206
7570,6,1550,0,0,-1,1d92060eb207
7571,6,1563,0,0,-1,1d93061b0d00
7572,6,1563,0,0,-1,1d94061b0d01
7573,6,1563,0,0,-1,1d95061b0c00
7574,6,1563,0,0,-1,1d96061b0c01
7575,6,1563,0,0,-1,1d97061b0c02
7576,6,1563,0,0,-1,1d98061b0c03
7577,6,1563,0,0,-1,1d99061b0c04
7578,39548,257,1,0,17,1d9a0101550076000000009a6f000000
7579,29741,257,1,0,17,1d9b0101560076000000007420000000
7580,223902,257,1,0,17,1d9c0101550218000000036a91000000
7581,236404,257,1,0,17,1d9d0101560218000000039b67000000
7582,96671,258,1,0,81,1d9e0102d800560800000000005c0056
7583,6045,257,1,0,81,1d9f0101c0000e08000000000038000e
7584,26579,257,1,0,81,1da00101b000350800000000002e0035
7585,12833,256,1,0,81,1da101008f0041080000000000120041
7586,5337,257,1,0,81,1da20101090009080000000000210009
7587,16330,256,1,0,81,1da30100d30045080000000000180045
7588,35296,260,1,0,81,1da40104b8001b08000000000097001b
7589,2618,256,1,0,81,1da5010075000e08000000000011000e
7590,20067,257,1,0,81,1da60101330027080000000000240027
7591,6036,256,1,0,81,1da70100820027080000000000100027
7592,9857,256,1,0,81,1da80100a70029080000000000140029
7593,3455,256,1,0,81,1da9010055001a08000000000008001a
7594,1289,256,1,0,81,1daa0100470009080000000000080009
7595,28341,261,1,0,81,1dab0105000013080000000000a00013
7596,113586,260,1,0,81,1dac01047500560800000000008b0056
7597,6,1565,0,0,-1,1dad061d9e00
7598,6,1565,0,0,-1,1dae061d9e01
7599,6,1565,0,0,-1,1daf061d9e02
7600,6,1565,0,0,-1,1db0061d9e03
7601,6,1565,0,0,-1,1db1061d9e04
7602,6,1565,0,0,-1,1db2061d9e05
7603,6,1565,0,0,-1,1db3061d9e06
7604,6,1565,0,0,-1,1db4061d9e07
7605,6,1565,0,0,-1,1db5061d9f00
7606,6,1565,0,0,-1,1db6061d9f01
7607,6,1565,0,0,-1,1db7061d9f02
7608,6,1565,0,0,-1,1db8061d9f03
7609,6,1565,0,0,-1,1db9061d9f04
7610,6,1565,0,0,-1,1dba061d9f05
7611,6,1565,0,0,-1,1dbb061d9f06
7612,6,1565,0,0,-1,1dbc061d9f07
7613,6,1565,0,0,-1,1dbd061da000
7614,6,1565,0,0,-1,1dbe061da001
7615,6,1565,0,0,-1,1dbf061da002
7616,6,1565,0,0,-1,1dc0061da003
7617,6,1565,0,0,-1,1dc1061da004
7618,6,1565,0,0,-1,1dc2061da005
7619,6,1565,0,0,-1,1dc3061da006
7620,6,1565,0,0,-1,1dc4061da007
7621,6,1565,0,0,-1,1dc5061da100
7622,6,1565,0,0,-1,1dc6061da101
7623,6,1565,0,0,-1,1dc7061da102
7624,6,1565,0,0,-1,1dc8061da103
7625,6,1565,0,0,-1,1dc9061da104
7626,6,1565,0,0,-1,1dca061da105
7627,6,1565,0,0,-1,1dcb061da106
7628,6,1565,0,0,-1,1dcc061da107
7629,6,1565,0,0,-1,1dcd061da200
7630,6,1565,0,0,-1,1dce061da201
7631,6,1565,0,0,-1,1dcf061da202
7632,6,1565,0,0,-1,1dd0061da203
7633,6,1565,0,0,-1,1dd1061da204
7634,6,1565,0,0,-1,1dd2061da205
7635,6,1565,0,0,-1,1dd3061da206
7636,6,1565,0,0,-1,1dd4061da207
7637,6,1565,0,0,-1,1dd5061da300
7638,6,1565,0,0,-1,1dd6061da301
7639,6,1565,0,0,-1,1dd7061da302
7640,6,1565,0,0,-1,1dd8061da303
7641,6,1565,0,0,-1,1dd9061da304
7642,6,1565,0,0,-1,1dda061da305
7643,6,1565,0,0,-1,1ddb061da306
7644,6,1565,0,0,-1,1ddc061da307
7645,6,1565,0,0,-1,1ddd061da400
7646,6,1565,0,0,-1,1dde061da401
7647,6,1565,0,0,-1,1ddf061da402
7648,6,1565,0,0,-1,1de0061da403
7649,6,1565,0,0,-1,1de1061da404
7650,6,1565,0,0,-1,1de2061da405
7651,6,1565,0,0,-1,1de3061da406
7652,6,1565,0,0,-1,1de4061da407
7653,6,1565,0,0,-1,1de5061da500
7654,6,1565,0,0,-1,1de6061da501
7655,6,1565,0,0,-1,1de7061da502
7656,6,1565,0,0,-1,1de8061da503
7657,6,1565,0,0,-1,1de9061da504
7658,6,1565,0,0,-1,1dea061da505
7659,6,1565,0,0,-1,1deb061da506
7660,6,1565,0,0,-1,1dec061da507
7661,6,1565,0,0,-1,1ded061da600
7662,6,1565,0,0,-1,1dee061da601
7663,6,1565,0,0,-1,1def061da602
7664,6,1565,0,0,-1,1df0061da603
7665,6,1565,0,0,-1,1df1061da604
7666,6,1565,0,0,-1,1df2061da605
7667,6,1565,0,0,-1,1df3061da606
7668,6,1565,0,0,-1,1df4061da607
7669,6,1565,0,0,-1,1df5061da700
7670,6,1565,0,0,-1,1df6061da701
7671,6,1565,0,0,-1,1df7061da702
7672,6,1565,0,0,-1,1df8061da703
7673,6,1565,0,0,-1,1df9061da704
7674,6,1565,0,0,-1,1dfa061da705
7675,6,1565,0,0,-1,1dfb061da706
7676,6,1565,0,0,-1,1dfc061da707
7677,6,1565,0,0,-1,1dfd061da800
7678,6,1565,0,0,-1,1dfe061da801
7679,6,1565,0,0,-1,1dff061da802
7680,6,1565,0,0,-1,1e00061da803
7681,6,1565,0,0,-1,1e01061da804
7682,6,1565,0,0,-1,1e02061da805
7683,6,1565,0,0,-1,1e03061da806
7684,6,1565,0,0,-1,1e04061da807
7685,6,1565,0,0,-1,1e05061da900
7686,6,1565,0,0,-1,1e06061da901
7687,6,1565,0,0,-1,1e07061da902
7688,6,1565,0,0,-1,1e08061da903
7689,6,1565,0,0,-1,1e09061da904
7690,6,1565,0,0,-1,1e0a061da905
7691,6,1565,0,0,-1,1e0b061da906
7692,6,1565,0,0,-1,1e0c061da907
7693,6,1565,0,0,-1,1e0d061daa00
7694,6,1565,0,0,-1,1e0e061daa01
7695,6,1565,0,0,-1,1e0f061daa02
7696,6,1565,0,0,-1,1e10061daa03
7697,6,1565,0,0,-1,1e11061daa04
7698,6,1565,0,0,-1,1e12061daa05
7699,6,1565,0,0,-1,1e13061daa06
7700,6,1565,0,0,-1,1e14061daa07
7701,6,1565,0,0,-1,1e15061dab00
7702,6,1565,0,0,-1,1e16061dab01
7703,6,1565,0,0,-1,1e17061dab02
7704,6,1565,0,0,-1,1e18061dab03
7705,6,1565,0,0,-1,1e19061dab04
7706,6,1565,0,0,-1,1e1a061dab05
7707,6,1565,0,0,-1,1e1b061dab06
7708,6,1565,0,0,-1,1e1c061dab07
7709,6,1565,0,0,-1,1e1d061dac00
7710,6,1565,0,0,-1,1e1e061dac01
7711,6,1565,0,0,-1,1e1f061dac02
7712,6,1565,0,0,-1,1e20061dac03
7713,6,1565,0,0,-1,1e21061dac04
7714,6,1565,0,0,-1,1e22061dac05
7715,6,1565,0,0,-1,1e23061dac06
7716,6,1565,0,0,-1,1e24061dac07
7717,180,256,1,0,17,1e25010015001b0000000000a7000000
7718,781,256,1,0,17,1e26010068001b000000000300000000
7719,6,1554,0,0,-1,1e2706121101
7720,6,1554,0,0,-1,1e2806121102
7721,6,1554,0,0,-1,1e2906121103
7722,6,1554,0,0,-1,1e2a06121900
7723,6,1554,0,0,-1,1e2b06121901
7724,6,1554,0,0,-1,1e2c06121902
7725,6,1554,0,0,-1,1e2d06121903
7726,2092,256,1,0,17,1e2e01002f001200000000081f000000
7727,2734,256,1,0,17,1e2f0100350017000000000aa1000000
7752,295,256,1,0,17,1e4801003b000f00000000011a000000
7753,872,256,1,0,17,1e49010042001300000000035b000000
7754,57746,257,1,0,25,1e4a01012c00be0100000000012c00be
7755,6,1566,0,0,-1,1e4b061e4a00
7756,6,1558,0,0,-1,1e4c0616310f
7757,2744,256,1,0,17,1e4d01003e004e000000000aab000000
7758,294,256,1,0,17,1e4e010032000c000000000119000000
7759,6113,256,1,0,17,1e4f01003a003a0000000017d4000000
7760,7547,256,1,0,17,1e5001003a003a000000001d6e000000
7761,6275,256,1,0,17,1e5101003a003a000000001876000000
7762,6688,256,1,0,17,1e5201003a003a000000001a13000000
7763,6109,256,1,0,17,1e5301003a003a0000000017d0000000
7764,4700,256,1,0,17,1e5401003a003a00000000124f000000
7765,6715,256,1,0,17,1e5501003a003a000000001a2e000000
7766,911,256,1,0,17,1e560100110011000000000382000000
7767,882,256,1,0,17,1e5701000f0011000000000365000000
7768,626,256,1,0,17,1e580100130010000000000265000000
7769,746,256,1,0,17,1e59010011000f0000000002dd000000
7770,680,256,1,0,17,1e5a01000f000f00000000029b000000
7771,722,256,1,0,17,1e5b010010000f0000000002c5000000
7772,464,256,1,0,17,1e5c01000a000e0000000001c3000000
7773,757,256,1,0,17,1e5d010011000f0000000002e8000000
7774,12723,256,1,0,17,1e5e0100a700870000000031a6000000
7775,2319,256,1,0,17,1e5f0100290017000000000902000000
7776,21498,256,1,0,17,1e600100eb005a0000000053ed000000
7777,214,256,1,0,17,1e61010008001e0000000000c9000000
7778,1651,256,1,0,17,1e62010035001e000000000666000000
7779,4750,256,1,0,17,1e63010023009e000000001281000000
7780,2716,256,1,0,17,1e6401003b0011000000000a8f000000
7781,530,256,1,0,17,1e6501000e000d000000000205000000
7782,1219,256,1,0,17,1e6601001c00100000000004b6000000
7783,1244,256,1,0,17,1e6701001c00100000000004cf000000
7784,1229,256,1,0,17,1e6801001c00100000000004c0000000
7785,1195,256,1,0,17,1e6901001c001000000000049e000000
7786,1245,256,1,0,17,1e6a01001c00100000000004d0000000
7787,1446,256,1,0,17,1e6b01001c0010000000000599000000
7788,1351,256,1,0,17,1e6c01001c001000000000053a000000
7789,827,256,1,0,17,1e6d010014001400000000032e000000
7790,842,256,1,0,17,1e6e010014001400000000033d000000
7791,844,256,1,0,17,1e6f010014001400000000033f000000
7792,1068,256,1,0,17,1e7001001c001400000000041f000000
7793,666,256,1,0,17,1e71010014001400000000028d000000
7794,149,256,1,0,17,1e7201000c0004000000000088000000
7795,242,256,1,0,17,1e7301000c000c0000000000e5000000
7796,1751,256,1,0,17,1e7401001d003f0000000006ca000000
7797,401,256,1,0,17,1e7501001d0018000000000184000000
7798,10906,256,1,0,17,1e760100750056000000002a8d000000
7799,435,256,1,0,17,1e7701003200220000000001a6000000
7800,2309,256,1,0,17,1e7801005800220000000008f8000000
7801,1051,256,1,0,17,1e79010012002900000000040e000000
7802,246,256,1,0,17,1e7a01001200120000000000e9000000
7803,130,256,1,0,17,1e7b0100120008000000000075000000
7804,409,256,1,0,17,1e7c010013001900000000018c000000
7805,198,256,1,0,17,1e7d01000a00190000000000b9000000
7806,165,256,1,0,17,1e7e01006d0007000000000098000000
7807,776,256,1,0,17,1e7f01001500190000000002fb000000
7808,386,256,1,0,17,1e8001000b0019000000000175000000
7809,537,256,1,0,17,1e8101000e001400000000020c000000
7810,350,256,1,0,17,1e8201000a0014000000000151000000
7811,1239,256,1,0,17,1e8301002d001d0000000004ca000000
7812,732,256,1,0,17,1e84010016001d0000000002cf000000
7813,152,256,1,0,17,1e8501000e000e00000000008b000000
7814,148,256,1,0,17,1e86010096000e000000000087000000
7815,157,256,1,0,17,1e8701000e0096000000000090000000
7816,343,256,1,0,17,1e88010096009600000000014a000000
7817,1455,256,1,0,17,1e89010011001f0000000005a2000000
7818,1493,256,1,0,17,1e8a010011001d0000000005c8000000
7819,1340,256,1,0,17,1e8b010011001d00000000052f000000
7820,1312,256,1,0,17,1e8c01001c0010000000000513000000
7821,1386,256,1,0,17,1e8d01001c001000000000055d000000
7822,1491,256,1,0,17,1e8e01001f00110000000005c6000000
7823,1441,256,1,0,17,1e8f01001f0011000000000594000000
7824,1592,256,1,0,17,1e9001001f001100000000062b000000
7825,1323,256,1,0,17,1e9101001f001100000000051e000000
7826,1550,256,1,0,17,1e9201001f0011000000000601000000
7827,1686,256,1,0,17,1e9301001f0011000000000689000000
7828,1524,256,1,0,17,1e9401001f00110000000005e7000000
7829,1589,256,1,0,17,1e9501001f0011000000000628000000
7830,1697,256,1,0,17,1e9601001f0011000000000694000000
7831,1554,256,1,0,17,1e9701001f0011000000000605000000
7837,6736,256,1,0,17,1e9d01003a003a000000001a43000000
7838,4997,256,1,0,17,1e9e0100300030000000001378000000
7839,1389,256,1,0,17,1e9f01001c001c000000000560000000
7840,1369,256,1,0,17,1ea001001c001c00000000054c000000
7841,466,256,1,0,17,1ea101001c001c0000000001c5000000
7842,18416,256,1,0,17,1ea2010049005f0000000047e3000000
7843,12095,256,1,0,17,1ea3010049005f000000002f32000000
7844,11791,256,1,0,17,1ea4010049005f000000002e02000000
7845,12656,256,1,0,17,1ea5010049005f000000003163000000
7846,13084,256,1,0,17,1ea6010049005f00000000330f000000
7847,12786,256,1,0,17,1ea7010049005f0000000031e5000000
7848,14815,256,1,0,17,1ea8010049005f0000000039d2000000
7849,13313,256,1,0,17,1ea9010049005f0000000033f4000000
7850,4910,256,1,0,17,1eaa0100300030000000001321000000
7851,229,256,1,0,17,1eab01002700270000000000d8000000
7852,159,256,1,0,17,1eac0100270027000000000092000000
7853,154,256,1,0,17,1ead010027002700000000008d000000
7854,131,256,1,0,17,1eae0100270027000000000076000000
7855,456,256,1,0,17,1eaf010038000e0000000001bb000000
7856,457,256,1,0,17,1eb0010038000e0000000001bc000000
7857,421,256,1,0,17,1eb1010038000e000000000198000000
7858,438,256,1,0,17,1eb2010038000e0000000001a9000000
7859,359,256,1,0,17,1eb3010038000e00000000015a000000
7860,526,256,1,0,17,1eb401001c002f000000000201000000
7861,7918,256,1,0,105,1eb50100df003c0b000000000016003c
7862,6,1566,0,0,-1,1eb6061eb500
7863,6,1566,0,0,-1,1eb7061eb501
7864,6,1566,0,0,-1,1eb8061eb502
7865,6,1566,0,0,-1,1eb9061eb503
7866,6,1566,0,0,-1,1eba061eb504
7867,6,1566,0,0,-1,1ebb061eb505
7868,6,1566,0,0,-1,1ebc061eb506
7869,6,1566,0,0,-1,1ebd061eb507
7870,6,1566,0,0,-1,1ebe061eb508
7871,6,1566,0,0,-1,1ebf061eb509
7872,6,1566,0,0,-1,1ec0061eb50a
7875,6441,256,1,0,17,1ec301003a003a00000000191c000000
7876,6921,256,1,0,17,1ec401003a003a000000001afc000000
7877,5969,256,1,0,17,1ec501003a003a000000001744000000
7878,651,256,1,0,17,1ec6010011000f00000000027e000000
7879,1782,256,1,0,17,1ec701002900170000000006e9000000
7880,6424,256,1,0,17,1ec801003a003a00000000190b000000
7881,2061,256,1,0,17,1ec90100290017000000000800000000
7882,313,256,1,0,17,1eca01003b000f00000000012c000000
7896,4903,256,1,0,25,1ed801003e002f0100000000003e002f
7897,3581,256,1,0,25,1ed901002f003e0100000000002f003e
7898,103,768,0,0,-1,1eda0300280108004c002f0049001800
7899,6,1566,0,0,-1,1edb061ed800
7900,103,768,0,0,-1,1edc0300280108002f004c0017004900
7901,6,1566,0,0,-1,1edd061ed900
7902,17138,256,1,0,17,1ede0100a200530000000042e5000000
7903,308,256,1,0,17,1edf01003a000f000000000127000000
7904,4397,259,1,0,57,1ee001030700200500000000009b0020
7905,6,1566,0,0,-1,1ee1061ee000
7906,6,1566,0,0,-1,1ee2061ee001
7907,6,1566,0,0,-1,1ee3061ee002
7908,6,1566,0,0,-1,1ee4061ee003
7909,6,1566,0,0,-1,1ee5061ee004
7910,70,768,0,0,-1,1ee60300280105009b0020004e001000
7925,2693,256,1,0,17,1ef50100200020000000000a78000000
7926,3904,256,1,0,17,1ef601005c0050000000000f33000000
7927,377,256,1,0,17,1ef701005c005000000000016c000000
7928,3171,256,1,0,17,1ef8010014004d000000000c56000000
7929,1842,256,1,0,17,1ef9010010001c000000000725000000
7930,1861,256,1,0,17,1efa010010001e000000000738000000
7931,31495,256,1,0,17,1efb0100880089000000007afa000000
7932,37951,256,1,0,17,1efc0100880089000000009432000000
7933,43654,256,1,0,17,1efd010088008900000000aa79000000
7934,33372,256,1,0,17,1efe010088008900000000824f000000
7935,35491,256,1,0,17,1eff0100880089000000008a96000000
7936,38354,256,1,0,17,1f0001008800890000000095c5000000
7937,31550,256,1,0,17,1f010100880089000000007b31000000
7938,32387,256,1,0,17,1f020100880089000000007e76000000
7939,15862,256,1,0,17,1f03010059005c000000003de9000000
7940,32043,256,1,0,17,1f040100880089000000007d1e000000
7941,32042,256,1,0,17,1f050100880089000000007d1d000000
7942,31882,256,1,0,17,1f060100880089000000007c7d000000
7943,32075,256,1,0,17,1f070100880089000000007d3e000000
7944,32044,256,1,0,17,1f080100880089000000007d1f000000
7945,31888,256,1,0,17,1f090100880089000000007c83000000
7946,32093,256,1,0,17,1f0a0100880089000000007d50000000
7947,392,256,1,0,17,1f0b01000f000b00000000017b000000
7948,418,256,1,0,17,1f0c01000f000b000000000195000000
7949,2946,256,1,0,25,1f0d01003e00180100000000003e0018
7950,2956,256,1,0,25,1f0e01003e00180100000000003e0018
7951,6,1567,0,0,-1,1f0f061f0d00
7952,6,1567,0,0,-1,1f10061f0e00
7953,92,768,0,0,-1,1f110300c80107003e00180001001100
7954,185,256,1,0,17,1f1201009600120000000000ac000000
7955,190,256,1,0,17,1f1301001200960000000000b1000000
7956,345,256,1,0,17,1f14010096009600000000014c000000
7957,222,256,1,0,17,1f1501001000100000000000d1000000
7958,142,256,1,0,17,1f160100100010000000000081000000
7959,134,256,1,0,17,1f170100100010000000000079000000
7960,113,256,1,0,17,1f180100100010000000000064000000
7961,9162,256,1,0,17,1f190100de00220000000023bd000000
7962,2941,256,1,0,17,1f1a0100470022000000000b70000000
7963,21143,256,1,0,17,1f1b0100de004200000000528a000000
7964,7095,256,1,0,17,1f1c0100470042000000001baa000000
7965,4918,256,1,0,17,1f1d01003a004a000000001329000000
7966,98199,259,1,0,17,1f1e01035b01df000000017f8a000000
7967,429,256,1,0,17,1f1f01001000100000000001a0000000
7968,165,256,1,0,17,1f200100960010000000000098000000
7969,177,256,1,0,17,1f2101001000960000000000a4000000
7970,4679,256,1,0,17,1f22010057002100000000123a000000
7971,2913,256,1,0,17,1f230100570029000000000b54000000
7972,126,256,1,0,17,1f240100090009000000000071000000
7973,130,256,1,0,17,1f250100960009000000000075000000
7974,131,256,1,0,17,1f260100090096000000000076000000
7975,345,256,1,0,17,1f27010096009600000000014c000000
7976,130,256,1,0,17,1f280100090009000000000075000000
7977,120,256,1,0,17,1f29010009000900000000006b000000
7978,115,256,1,0,17,1f2a0100090009000000000066000000
7979,111,256,1,0,17,1f2b0100090009000000000062000000
7980,3219,256,1,0,17,1f2c010043001c000000000c86000000
7981,1604,256,1,0,17,1f2d0100430023000000000637000000
7982,110,256,1,0,17,1f2e0100090009000000000061000000
7983,108,256,1,0,17,1f2f010009000900000000005f000000
7984,12298,256,1,0,17,1f300100e0002b000000002ffd000000
7985,310,256,1,0,17,1f31010047002b000000000129000000
7986,2657,256,1,0,17,1f32010042001f000000000a54000000
7987,2877,256,1,0,17,1f33010042001f000000000b30000000
7988,2812,256,1,0,17,1f3401005e001f000000000aef000000
7989,3077,256,1,0,17,1f3501005e001f000000000bf8000000
7990,3070,256,1,0,17,1f360100400020000000000bf1000000
7991,2913,256,1,0,17,1f37010040001c000000000b54000000
7992,3369,256,1,0,17,1f380100460025000000000d1c000000
7993,655,256,1,0,17,1f39010038001b000000000282000000
7994,929,256,1,0,17,1f3a0100130017000000000394000000
7995,924,256,1,0,17,1f3b010013001700000000038f000000
7996,710,256,1,0,17,1f3c01001700170000000002b9000000
7997,538,256,1,0,17,1f3d010052001600000000020d000000
7998,3723,256,1,0,17,1f3e010041001e000000000e7e000000
7999,3975,256,1,0,17,1f3f010041001e000000000f7a000000
8000,1816,256,1,0,17,1f4001001c001d00000000070b000000
8001,441,256,1,0,17,1f4101002900120000000001ac000000
8002,242,256,1,0,17,1f42010020000f0000000000e5000000
8003,242,256,1,0,17,1f4301001f000f0000000000e5000000
8004,1227,256,1,0,17,1f4401002b000f0000000004be000000
8005,1582,256,1,0,17,1f4501003e0010000000000621000000
8006,357,256,1,0,17,1f4601001f000f000000000158000000
8007,352,256,1,0,17,1f4701001f000f000000000153000000
8008,507,256,1,0,17,1f4801002700130000000001ee000000
8009,212,256,1,0,17,1f49010026000f0000000000c7000000
8010,254,3328,0,0,-1,1f4a0d001f000f00010300000001ff00
8011,7,1311,0,0,-1,1f4b051f4a01ff
8012,255,3328,0,0,-1,1f4c0d0020000f00010300000001ff00
8013,7,1311,0,0,-1,1f4d051f4c01ff
8014,259,3328,0,0,-1,1f4e0d001e000f00010300000001ff00
8015,7,1311,0,0,-1,1f4f051f4e01ff
8016,306,3328,0,0,-1,1f500d0020000f00010300000001ff00
8017,7,1311,0,0,-1,1f51051f5001ff
8018,1752,256,1,0,17,1f5201003f00110000000006cb000000
8019,241,256,1,0,17,1f53010020000f0000000000e4000000
8020,245,256,1,0,17,1f5401001f000f0000000000e8000000
8021,1744,256,1,0,17,1f5501003e00100000000006c3000000
8022,311,256,1,0,17,1f56010041000f00000000012a000000
8023,314,256,1,0,17,1f57010041000f00000000012d000000
8024,411,256,1,0,17,1f58010029001200000000018e000000
8025,1092,256,1,0,17,1f5901001f0010000000000437000000
8026,312,256,1,0,17,1f5a010041000f00000000012b000000
8027,7,1289,0,0,-1,1f5b05098002ff
8028,339,256,1,0,17,1f5c010023000d000000000146000000
8029,1363,256,1,0,17,1f5d0100280011000000000546000000
8030,233,256,1,0,17,1f5e01001f000f0000000000dc000000
8031,348,256,1,0,17,1f5f01001f000f00000000014f000000
8032,240,3328,0,0,-1,1f600d001e000f00010300000001ff00
8033,7,1311,0,0,-1,1f61051f6001ff
8034,470,256,1,0,17,1f6201002600120000000001c9000000
8035,916,256,1,0,17,1f630100210010000000000387000000
8036,1700,256,1,0,17,1f6401003f0011000000000697000000
8037,228,256,1,0,17,1f6501001f000f0000000000d7000000
8038,223,256,1,0,17,1f6601001e000f0000000000d2000000
8039,2869,256,1,0,17,1f670100210021000000000b28000000
8040,1786,256,1,0,17,1f6801001c001d0000000006ed000000
8041,2968,256,1,0,17,1f690100400020000000000b8b000000
8042,2742,256,1,0,17,1f6a010040001c000000000aa9000000
8043,2810,256,1,0,17,1f6b0100460025000000000aed000000
8044,548,256,1,0,17,1f6c010038001b000000000217000000
8045,800,256,1,0,17,1f6d01001f001f000000000313000000
8046,168,256,1,0,17,1f6e01001f001f00000000009b000000
8047,845,256,1,0,17,1f6f0100170017000000000340000000
8048,538,256,1,0,17,1f70010031001600000000020d000000
8049,984,256,1,0,17,1f7101003100160000000003cb000000
8050,540,256,1,0,17,1f72010031001600000000020f000000
8051,1070,256,1,0,17,1f730100310016000000000421000000
8052,1051,256,1,0,17,1f7401001f001900000000040e000000
8053,994,256,1,0,17,1f7501001f00190000000003d5000000
8054,1238,256,1,0,17,1f7601003700190000000004c9000000
8055,1334,256,1,0,17,1f770100370019000000000529000000
8056,5905,256,1,0,17,1f7801002d00d4000000001704000000
8057,15030,256,1,0,17,1f790100d2006c000000003aa9000000
8058,503,256,1,0,17,1f7a01001d001d0000000001ea000000
8059,16630,257,1,0,17,1f7b01012f00720000000040e9000000
8060,1137,256,1,0,17,1f7c010014001d000000000464000000
8061,2172,256,1,0,17,1f7d01003c001b00000000086f000000
8062,198,256,1,0,17,1f7e010018001b0000000000b9000000
8063,2036,257,1,0,17,1f7f01013c001b0000000007e7000000
8064,8609,257,1,0,17,1f800101c6001e000000002194000000
8065,771,256,1,0,17,1f8101001700140000000002f6000000
8066,861,256,1,0,17,1f820100170014000000000350000000
8067,5160,256,1,0,17,1f8301006c004b00000000141b000000
8068,1014,256,1,0,17,1f8401002400140000000003e9000000
8069,1480,256,1,0,17,1f850100b900140000000005bb000000
8070,1888,256,1,0,17,1f8601002e0018000000000753000000
8071,1656,256,1,0,17,1f8701002e001800000000066b000000
8072,2071,256,1,0,17,1f8801002e001800000000080a000000
8073,1828,256,1,0,17,1f8901002e0018000000000717000000
8074,476,256,1,0,17,1f8a01001200120000000001cf000000
8075,569,256,1,0,17,1f8b010012001200000000022c000000
8076,1300,256,1,0,17,1f8c0100b3001a000000000507000000
8077,1018,256,1,0,17,1f8d0100a0001a0000000003ed000000
8078,2012,256,1,0,17,1f8e0100b3001a0000000007cf000000
8079,641,256,1,0,17,1f8f0100120012000000000274000000
8080,1139,256,1,0,17,1f9001001a0017000000000466000000
8081,1196,256,1,0,17,1f9101001a001700000000049f000000
8082,749,256,1,0,17,1f9201001400890000000002e0000000
8083,673,256,1,0,17,1f930100190017000000000294000000
8084,777,256,1,0,17,1f9401001900170000000002fc000000
8085,3116,256,1,0,17,1f950100490023000000000c1f000000
8086,243,256,1,0,17,1f9601001900230000000000e6000000
8087,6958,256,1,0,17,1f9701004a005a000000001b21000000
8088,343,256,1,0,17,1f9801001f001a00000000014a000000
8089,165,256,1,0,17,1f99010023001a000000000098000000
8090,1645,256,1,0,17,1f9a01002d002d000000000660000000
8091,1113,256,1,0,17,1f9b01001b002d00000000044c000000
8092,1104,256,1,0,17,1f9c01002d001c000000000443000000
8093,837,256,1,0,17,1f9d01001b001c000000000338000000
8094,2069,256,1,0,17,1f9e0100aa0018000000000808000000
8095,11527,256,1,0,17,1f9f0100be004b000000002cfa000000
8096,75740,256,1,0,17,1fa00100e1015c0000000127cf000000
8097,1866,256,1,0,17,1fa101002b001600000000073d000000
8098,7,1303,0,0,-1,1fa205175e01ff
8099,1490,256,1,0,17,1fa301002e00140000000005c5000000
8100,1784,256,1,0,17,1fa401003100160000000006eb000000
8101,1787,256,1,0,17,1fa501003c00120000000006ee000000
8102,1407,256,1,0,17,1fa60100250012000000000572000000
8103,1329,256,1,0,17,1fa70100230013000000000524000000
8104,361,256,1,0,17,1fa8010046001200000000015c000000
8105,1024,256,1,0,17,1fa901002000100000000003f3000000
8106,1623,256,1,0,17,1faa01003e001000000000064a000000
8107,313,256,1,0,17,1fab010039000f00000000012c000000
8108,249,3328,0,0,-1,1fac0d001f000f00010300000001ff00
8109,7,1311,0,0,-1,1fad051fac01ff
8110,440,256,1,0,17,1fae010030000f0000000001ab000000
8111,444,256,1,0,17,1faf010030000f0000000001af000000
8112,1047,256,1,0,17,1fb0010021001100000000040a000000
8113,377,256,1,0,17,1fb101001f000f00000000016c000000
8114,382,256,1,0,17,1fb201001f000f000000000171000000
8115,1347,256,1,0,17,1fb30100220013000000000536000000
8116,253,3328,0,0,-1,1fb40d001f000f00010300000001ff00
8117,7,1311,0,0,-1,1fb5051fb401ff
8118,485,256,1,0,17,1fb6010011000a0000000001d8000000
8119,616,256,1,0,17,1fb7010011002f00000000025b000000
8120,444,256,1,0,17,1fb8010011000a0000000001af000000
8121,788,256,1,0,17,1fb90100570017000000000307000000
8122,786,256,1,0,17,1fba0100160016000000000305000000
8123,795,256,1,0,17,1fbb010096001600000000030e000000
8124,828,256,1,0,17,1fbc010016009600000000032f000000
8125,1245,256,1,0,17,1fbd01009600960000000004d0000000
8126,2070,257,1,0,17,1fbe0101040016000000000809000000
8127,732,256,1,0,17,1fbf01002600110000000002cf000000
8128,1518,257,1,0,17,1fc001012200100000000005e1000000
8129,8099,257,1,0,17,1fc101012a0022000000001f96000000
8130,767,256,1,0,17,1fc2010010001c0000000002f2000000
8131,837,257,1,0,17,1fc30101a40015000000000338000000
8132,387,257,1,0,17,1fc40101a40016000000000176000000
8133,123,256,1,0,17,1fc5010009000900000000006e000000
8134,115,256,1,0,17,1fc60100090009000000000066000000
8135,133,256,1,0,17,1fc70100090009000000000078000000
8136,123,256,1,0,17,1fc8010009000900000000006e000000
8137,321,256,1,0,17,1fc9010019000d000000000134000000
8138,326,256,1,0,17,1fca010019000d000000000139000000
8139,1279,256,1,0,17,1fcb01002b000e0000000004f2000000
8140,221,3328,0,0,-1,1fcc0d0019000d00010300000001ff00
8141,7,1311,0,0,-1,1fcd051fcc01ff
8142,582,256,1,0,17,1fce0100bf0009000000000239000000
8143,1379,256,1,0,17,1fcf01002b0010000000000556000000
8144,212,3328,0,0,-1,1fd00d0018000d00010300000001ff00
8145,7,1311,0,0,-1,1fd1051fd001ff
8146,1321,256,1,0,17,1fd201002b001000000000051c000000
8147,205,3328,0,0,-1,1fd30d0018000d00010300000001ff00
8148,7,1311,0,0,-1,1fd4051fd301ff
8149,340,256,1,0,17,1fd5010019000d000000000147000000
8150,338,256,1,0,17,1fd6010019000d000000000145000000
8151,1169,256,1,0,17,1fd701002b000e000000000484000000
8152,232,3328,0,0,-1,1fd80d0019000d00010300000001ff00
8153,7,1311,0,0,-1,1fd9051fd801ff
8154,1395,256,1,0,17,1fda01002b0010000000000566000000
8155,226,3328,0,0,-1,1fdb0d0019000d00010300000001ff00
8156,7,1311,0,0,-1,1fdc051fdb01ff
8157,529,256,1,0,17,1fdd01000e0013000000000204000000
8158,1438,256,1,0,17,1fde01002b0010000000000591000000
8159,418,256,1,0,17,1fdf01000e000f000000000195000000
8160,3203,256,1,0,17,1fe00100420021000000000c76000000
8161,3282,256,1,0,17,1fe10100420021000000000cc5000000
8162,1447,256,1,0,17,1fe201001c001700000000059a000000
8163,1502,256,1,0,17,1fe301001c00170000000005d1000000
8164,202,256,1,0,17,1fe401003d00140000000000bd000000
8165,1556,256,1,0,17,1fe501001b0017000000000607000000
8166,1540,256,1,0,17,1fe601001b00170000000005f7000000
8167,673,256,1,0,17,1fe7010010000f000000000294000000
8168,223,256,1,0,17,1fe801000f000a0000000000d2000000
8169,376,256,1,0,17,1fe901000d001200000000016b000000
8170,994,256,1,0,17,1fea01002200120000000003d5000000
8171,1144,256,1,0,17,1feb010022001100000000046b000000
8172,1092,256,1,0,17,1fec0100220011000000000437000000
8173,1319,256,1,0,17,1fed010013001c00000000051a000000
8174,413,256,1,0,17,1fee0100e7000b000000000190000000
8175,476,256,1,0,17,1fef0100eb000d0000000001cf000000
8176,874,256,1,0,17,1ff0010016001600000000035d000000
8177,3149,257,1,0,17,1ff10101410018000000000c40000000
8178,696,256,1,0,17,1ff201004300230000000002ab000000
8179,83321,256,1,0,17,1ff30100e0015c00000001456c000000
8180,179,256,1,0,17,1ff40100ec000f0000000000a6000000
8181,366,256,1,0,17,1ff50100f00013000000000161000000
8182,1324,256,1,0,17,1ff6010016001600000000051f000000
8183,1432,256,1,0,17,1ff7010016001600000000058b000000
8184,1357,256,1,0,17,1ff80100160016000000000540000000
8185,1607,256,1,0,17,1ff9010018001800000000063a000000
8186,1201,256,1,0,17,1ffa01001600160000000004a4000000
8187,1368,256,1,0,17,1ffb010016001600000000054b000000
8188,277,256,1,0,17,1ffc0100130013000000000108000000
8189,162,256,1,0,17,1ffd0100130013000000000095000000
8190,150,256,1,0,17,1ffe0100130013000000000089000000
8191,3404,256,1,0,17,1fff010055001c000000000d3f000000
8192,1704,256,1,0,17,2000010055002300000000069b000000
8193,3424,256,1,0,17,200101008a001c000000000d53000000
8194,1790,256,1,0,17,200201008a00230000000006f1000000
8195,4120,256,1,0,17,2003010040004000000000100b000000
8196,949,256,1,0,17,200401002c000f0000000003a8000000
8197,950,256,1,0,17,200501007c00160000000003a9000000
8198,1645,256,1,0,17,2006010023001e000000000660000000
8199,893,256,1,0,17,20070100350011000000000370000000
8200,197,256,1,0,17,2008010018000d0000000000b8000000
8201,297,256,1,0,17,2009010018000d00000000011c000000
8202,322,256,1,0,17,200a010019000d000000000135000000
8203,196,256,1,0,17,200b010017000d0000000000b7000000
8204,257,256,1,0,17,200c010030000d0000000000f4000000
8205,331,256,1,0,17,200d010019000d00000000013e000000
8206,215,256,1,0,17,200e010019000d0000000000ca000000
8207,207,256,1,0,17,200f010019000d0000000000c2000000
8208,332,256,1,0,17,2010010019000d00000000013f000000
8209,311,256,1,0,17,2011010019000d00000000012a000000
8210,208,256,1,0,17,2012010019000d0000000000c3000000
8211,205,256,1,0,17,2013010019000d0000000000c0000000
8212,211,256,1,0,17,2014010019000d0000000000c6000000
8213,686,256,1,0,17,201501001d001d0000000002a1000000
8214,696,256,1,0,17,201601001d001d0000000002ab000000
8215,1376,256,1,0,17,20170100220010000000000553000000
8216,955,256,1,0,17,2018010020000b0000000003ae000000
8217,632,256,1,0,17,2019010015001500000000026b000000
8218,655,256,1,0,17,201a0100150015000000000282000000
8219,586,256,1,0,17,201b010015001500000000023d000000
8220,657,256,1,0,17,201c0100150015000000000284000000
8221,828,256,1,0,17,201d010015001500000000032f000000
8222,805,256,1,0,17,201e0100150015000000000318000000
8223,3813,257,1,0,17,201f01014b0021000000000ed8000000
8224,3457,257,1,0,17,202001014b0021000000000d74000000
8225,724,256,1,0,17,202101001700170000000002c7000000
8226,686,256,1,0,17,202201001700170000000002a1000000
8227,242,256,1,0,17,202301008d00100000000000e5000000
8228,2104,256,1,0,17,2024010056006100000000082b000000
8229,801,256,1,0,17,20250100440011000000000314000000
8230,877,256,1,0,17,20260100430011000000000360000000
8231,627,256,1,0,17,20270100140014000000000266000000
8232,475,256,1,0,17,202801001400140000000001ce000000
8233,596,256,1,0,17,20290100140014000000000247000000
8234,478,256,1,0,17,202a01001400140000000001d1000000
8235,756,256,1,0,17,202b01001400140000000002e7000000
8236,767,256,1,0,17,202c01001400140000000002f2000000
8237,856,256,1,0,17,202d01000c001100000000034b000000
8238,1103,256,1,0,17,202e0100100011000000000442000000
8239,412,256,1,0,17,202f010010000e00000000018f000000
8240,405,256,1,0,17,2030010010000e000000000188000000
8241,699,256,1,0,17,203101001200120000000002ae000000
8242,4306,256,1,0,17,203201002a002a0000000010c5000000
8243,4408,256,1,0,17,203301002a002a00000000112b000000
8244,4759,256,1,0,17,203401002a002a00000000128a000000
8245,4679,256,1,0,17,203501002a002a00000000123a000000
8246,6068,256,1,0,17,203601003200360000000017a7000000
8247,101,256,1,0,17,20370100280003000000000058000000
8248,3536,256,1,0,17,203801003a003b000000000dc3000000
8249,3291,256,1,0,17,203901003a003b000000000cce000000
8250,3867,256,1,0,17,203a01003a003b000000000f0e000000
8251,4058,256,1,0,17,203b01003a003b000000000fcd000000
8252,264,256,1,0,17,203c010033000f0000000000fb000000
8253,275,256,1,0,17,203d010033000f000000000106000000
8254,283,256,1,0,17,203e010029001200000000010e000000
8255,278,256,1,0,17,203f01002a0012000000000109000000
8256,61336,256,1,0,17,20400100e600bb00000000ef8b000000
8257,2174,256,1,0,17,20410100460015000000000871000000
8258,2035,256,1,0,17,204201004600150000000007e6000000
8259,258,3328,0,0,-1,20430d001f000f00010300000001ff00
8260,7,1312,0,0,-1,204405204301ff
8261,7,1311,0,0,-1,2045051f5002ff
8262,7,1311,0,0,-1,2046051f5003ff
8263,226,3328,0,0,-1,20470d0020000f0001030000000d7445
8264,7,1312,0,0,-1,204805204701ff
8265,219,3328,0,0,-1,20490d0020000f0001030000000d7445
8266,7,1312,0,0,-1,204a05204901ff
8267,244,3328,0,0,-1,204b0d0020000f00010300000001ff00
8268,7,1312,0,0,-1,204c05204b01ff
8269,246,3328,0,0,-1,204d0d001f000f00010300000001ff00
8270,7,1312,0,0,-1,204e05204d01ff
8271,254,3328,0,0,-1,204f0d0020000f00010300000001ff00
8272,7,1312,0,0,-1,205005204f01ff
8273,247,3328,0,0,-1,20510d0020000f00010300000001ff00
8274,7,1312,0,0,-1,205205205101ff
8275,2290,256,1,0,17,205301004e00160000000008e5000000
8276,1666,256,1,0,17,205401002b0013000000000675000000
8277,1779,256,1,0,17,205501002c00150000000006e6000000
8278,2351,256,1,0,17,20560100500015000000000922000000
8279,2280,256,1,0,17,205701005000150000000008db000000
8280,1783,256,1,0,17,205801002f00130000000006ea000000
8281,2311,256,1,0,17,205901005200150000000008fa000000
8282,2678,256,1,0,17,205a01004c0015000000000a69000000
8283,2507,256,1,0,17,205b01004e00150000000009be000000
8284,2365,256,1,0,17,205c0100500014000000000930000000
8285,2490,256,1,0,17,205d01005000150000000009ad000000
8286,2356,256,1,0,17,205e0100500015000000000927000000
8287,2431,256,1,0,17,205f01004d0017000000000972000000
8288,2431,256,1,0,17,206001004e0017000000000972000000
8289,1568,256,1,0,17,206101002d0015000000000613000000
8290,2296,256,1,0,17,206201004f00150000000008eb000000
8291,2600,256,1,0,17,206301004b0016000000000a1b000000
8292,2376,256,1,0,17,206401004e001600000000093b000000
8293,2546,256,1,0,17,206501004d00160000000009e5000000
8294,2526,256,1,0,17,206601004d00160000000009d1000000
8295,3537,256,1,0,17,206701008a0017000000000dc4000000
8296,1831,256,1,0,17,206801002c001600000000071a000000
8297,1696,256,1,0,17,206901002b0014000000000693000000
8298,2311,256,1,0,17,206a01004d00150000000008fa000000
8299,2288,256,1,0,17,206b01004d00150000000008e3000000
8300,2309,256,1,0,17,206c01004e00160000000008f8000000
8301,2343,256,1,0,17,206d01004e001500000000091a000000
8302,6,1558,0,0,-1,206e06163110
8303,1778,256,1,0,17,206f01002b00160000000006e5000000
8304,2513,256,1,0,17,207001004d00160000000009c4000000
8305,2344,256,1,0,17,207101004f001400000000091b000000
8306,2445,256,1,0,17,20720100510014000000000980000000
8307,2401,256,1,0,17,207301004e0015000000000954000000
8308,1853,256,1,0,17,207401003b0014000000000730000000
8309,3206,256,1,0,17,20750100770016000000000c79000000
8310,2249,256,1,0,17,207601004f00140000000008bc000000
8311,2233,256,1,0,17,207701004c00140000000008ac000000
8312,2562,256,1,0,17,207801004c00170000000009f5000000
8313,1808,256,1,0,17,207901002c0013000000000703000000
8314,2287,256,1,0,17,207a01004f00160000000008e2000000
8315,1831,256,1,0,17,207b01002d001500000000071a000000
8316,3042,256,1,0,17,207c0100760015000000000bd5000000
8317,3337,256,1,0,17,207d0100750015000000000cfc000000
8318,3167,256,1,0,17,207e0100770015000000000c52000000
8319,3777,256,1,0,17,207f0100a00015000000000eb4000000
8320,2388,256,1,0,17,208001004d0014000000000947000000
8321,1707,256,1,0,17,208101002d001400000000069e000000
8322,2343,256,1,0,17,208201004f001500000000091a000000
8323,2500,256,1,0,17,208301005000140000000009b7000000
8324,2320,256,1,0,17,208401004e0015000000000903000000
8325,2439,256,1,0,17,2085010050001700000000097a000000
8326,2951,256,1,0,17,20860100610015000000000b7a000000
8327,2436,256,1,0,17,208701004d0015000000000977000000
8328,675,256,1,0,17,20880100150015000000000296000000
8329,5781,256,1,0,17,208901003c003c000000001688000000
8330,4049,256,1,0,17,208a0100740020000000000fc4000000
8331,3572,256,1,0,17,208b0100740020000000000de7000000
8332,2494,256,1,0,17,208c01003100200000000009b1000000
8333,2340,256,1,0,17,208d0100310020000000000917000000
8334,1190,256,1,0,17,208e0100380038000000000499000000
8335,1228,256,1,0,17,208f01003800380000000004bf000000
8336,1210,256,1,0,17,209001003800380000000004ad000000
8337,934,256,1,0,17,2091010052001d000000000399000000
8353,643,256,1,0,17,20a1010052001d000000000276000000
8354,505,256,1,0,17,20a201001200120000000001ec000000
8355,595,256,1,0,17,20a30100120012000000000246000000
8356,723,256,1,0,17,20a401001200120000000002c6000000
8357,626,256,1,0,17,20a50100120012000000000265000000
8358,449,256,1,0,17,20a601002b00100000000001b4000000
8359,17852,265,1,0,177,20a701093000191400000000004f0930
8360,6,1568,0,0,-1,20a80620a700
8361,6,1568,0,0,-1,20a90620a701
8362,6,1568,0,0,-1,20aa0620a702
8363,6,1568,0,0,-1,20ab0620a703
8364,6,1568,0,0,-1,20ac0620a704
8365,6,1568,0,0,-1,20ad0620a705
8381,235,768,0,0,-1,20bd030064011400890932003d000b00
8382,22143,259,1,0,217,20be010396003d19000000000012003d
8383,6,1568,0,0,-1,20bf0620be00
8384,235,256,1,0,17,20c001000f000f0000000000de000000
8385,246,256,1,0,17,20c101000f000f0000000000e9000000
8386,6,1568,0,0,-1,20c20620be01
8387,6,1568,0,0,-1,20c30620be02
8388,6,1568,0,0,-1,20c40620be03
8389,6,1568,0,0,-1,20c50620be04
8390,6,1568,0,0,-1,20c60620be05
8391,6,1568,0,0,-1,20c70620be06
8392,6,1568,0,0,-1,20c80620be07
8393,6,1568,0,0,-1,20c90620be08
8394,6,1568,0,0,-1,20ca0620be09
8395,6,1568,0,0,-1,20cb0620be0a
8396,6,1568,0,0,-1,20cc0620be0b
8397,6,1568,0,0,-1,20cd0620be0c
8398,6,1568,0,0,-1,20ce0620be0d
8399,6,1568,0,0,-1,20cf0620be0e
8400,6,1568,0,0,-1,20d00620be0f
8401,6,1568,0,0,-1,20d10620be10
8402,6,1568,0,0,-1,20d20620be11
8403,6,1568,0,0,-1,20d30620be12
8405,6,1568,0,0,-1,20d50620be13
8406,6,1568,0,0,-1,20d60620be14
8407,6,1568,0,0,-1,20d70620be15
8408,6,1568,0,0,-1,20d80620be16
8409,6,1568,0,0,-1,20d90620be17
8410,290,768,0,0,-1,20da0300640119004000430033003d00
8411,6,1568,0,0,-1,20db0620be18
8412,2286,256,1,0,17,20dc01004e00150000000008e1000000
8413,6,1558,0,0,-1,20dd06163111
8414,6,1558,0,0,-1,20de06163112
8415,6,1558,0,0,-1,20df06163113
8416,6,1558,0,0,-1,20e006163100
8417,6,1558,0,0,-1,20e106163101
8418,6,1558,0,0,-1,20e206163102
8419,6,1558,0,0,-1,20e306163103
8420,6,1558,0,0,-1,20e406163104
8421,6,1558,0,0,-1,20e506163105
8422,6,1558,0,0,-1,20e606163106
8423,6,1558,0,0,-1,20e706163107
8424,6,1558,0,0,-1,20e806163108
8425,6,1558,0,0,-1,20e906163109
8426,891305,260,1,0,161,20ea01043802d0120000000000b400f0
8433,94119,258,1,0,17,20f101026b01fc000000016f9a000000
8434,188311,262,1,0,81,20f201063a0155080000000000f50155
8435,6,1568,0,0,-1,20f30620f200
8436,6,1568,0,0,-1,20f40620f201
8437,6,1568,0,0,-1,20f50620f202
8438,6,1568,0,0,-1,20f60620f203
8439,6,1568,0,0,-1,20f70620f204
8440,6,1568,0,0,-1,20f80620f205
8441,6,1568,0,0,-1,20f90620f206
8442,6,1568,0,0,-1,20fa0620f207
8443,103,768,0,0,-1,20fb030064010800f6019a009a00de00
8444,227986,262,1,0,177,20fc0106e9006c14000000000058006c
8465,455,768,0,0,-1,211103006401280066006e0030006c00
8466,389,256,1,0,17,2112010018000e000000000178000000
8467,1265,256,1,0,17,211301002200130000000004e4000000
8468,47807,262,1,0,185,21140106df005c15000000000055005c
8469,6,1569,0,0,-1,211506211400
8470,6,1569,0,0,-1,211606211401
8471,6,1569,0,0,-1,211706211402
8472,6,1569,0,0,-1,211806211403
8473,6,1569,0,0,-1,211906211404
8474,6,1569,0,0,-1,211a06211405
8475,6,1569,0,0,-1,211b06211406
8476,6,1569,0,0,-1,211c06211407
8477,6,1569,0,0,-1,211d06211408
8478,6,1569,0,0,-1,211e06211409
8479,6,1569,0,0,-1,211f0621140a
8480,6,1569,0,0,-1,21200621140b
8481,6,1569,0,0,-1,21210621140c
8483,6,1569,0,0,-1,21230621140d
8484,6,1569,0,0,-1,21240621140e
8485,6,1569,0,0,-1,21250621140f
8486,6,1569,0,0,-1,212606211410
8487,6,1569,0,0,-1,212706211411
8488,6,1569,0,0,-1,212806211412
8489,6,1569,0,0,-1,212906211413
8491,6,1569,0,0,-1,212b06211414
8492,4560,256,1,0,17,212c01008e00200000000011c3000000
8493,3094,256,1,0,17,212d01003e001a000000000c09000000
8494,4217,256,1,0,17,212e01005d001c00000000106c000000
8495,1638,256,1,0,17,212f01002a0012000000000659000000
8496,2421,256,1,0,17,21300100470013000000000968000000
8497,1909,256,1,0,17,213101002a0014000000000768000000
8498,2589,256,1,0,17,21320100450014000000000a10000000
8499,2435,256,1,0,17,21330100440014000000000976000000
8500,1681,256,1,0,17,21340100290012000000000684000000
8501,590,256,1,0,17,2135010024000f000000000241000000
8502,605,256,1,0,17,2136010024000f000000000250000000
8503,222,257,1,0,17,2137010197001c0000000000d1000000
8504,70833,257,1,0,17,21380101ab01400000000114a4000000
8505,47357,257,1,0,17,213901018e00ee00000000b8f0000000
8506,152359,257,1,0,17,213a0101d900e900000002531a000000
8507,3476,256,1,0,17,213b0100d500bc000000000d87000000
8508,99130,257,1,0,17,213c010199009b00000001832d000000
8509,2487,256,1,0,17,213d010048001c0000000009aa000000
8510,2716,256,1,0,17,213e010048001c000000000a8f000000
8511,3654,256,1,0,17,213f01006a001a000000000e39000000
8512,4576,256,1,0,17,214001005e001b0000000011d3000000
8513,263,256,1,0,17,214101001400190000000000fa000000
8514,145,256,1,0,17,21420100250019000000000084000000
8515,414,257,1,0,17,2143010105002c000000000191000000
8516,1037,257,1,0,17,214401017a0017000000000400000000
8517,1423,256,1,0,17,214501001e001e000000000582000000
8518,1745,256,1,0,17,214601001e001e0000000006c4000000
8519,1584,256,1,0,17,214701001e001e000000000623000000
8520,1519,256,1,0,17,214801001e001a0000000005e2000000
8521,1912,256,1,0,17,214901001e001e00000000076b000000
8522,1929,256,1,0,17,214a01001e001b00000000077c000000
8523,1598,256,1,0,17,214b0100200018000000000631000000
8524,1935,256,1,0,17,214c0100200019000000000782000000
8525,1037,256,1,0,17,214d0100180015000000000400000000
8526,1157,256,1,0,17,214e0100180015000000000478000000
8527,1135,256,1,0,17,214f0100180015000000000462000000
8528,601,256,1,0,17,215001008b001b00000000024c000000
8529,433,256,1,0,17,215101003800120000000001a4000000
8530,2521,256,1,0,17,215201004500160000000009cc000000
8531,546,256,1,0,17,21530100380011000000000215000000
8532,1792,256,1,0,17,215401003000160000000006f3000000
8533,724,256,1,0,17,215501001200120000000002c7000000
8534,782,256,1,0,17,21560100130013000000000301000000
8535,375,256,1,0,17,2157010038001100000000016a000000
8536,1426,256,1,0,17,215801002c0013000000000585000000
8537,1166,256,1,0,17,215901002c0013000000000481000000
8538,1769,256,1,0,17,215a01002c00130000000006dc000000
8539,1225,256,1,0,17,215b01002c00130000000004bc000000
8540,1453,256,1,0,17,215c01002500110000000005a0000000
8541,1320,256,1,0,17,215d01002c001300000000051b000000
8542,1817,256,1,0,17,215e01002f001700000000070c000000
8543,2600,256,1,0,17,215f0100490013000000000a1b000000
8544,4480,256,1,0,17,2160010031002e000000001173000000
8545,2898,256,1,0,17,216101002f002d000000000b45000000
8546,9819,256,1,0,17,21620100bc002800000000264e000000
8547,8997,256,1,0,17,21630100bc0028000000002318000000
8548,5048,256,1,0,17,216401006000250000000013ab000000
8549,4705,256,1,0,17,21650100600025000000001254000000
8550,805,256,1,0,17,21660100e10022000000000318000000
8551,499,256,1,0,17,216701001b001b0000000001e6000000
8552,1455,256,1,0,17,216801001d001d0000000005a2000000
8553,1560,256,1,0,17,216901001f001800000000060b000000
8554,1507,256,1,0,17,216a01001e001e0000000005d6000000
8555,1901,256,1,0,17,216b01001f0019000000000760000000
8556,1858,256,1,0,17,216c01001e001e000000000735000000
8557,1570,256,1,0,17,216d01001e0018000000000615000000
8558,1522,256,1,0,17,216e01001e001e0000000005e5000000
8559,1935,256,1,0,17,216f01001e0019000000000782000000
8560,1818,256,1,0,17,217001001e001e00000000070d000000
8561,1438,256,1,0,17,217101001e001a000000000591000000
8562,1769,256,1,0,17,217201001e001b0000000006dc000000
8563,1438,256,1,0,17,217301001e0017000000000591000000
8564,1590,256,1,0,17,217401001c0018000000000629000000
8565,1748,256,1,0,17,217501001e00180000000006c7000000
8566,1879,256,1,0,17,217601001c001900000000074a000000
8567,1510,256,1,0,17,217701001e001e0000000005d9000000
8568,1446,256,1,0,17,217801001e001e000000000599000000
8569,1827,256,1,0,17,217901001e001e000000000716000000
8570,1785,256,1,0,17,217a01001e001e0000000006ec000000
8571,1584,256,1,0,17,217b01001e001e000000000623000000
8572,1987,256,1,0,17,217c01001e001e0000000007b6000000
8577,716,256,1,0,17,218101001200120000000002bf000000
8578,427,256,1,0,25,21820100120012010000000000120012
8579,357,256,1,0,25,21830100120012010000000000120012
8580,383,256,1,0,25,21840100120012010000000000120012
8581,6,1569,0,0,-1,218506218300
8582,6,1569,0,0,-1,218606218200
8583,6,1569,0,0,-1,218706218400
8584,81,768,0,0,-1,21880300500106001400140009000700
8585,8497,256,1,0,17,21890100400040000000002124000000
8586,9921,256,1,0,17,218a01004000400000000026b4000000
8587,9711,256,1,0,17,218b01004000400000000025e2000000
8588,9387,256,1,0,17,218c010040004000000000249e000000
8589,9245,256,1,0,17,218d0100400040000000002410000000
8590,8825,256,1,0,17,218e010040004000000000226c000000
8591,9645,256,1,0,17,218f01004000400000000025a0000000
8592,9850,256,1,0,17,2190010040004000000000266d000000
8593,9017,256,1,0,17,2191010040004000000000232c000000
8594,9633,256,1,0,17,21920100400040000000002594000000
8595,9157,256,1,0,17,219301004000400000000023b8000000
8596,9355,256,1,0,17,2194010040004000000000247e000000
8597,9386,256,1,0,17,2195010040004000000000249d000000
8598,9647,256,1,0,17,219601004000400000000025a2000000
8599,9618,256,1,0,17,21970100400040000000002585000000
8600,9824,256,1,0,17,21980100400040000000002653000000
8601,9293,256,1,0,17,21990100400040000000002440000000
8602,10094,256,1,0,17,219a0100400040000000002761000000
8603,9627,256,1,0,17,219b010040004000000000258e000000
8604,9630,256,1,0,17,219c0100400040000000002591000000
8605,10386,256,1,0,17,219d0100400040000000002885000000
8606,10237,256,1,0,17,219e01004000400000000027f0000000
8607,9548,256,1,0,17,219f010040004000000000253f000000
8608,9961,256,1,0,17,21a001004000400000000026dc000000
8609,10025,256,1,0,17,21a1010040004000000000271c000000
8610,8192,256,1,0,17,21a20100400040000000001ff3000000
8611,9794,256,1,0,17,21a30100400040000000002635000000
8612,9672,256,1,0,17,21a401004000400000000025bb000000
8613,8896,256,1,0,17,21a501004000400000000022b3000000
8614,9982,256,1,0,17,21a601004000400000000026f1000000
8615,9088,256,1,0,17,21a70100400040000000002373000000
8616,9255,256,1,0,17,21a8010040004000000000241a000000
8617,9459,256,1,0,17,21a901004000400000000024e6000000
8618,10440,256,1,0,17,21aa01004000400000000028bb000000
8619,10007,256,1,0,17,21ab010040004000000000270a000000
8620,9079,256,1,0,17,21ac010040004000000000236a000000
8621,8943,256,1,0,17,21ad01004000400000000022e2000000
8622,10075,256,1,0,17,21ae010040004000000000274e000000
8623,9319,256,1,0,17,21af010040004000000000245a000000
8624,9384,256,1,0,17,21b0010040004000000000249b000000
8625,9379,256,1,0,17,21b10100400040000000002496000000
8626,9230,256,1,0,17,21b20100400040000000002401000000
8627,9311,256,1,0,17,21b30100400040000000002452000000
8628,10181,256,1,0,17,21b401004000400000000027b8000000
8629,10138,256,1,0,17,21b5010040004000000000278d000000
8630,9618,256,1,0,17,21b60100400040000000002585000000
8631,10375,256,1,0,17,21b7010040004000000000287a000000
8632,9300,256,1,0,17,21b80100400040000000002447000000
8633,10421,256,1,0,17,21b901004000400000000028a8000000
8634,9981,256,1,0,17,21ba01004000400000000026f0000000
8635,9157,256,1,0,17,21bb01004000400000000023b8000000
8636,10351,256,1,0,17,21bc0100400040000000002862000000
8637,10850,256,1,0,17,21bd0100400040000000002a55000000
8638,9034,256,1,0,17,21be010040004000000000233d000000
8639,9903,256,1,0,17,21bf01004000400000000026a2000000
8640,9605,256,1,0,17,21c00100400040000000002578000000
8641,10387,256,1,0,17,21c10100400040000000002886000000
8642,10043,256,1,0,17,21c2010040004000000000272e000000
8643,9785,256,1,0,17,21c3010040004000000000262c000000
8644,9647,256,1,0,17,21c401004000400000000025a2000000
8645,9394,256,1,0,17,21c501004000400000000024a5000000
8646,9847,256,1,0,17,21c6010040004000000000266a000000
8647,8894,256,1,0,17,21c701004000400000000022b1000000
8648,10031,256,1,0,17,21c80100400040000000002722000000
8649,29906,258,1,0,17,21c901023d01160000000074c5000000
8650,2568,256,1,0,17,21ca01004600150000000009fb000000
8651,2929,256,1,0,17,21cb0100470014000000000b64000000
8652,2123,256,1,0,17,21cc010033001800000000083e000000
8653,2641,256,1,0,17,21cd0100460013000000000a44000000
8654,1894,256,1,0,17,21ce0100370013000000000759000000
8655,2326,256,1,0,17,21cf0100340018000000000909000000
8656,2445,256,1,0,17,21d00100440014000000000980000000
8657,2216,256,1,0,17,21d1010033001800000000089b000000
8658,84970,257,1,0,17,21d20101990085000000014bdd000000
8659,507,256,1,0,17,21d301003900120000000001ee000000
8660,3192,256,1,0,17,21d40100790017000000000c6b000000
8661,210,256,1,0,17,21d501001a000f0000000000c5000000
8662,217,256,1,0,17,21d601001b000f0000000000cc000000
8663,274,256,1,0,17,21d701000d000d000000000105000000
8687,208,256,1,0,17,21ef010019000d0000000000c3000000
8688,36978,262,1,0,185,21f001060d0053150000000000480053
8689,6,1569,0,0,-1,21f10621f000
8690,6,1569,0,0,-1,21f20621f001
8691,6,1569,0,0,-1,21f30621f002
8692,6,1569,0,0,-1,21f40621f003
8693,6,1569,0,0,-1,21f50621f004
8694,6,1569,0,0,-1,21f60621f005
8695,6,1569,0,0,-1,21f70621f006
8696,6,1569,0,0,-1,21f80621f007
8697,6,1569,0,0,-1,21f90621f008
8698,6,1569,0,0,-1,21fa0621f009
8699,6,1569,0,0,-1,21fb0621f00a
8700,6,1569,0,0,-1,21fc0621f00b
8701,6,1569,0,0,-1,21fd0621f00c
8702,6,1569,0,0,-1,21fe0621f00d
8703,6,1569,0,0,-1,21ff0621f00e
8704,6,1569,0,0,-1,22000621f00f
8705,6,1569,0,0,-1,22010621f010
8706,6,1569,0,0,-1,22020621f011
8707,6,1569,0,0,-1,22030621f012
8708,6,1569,0,0,-1,22040621f013
8709,6,1569,0,0,-1,22050621f014
8710,246,768,0,0,-1,22060300640115005400580024002600
8711,6,1568,0,0,-1,22070620fc00
8712,6,1568,0,0,-1,22080620fc01
8713,6,1568,0,0,-1,22090620fc02
8714,6,1568,0,0,-1,220a0620fc03
8715,6,1568,0,0,-1,220b0620fc04
8716,6,1568,0,0,-1,220c0620fc05
8717,6,1568,0,0,-1,220d0620fc06
8718,6,1568,0,0,-1,220e0620fc07
8719,6,1568,0,0,-1,220f0620fc08
8720,6,1568,0,0,-1,22100620fc09
8721,6,1568,0,0,-1,22110620fc0a
8722,6,1568,0,0,-1,22120620fc0b
8723,6,1568,0,0,-1,22130620fc0c
8724,6,1568,0,0,-1,22140620fc0d
8725,6,1568,0,0,-1,22150620fc0e
8726,6,1568,0,0,-1,22160620fc0f
8727,6,1568,0,0,-1,22170620fc10
8728,6,1568,0,0,-1,22180620fc11
8729,6,1568,0,0,-1,22190620fc12
8730,6,1568,0,0,-1,221a0620fc13
8731,37444,257,1,0,105,221b0101fb00320b00000000002e0032
8732,6,1570,0,0,-1,221c06221b00
8733,6,1570,0,0,-1,221d06221b01
8734,6,1570,0,0,-1,221e06221b02
8735,6,1570,0,0,-1,221f06221b03
8736,6,1570,0,0,-1,222006221b04
8737,6,1570,0,0,-1,222106221b05
8738,6,1570,0,0,-1,222206221b06
8739,6,1570,0,0,-1,222306221b07
8740,6,1570,0,0,-1,222406221b08
8741,6,1570,0,0,-1,222506221b09
8742,6,1570,0,0,-1,222606221b0a
8743,172,768,0,0,-1,22270300640117003300320016000000
8744,34443,258,1,0,105,222801021d00320b0000000000330032
8745,40824,257,1,0,105,22290101f300310b00000000002e0031
8746,6,1570,0,0,-1,222a06222900
8747,6,1570,0,0,-1,222b06222901
8748,6,1570,0,0,-1,222c06222902
8749,6,1570,0,0,-1,222d06222903
8750,6,1570,0,0,-1,222e06222904
8751,6,1570,0,0,-1,222f06222905
8752,6,1570,0,0,-1,223006222906
8753,6,1570,0,0,-1,223106222907
8754,6,1570,0,0,-1,223206222908
8755,6,1570,0,0,-1,223306222909
8756,6,1570,0,0,-1,22340622290a
8757,172,768,0,0,-1,22350300640117003200310016000000
8758,172,768,0,0,-1,2236030064011700370032001a000000
8759,6,1570,0,0,-1,223706222800
8760,6,1570,0,0,-1,223806222801
8761,6,1570,0,0,-1,223906222802
8762,6,1570,0,0,-1,223a06222803
8763,6,1570,0,0,-1,223b06222804
8764,6,1570,0,0,-1,223c06222805
8765,6,1570,0,0,-1,223d06222806
8766,6,1570,0,0,-1,223e06222807
8767,6,1570,0,0,-1,223f06222808
8768,6,1570,0,0,-1,224006222809
8769,6,1570,0,0,-1,22410622280a
8770,512,256,1,0,17,224201004b00120000000001f3000000
8771,2491,256,1,0,17,224301004e00170000000009ae000000
8772,228958,262,1,0,161,22440106d30072120000000000790072
8773,6,1570,0,0,-1,224506224400
8774,6,1570,0,0,-1,224606224401
8775,6,1570,0,0,-1,224706224402
8776,6,1570,0,0,-1,224806224403
8777,6,1570,0,0,-1,224906224404
8778,6,1570,0,0,-1,224a06224405
8779,6,1570,0,0,-1,224b06224406
8780,6,1570,0,0,-1,224c06224407
8781,6,1570,0,0,-1,224d06224408
8782,6,1570,0,0,-1,224e06224409
8783,6,1570,0,0,-1,224f0622440a
8784,6,1570,0,0,-1,22500622440b
8785,6,1570,0,0,-1,22510622440c
8786,6,1570,0,0,-1,22520622440d
8787,6,1570,0,0,-1,22530622440e
8788,6,1570,0,0,-1,22540622440f
8789,6,1570,0,0,-1,225506224410
8790,6,1570,0,0,-1,225606224411
8791,219,768,0,0,-1,22570300640114009d0075003e007500
8792,708,256,1,0,57,2258010059000d05000000020011000b
8793,6,1570,0,0,-1,225906225800
8794,6,1570,0,0,-1,225a06225801
8795,6,1570,0,0,-1,225b06225802
8796,6,1570,0,0,-1,225c06225803
8797,6,1570,0,0,-1,225d06225804
8798,967,256,1,0,17,225e01002300230000000003ba000000
8799,1299,256,1,0,17,225f01008c0017000000000506000000
8800,11752,260,1,0,185,226001047d001f15000000000030001f
8801,6,1570,0,0,-1,226106226000
8802,6,1570,0,0,-1,226206226001
8803,6,1570,0,0,-1,226306226002
8804,6,1570,0,0,-1,226406226003
8805,6,1570,0,0,-1,226506226004
8806,6,1570,0,0,-1,226606226005
8807,6,1570,0,0,-1,226706226006
8808,6,1570,0,0,-1,226806226007
8809,6,1570,0,0,-1,226906226008
8810,6,1570,0,0,-1,226a06226009
8811,6,1570,0,0,-1,226b0622600a
8812,6,1570,0,0,-1,226c0622600b
8813,6,1570,0,0,-1,226d0622600c
8814,6,1570,0,0,-1,226e0622600d
8815,6,1570,0,0,-1,226f0622600e
8816,6,1570,0,0,-1,22700622600f
8817,6,1570,0,0,-1,227106226010
8818,6,1570,0,0,-1,227206226011
8819,6,1570,0,0,-1,227306226012
8820,6,1570,0,0,-1,227406226013
8821,6,1570,0,0,-1,227506226014
8822,246,768,0,0,-1,2276030064011500400024001a001000
8823,26362,258,1,0,185,22770102de002f15000000000023002f
8824,6,1570,0,0,-1,227806227700
8825,6,1570,0,0,-1,227906227701
8826,6,1570,0,0,-1,227a06227702
8827,6,1570,0,0,-1,227b06227703
8828,6,1570,0,0,-1,227c06227704
8829,6,1570,0,0,-1,227d06227705
8830,6,1570,0,0,-1,227e06227706
8831,6,1570,0,0,-1,227f06227707
8832,6,1570,0,0,-1,228006227708
8833,6,1570,0,0,-1,228106227709
8834,6,1570,0,0,-1,22820622770a
8835,6,1570,0,0,-1,22830622770b
8836,6,1570,0,0,-1,22840622770c
8837,6,1570,0,0,-1,22850622770d
8838,6,1570,0,0,-1,22860622770e
8839,6,1570,0,0,-1,22870622770f
8840,6,1570,0,0,-1,228806227710
8841,6,1570,0,0,-1,228906227711
8842,6,1570,0,0,-1,228a06227712
8843,6,1570,0,0,-1,228b06227713
8844,6,1570,0,0,-1,228c06227714
8845,235,768,0,0,-1,228d0300640114003200420019002500
8846,317,256,1,0,17,228e010024000f000000000130000000
8847,394,256,1,0,17,228f010026001100000000017d000000
8848,2459,256,1,0,17,229001004e001600000000098e000000
8849,2893,256,1,0,17,22910100630016000000000b40000000
8850,2311,256,1,0,17,229201004e00150000000008fa000000
8851,2343,256,1,0,17,229301004e001500000000091a000000
8852,2337,256,1,0,17,229401004a0015000000000914000000
8853,2445,256,1,0,17,229501004f0015000000000980000000
8854,2447,256,1,0,17,22960100500015000000000982000000
8855,1857,256,1,0,17,229701002d0016000000000734000000
8856,2384,256,1,0,17,229801004d0016000000000943000000
8857,2480,256,1,0,17,229901004e00150000000009a3000000
8858,2668,256,1,0,17,229a01005f0015000000000a5f000000
8859,2501,256,1,0,17,229b01004d00160000000009b8000000
8860,2336,256,1,0,17,229c01004d0015000000000913000000
8861,2235,256,1,0,17,229d01004c00150000000008ae000000
8862,2417,256,1,0,17,229e01004f0015000000000964000000
8863,2726,256,1,0,17,229f0100640015000000000a99000000
8864,1474,256,1,0,17,22a001002c00130000000005b5000000
8865,1515,256,1,0,17,22a101002e00130000000005de000000
8866,1678,256,1,0,17,22a201002c0015000000000681000000
8867,2246,256,1,0,17,22a301004c00140000000008b9000000
8868,2543,256,1,0,17,22a401004e00150000000009e2000000
8869,2411,256,1,0,17,22a501004f001500000000095e000000
8870,1678,256,1,0,17,22a601002e0015000000000681000000
8871,2325,256,1,0,17,22a70100500014000000000908000000
8872,3514,256,1,0,17,22a801008a0016000000000dad000000
8873,2415,256,1,0,17,22a901004d0017000000000962000000
8874,1715,256,1,0,17,22aa01002d00160000000006a6000000
8875,2968,256,1,0,17,22ab0100640016000000000b8b000000
8876,2444,256,1,0,17,22ac01004f001500000000097f000000
8877,3119,256,1,0,17,22ad0100780017000000000c22000000
8878,3661,256,1,0,17,22ae01003a003d000000000e40000000
8879,3870,256,1,0,17,22af01008e0020000000000f11000000
8880,353,256,1,0,17,22b001001f0035000000000154000000
8881,175,256,1,0,17,22b101002300350000000000a2000000
8882,1665,256,1,0,17,22b20100690018000000000674000000
8883,181,256,1,0,17,22b301003300180000000000a8000000
8890,2331,256,1,0,17,22ba01004d001500000000090e000000
8891,2576,256,1,0,17,22bb01004f0017000000000a03000000
8892,2053,256,1,0,17,22bc01004e00140000000007f8000000
8893,2396,256,1,0,17,22bd01004f001500000000094f000000
8894,2582,256,1,0,17,22be01004d0016000000000a09000000
8895,2345,256,1,0,17,22bf01004e001500000000091c000000
8896,3077,256,1,0,17,22c00100770015000000000bf8000000
8897,2452,256,1,0,17,22c10100500016000000000987000000
8898,2329,256,1,0,17,22c201004e001500000000090c000000
8899,2451,256,1,0,17,22c301004e0015000000000986000000
8900,3856,256,1,0,17,22c401008c0016000000000f03000000
8901,2588,256,1,0,17,22c501004e0017000000000a0f000000
8902,2516,256,1,0,17,22c601004e00160000000009c7000000
8903,3064,256,1,0,17,22c70100760016000000000beb000000
8904,1587,256,1,0,17,22c801002b0015000000000626000000
8905,3120,256,1,0,17,22c90100760016000000000c23000000
8906,3566,256,1,0,17,22ca01009d0015000000000de1000000
8907,2372,256,1,0,17,22cb01004f0015000000000937000000
8908,2354,256,1,0,17,22cc01004e0015000000000925000000
8909,1608,256,1,0,17,22cd01002d001400000000063b000000
8910,3091,256,1,0,17,22ce0100740015000000000c06000000
8911,2773,256,1,0,17,22cf0100520015000000000ac8000000
8912,2685,256,1,0,17,22d00100640016000000000a70000000
8913,2335,256,1,0,17,22d101004f0017000000000912000000
8914,2374,256,1,0,17,22d201004e0015000000000939000000
8915,2366,256,1,0,17,22d301004f0016000000000931000000
8916,2274,256,1,0,17,22d401005000160000000008d5000000
8917,6,1568,0,0,-1,22d50620a706
8918,6,1568,0,0,-1,22d60620a707
8919,6,1568,0,0,-1,22d70620a708
8920,6,1568,0,0,-1,22d80620a709
8921,6,1568,0,0,-1,22d90620a70a
8922,6,1568,0,0,-1,22da0620a70b
8923,6,1568,0,0,-1,22db0620a70c
8924,6,1568,0,0,-1,22dc0620a70d
8925,6,1568,0,0,-1,22dd0620a70e
8926,6,1568,0,0,-1,22de0620a70f
8927,6,1568,0,0,-1,22df0620a710
8928,6,1568,0,0,-1,22e00620a711
8929,6,1568,0,0,-1,22e10620a712
8930,6,1568,0,0,-1,22e20620a713
8931,925,256,1,0,17,22e3010013000c000000000390000000
8932,587,256,1,0,17,22e401000d000d00000000023e000000
8933,875,256,1,0,17,22e5010013000c00000000035e000000
8934,133,256,1,0,17,22e601000d000d000000000078000000
8935,143,256,1,0,17,22e701000d000d000000000082000000
8936,267,256,1,0,17,22e801000d000d0000000000fe000000
8937,1681,256,1,0,17,22e901002b0014000000000684000000
8938,28689,258,1,0,185,22ea0102e80033150000000000280033
8939,6,1570,0,0,-1,22eb0622ea00
8940,6,1570,0,0,-1,22ec0622ea01
8941,6,1570,0,0,-1,22ed0622ea02
8942,6,1570,0,0,-1,22ee0622ea03
8943,6,1570,0,0,-1,22ef0622ea04
8944,6,1570,0,0,-1,22f00622ea05
8945,6,1570,0,0,-1,22f10622ea06
8946,6,1570,0,0,-1,22f20622ea07
8947,6,1570,0,0,-1,22f30622ea08
8948,6,1570,0,0,-1,22f40622ea09
8949,6,1570,0,0,-1,22f50622ea0a
8950,6,1570,0,0,-1,22f60622ea0b
8951,6,1570,0,0,-1,22f70622ea0c
8952,6,1570,0,0,-1,22f80622ea0d
8953,6,1570,0,0,-1,22f90622ea0e
8954,6,1570,0,0,-1,22fa0622ea0f
8955,6,1570,0,0,-1,22fb0622ea10
8956,6,1570,0,0,-1,22fc0622ea11
8957,6,1570,0,0,-1,22fd0622ea12
8958,6,1570,0,0,-1,22fe0622ea13
8959,6,1570,0,0,-1,22ff0622ea14
8960,235,768,0,0,-1,230003006401140030004a0017002c00
8962,70,768,0,0,-1,23020300280105006d00400036002000
8968,250,256,1,0,17,2308010026000f0000000000ed000000
8969,2323,256,1,0,17,230901004f0015000000000906000000
8970,377,256,1,0,17,230a010026000f00000000016c000000
8971,401,256,1,0,17,230b010028000f000000000184000000
8972,288,256,1,0,17,230c01000f0033000000000113000000
8973,411,256,1,0,17,230d010024000f00000000018e000000
8974,412,256,1,0,17,230e010024000f00000000018f000000
8975,382,256,1,0,17,230f010027000f000000000171000000
8976,228,256,1,0,17,2310010021000f0000000000d7000000
8977,421,256,1,0,17,2311010023000f000000000198000000
8978,371,256,1,0,17,2312010021000f000000000166000000
8979,395,256,1,0,17,2313010021000f00000000017e000000
8980,358,256,1,0,17,2314010022000f000000000159000000
8981,357,256,1,0,17,2315010024000f000000000158000000
8982,398,256,1,0,17,2316010028000f000000000181000000
8983,236,256,1,0,17,2317010021000f0000000000df000000
8984,425,256,1,0,17,2318010023000f00000000019c000000
8985,361,256,1,0,17,2319010022000f00000000015c000000
8986,293,256,1,0,17,231a01000f0033000000000118000000
8987,222,256,1,0,17,231b010021000f0000000000d1000000
8988,413,256,1,0,17,231c010022000f000000000190000000
8989,254,257,1,0,17,231d01012e00100000000000f1000000
8990,17063,256,1,0,17,231e0100f0004000000000429a000000
8991,280,256,1,0,17,231f01000f000f00000000010b000000
8992,1927,256,1,0,17,2320010030003000000000077a000000
8993,51546,256,1,0,17,23210100b000f700000000c94d000000
8994,1623,256,1,0,17,2322010030003000000000064a000000
8995,2296,256,1,0,17,232301003000300000000008eb000000
8996,2424,256,1,0,17,2324010030003000000000096b000000
8997,1328,256,1,0,17,23250100b60034000000000523000000
8998,1306,256,1,0,17,2326010018004000000000050d000000
8999,589,256,1,0,17,23270100250016000000000240000000
9000,612,256,1,0,17,23280100270016000000000257000000
9001,727,256,1,0,17,232901002500160000000002ca000000
9002,737,256,1,0,17,232a01002600160000000002d4000000
9003,876,256,1,0,17,232b010026001600000000035f000000
9004,881,256,1,0,17,232c0100260016000000000364000000
9005,3473,256,1,0,17,232d01003a003b000000000d84000000
9006,344,256,1,0,17,232e01000b001600000000014b000000
9007,162,256,1,0,17,232f01000b0016000000000095000000
9008,44449,257,1,0,17,23300101a1005e00000000ad94000000
9009,1249,256,1,0,17,233101005700260000000004d4000000
9010,220,256,1,0,17,233201001f000d0000000000cf000000
9011,231,256,1,0,17,233301001f000d0000000000da000000
9012,221,256,1,0,17,233401001f000d0000000000d0000000
9013,231,256,1,0,17,233501001f000d0000000000da000000
9014,2053,256,1,0,17,233601001b001b0000000007f8000000
9015,473,256,1,0,17,233701000d000d0000000001cc000000
9016,518,256,1,0,17,233801000d000d0000000001f9000000
9017,3670,256,1,0,17,23390100290029000000000e49000000
9018,1097,256,1,0,17,233a010015001500000000043c000000
9019,984,256,1,0,17,233b01001500150000000003cb000000
9020,1107,256,1,0,17,233c0100150015000000000446000000
9021,1017,256,1,0,17,233d01001500150000000003ec000000
9022,1401,256,1,0,17,233e010077004100000000056c000000
9023,2325,256,1,0,17,233f01001f001f000000000908000000
9024,10888,257,1,0,17,23400101670051000000002a7b000000
9025,2227,256,1,0,17,234101004e004e0000000008a6000000
9026,1021,256,1,0,17,2342010071000b0000000003f0000000
9027,321,256,1,0,17,23430100200010000000000134000000
9028,538,256,1,0,17,2344010014001300000000020d000000
9029,454,256,1,0,17,234501001400130000000001b9000000
9030,338,256,1,0,17,23460100200010000000000145000000
9031,8733,256,1,0,17,234701003d003d000000002210000000
9032,8732,256,1,0,17,234801003c003d00000000220f000000
9033,3517,256,1,0,17,23490100220024000000000db0000000
9034,3443,256,1,0,17,234a0100220023000000000d66000000
9035,3470,256,1,0,17,234b0100230023000000000d81000000
9036,3443,256,1,0,17,234c0100220023000000000d66000000
9037,2454,256,1,0,17,234d010020001f000000000989000000
9038,422,256,1,0,17,234e01001b000c000000000199000000
9039,496,256,1,0,17,234f010019000f0000000001e3000000
9040,329,256,1,0,17,235001001f001000000000013c000000
9041,338,256,1,0,17,23510100200010000000000145000000
9042,319,256,1,0,17,235201001f0010000000000132000000
9043,549,256,1,0,17,2353010019000f000000000218000000
9044,625,256,1,0,17,235401001d000f000000000264000000
9045,622,256,1,0,17,235501001d000f000000000261000000
9046,672,256,1,0,17,235601001e000f000000000293000000
9047,553,256,1,0,17,235701001b000f00000000021c000000
9048,330,256,1,0,17,2358010020001000000000013d000000
9049,326,256,1,0,17,235901001f0010000000000139000000
9050,8436,256,1,0,17,235a010090004b0000000020e7000000
9051,14510,256,1,0,17,235b01004500450000000038a1000000
9052,10723,256,1,0,17,235c01004500450000000029d6000000
9053,10660,256,1,0,17,235d0100450045000000002997000000
9054,10602,256,1,0,17,235e010045004500000000295d000000
9055,11546,256,1,0,17,235f0100450045000000002d0d000000
9056,11304,256,1,0,17,23600100450045000000002c1b000000
9057,12784,256,1,0,17,236101004500450000000031e3000000
9058,11967,256,1,0,17,23620100450045000000002eb2000000
9059,228,256,1,0,17,236301001f000d0000000000d7000000
9060,236,256,1,0,17,236401001f000d0000000000df000000
9073,156820,257,1,0,97,23710101f400c80a0000000000640064
9092,830201,260,1,0,161,238401043802d0120000000000b400f0
9127,6,1571,0,0,-1,23a706237100
9128,6,1571,0,0,-1,23a806237101
9129,6,1571,0,0,-1,23a906237102
9130,6,1571,0,0,-1,23aa06237103
9131,6,1571,0,0,-1,23ab06237104
9132,6,1571,0,0,-1,23ac06237105
9133,6,1571,0,0,-1,23ad06237106
9134,6,1571,0,0,-1,23ae06237107
9135,6,1571,0,0,-1,23af06237108
9136,6,1571,0,0,-1,23b006237109
9137,6,1564,0,0,-1,23b1061c6108
9138,6,1564,0,0,-1,23b2061c6109
9139,6,1564,0,0,-1,23b3061c6000
9140,6,1564,0,0,-1,23b4061c6001
9141,6,1564,0,0,-1,23b5061c6002
9142,6,1564,0,0,-1,23b6061c6003
9143,6,1564,0,0,-1,23b7061c6004
9144,6,1564,0,0,-1,23b8061c6005
9145,6,1564,0,0,-1,23b9061c6006
9146,6,1564,0,0,-1,23ba061c6007
9147,6,1564,0,0,-1,23bb061c5f00
9148,6,1564,0,0,-1,23bc061c5f01
9149,6,1564,0,0,-1,23bd061c5f02
9150,6,1564,0,0,-1,23be061c5f03
9151,6,1564,0,0,-1,23bf061c5f04
9152,6,1564,0,0,-1,23c0061c5f05
9153,6,1564,0,0,-1,23c1061c5f06
9154,117516,259,1,0,81,23c201034000c80800000000006800c8
9155,6,1571,0,0,-1,23c30623c200
9156,6,1571,0,0,-1,23c40623c201
9157,6,1571,0,0,-1,23c50623c202
9158,6,1571,0,0,-1,23c60623c203
9159,6,1571,0,0,-1,23c70623c204
9160,6,1571,0,0,-1,23c80623c205
9161,6,1571,0,0,-1,23c90623c206
9162,6,1571,0,0,-1,23ca0623c207
9163,6,1568,0,0,-1,23cb0620ea00
9164,6,1568,0,0,-1,23cc0620ea01
9165,6,1568,0,0,-1,23cd0620ea02
9166,6,1568,0,0,-1,23ce0620ea03
9167,6,1568,0,0,-1,23cf0620ea04
9168,6,1568,0,0,-1,23d00620ea05
9169,6,1568,0,0,-1,23d10620ea06
9170,6,1568,0,0,-1,23d20620ea07
9171,6,1568,0,0,-1,23d30620ea08
9172,6,1568,0,0,-1,23d40620ea09
9173,6,1568,0,0,-1,23d50620ea0a
9174,6,1568,0,0,-1,23d60620ea0b
9175,6,1568,0,0,-1,23d70620ea0c
9176,6,1568,0,0,-1,23d80620ea0d
9177,6,1568,0,0,-1,23d90620ea0e
9178,6,1568,0,0,-1,23da0620ea0f
9179,6,1568,0,0,-1,23db0620ea10
9180,5580,256,1,0,17,23dc01003200360000000015bf000000
9181,5880,256,1,0,17,23dd01003200360000000016eb000000
9182,5877,256,1,0,17,23de01003200360000000016e8000000
9183,6648,256,1,0,17,23df01003200360000000019eb000000
9184,5838,256,1,0,17,23e001003200360000000016c1000000
9185,6719,256,1,0,17,23e10100320036000000001a32000000
9186,6429,256,1,0,17,23e20100320036000000001910000000
9187,5913,256,1,0,17,23e3010032003600000000170c000000
9188,5744,256,1,0,17,23e40100320036000000001663000000
9189,669,256,1,0,17,23e50100120012000000000290000000
9190,3395,256,1,0,17,23e601005b0020000000000d36000000
9191,3292,256,1,0,17,23e701005b0020000000000ccf000000
9192,257,256,1,0,17,23e8010033000f0000000000f4000000
9193,269,256,1,0,17,23e9010033000f000000000100000000
9194,184,256,1,0,17,23ea01000f000f0000000000ab000000
9195,245,256,1,0,17,23eb010033000f0000000000e8000000
9196,240,256,1,0,17,23ec010033000f0000000000e3000000
9197,246,256,1,0,17,23ed010031000f0000000000e9000000
9198,219,256,1,0,17,23ee01001b000f0000000000ce000000
9199,452,256,1,0,17,23ef010033000f0000000001b7000000
9200,529,256,1,0,17,23f0010037000f000000000204000000
9201,543,256,1,0,17,23f1010037000f000000000212000000
9202,224,256,1,0,17,23f201001b000f0000000000d3000000
9203,235,256,1,0,17,23f3010033000f0000000000de000000
9204,259,256,1,0,17,23f4010033000f0000000000f6000000
9205,411,256,1,0,17,23f5010033000f00000000018e000000
9206,218,256,1,0,17,23f601001b000f0000000000cd000000
9207,418,256,1,0,17,23f7010033000f000000000195000000
9208,233,256,1,0,17,23f801001b000f0000000000dc000000
9209,390,256,1,0,17,23f9010022000f000000000179000000
9210,411,256,1,0,17,23fa010022000f00000000018e000000
9211,341,256,1,0,17,23fb010022000f000000000148000000
9212,371,256,1,0,17,23fc010022000f000000000166000000
9213,300,256,1,0,17,23fd01004a000f00000000011f000000
9214,385,256,1,0,17,23fe010022000f000000000174000000
9215,408,256,1,0,17,23ff010022000f00000000018b000000
9216,406,256,1,0,17,2400010022000f000000000189000000
9217,249,256,1,0,17,2401010025000f0000000000ec000000
9218,6606,256,1,0,17,240201003c003c0000000019c1000000
9219,7129,256,1,0,17,240301003c003c000000001bcc000000
9220,6933,256,1,0,17,24040100380038000000001b08000000
9221,6920,256,1,0,17,240501003c003c000000001afb000000
9222,6,1568,0,0,-1,24060620ea11
9223,7209,256,1,0,17,240701003c003c000000001c1c000000
9224,6331,256,1,0,17,240801003c003c0000000018ae000000
9225,6,1571,0,0,-1,240906238400
9226,6,1571,0,0,-1,240a06238401
9227,957,256,1,0,17,240b01001300170000000003b0000000
9228,1904,256,1,0,17,240c01002c0017000000000763000000
9229,1788,256,1,0,17,240d01003300150000000006ef000000
9230,1606,256,1,0,17,240e01002e0015000000000639000000
9231,1730,256,1,0,17,240f01003400130000000006b5000000
9232,1687,256,1,0,17,241001002c001500000000068a000000
9233,1731,256,1,0,17,241101002a00150000000006b6000000
9234,2053,256,1,0,17,241201003c00150000000007f8000000
9235,1703,256,1,0,17,2413010030001300000000069a000000
9236,7,1303,0,0,-1,241405175d01ff
9237,7,1303,0,0,-1,241505175c01ff
9238,7,1303,0,0,-1,241605176001ff
9239,7,1303,0,0,-1,241705175f01ff
9240,1632,256,1,0,17,24180100620018000000000653000000
9241,6,1571,0,0,-1,241906238402
9242,6,1571,0,0,-1,241a06238403
9243,6,1571,0,0,-1,241b06238404
9244,6,1571,0,0,-1,241c06238405
9245,6,1571,0,0,-1,241d06238406
9246,6,1571,0,0,-1,241e06238407
9247,6,1571,0,0,-1,241f06238408
9248,6,1571,0,0,-1,242006238409
9249,6,1571,0,0,-1,24210623840a
9250,6,1571,0,0,-1,24220623840b
9251,6,1571,0,0,-1,24230623840c
9252,6,1571,0,0,-1,24240623840d
9253,6,1571,0,0,-1,24250623840e
9254,6,1571,0,0,-1,24260623840f
9255,6,1571,0,0,-1,242706238410
9256,6,1571,0,0,-1,242806238411
9257,122413,260,1,0,57,24290104c900f9050000000000f500f9
9258,275971,263,1,0,89,242a01070800ef090000000000c800ef
9259,257753,261,1,0,73,242b01058600c7070000000000ca00c7
9260,6,1572,0,0,-1,242c06242900
9261,6,1572,0,0,-1,242d06242901
9262,6,1572,0,0,-1,242e06242902
9263,6,1572,0,0,-1,242f06242903
9264,6,1572,0,0,-1,243006242904
9265,6,1572,0,0,-1,243106242a00
9266,6,1572,0,0,-1,243206242a01
9267,6,1572,0,0,-1,243306242a02
9268,6,1572,0,0,-1,243406242a03
9269,6,1572,0,0,-1,243506242a04
9270,6,1572,0,0,-1,243606242a05
9271,6,1572,0,0,-1,243706242a06
9272,6,1572,0,0,-1,243806242a07
9273,6,1572,0,0,-1,243906242a08
9274,6,1572,0,0,-1,243a06242b00
9275,6,1572,0,0,-1,243b06242b01
9276,6,1572,0,0,-1,243c06242b02
9277,6,1572,0,0,-1,243d06242b03
9278,6,1572,0,0,-1,243e06242b04
9279,6,1572,0,0,-1,243f06242b05
9280,6,1572,0,0,-1,244006242b06
9281,274962,259,1,0,65,24410103ba00ac0600000000009f00ac
9282,392155,261,1,0,89,24420105f100dc090000000000a900dc
9283,478217,262,1,0,81,244301066800b9080000000000cd00b9
9284,400982,259,1,0,65,24440103e400d6060000000000a600d6
9285,135361,260,1,0,73,2445010444006e0700000000009c006e
9286,140956,258,1,0,49,2446010268008c0400000000009a008c
9287,250132,262,1,0,89,244701069c009e090000000000bc009e
9288,210963,260,1,0,81,244801041000d00800000000008200d0
9289,297235,260,1,0,73,244901045900910700000000009f0091
9290,323630,261,1,0,57,244a01058c01770500000000011c0177
9291,233687,258,1,0,49,244b0102cc00b8040000000000b300b8
9292,364140,260,1,0,65,244c01048000a3060000000000c000a3
9293,138947,260,1,0,73,244d0104ec0081070000000000b40081
9294,338737,261,1,0,105,244e0105b700ba0b00000000008500ba
9295,355175,261,1,0,81,244f0105e80104080000000000bd0104
9296,233714,260,1,0,65,245001044a00a1060000000000b700a1
9297,557960,268,1,0,81,2451010cb00142080000000001960142
9298,140467,260,1,0,65,24520104fe00b2060000000000d500b2
9299,499401,261,1,0,97,24530105dc00c80a00000000009600c8
9300,233715,260,1,0,73,245401049f00e3070000000000a900e3
9301,284326,258,1,0,49,24550102a400c2040000000000a900c2
9302,6,1572,0,0,-1,245606244700
9303,6,1572,0,0,-1,245706244701
9304,6,1572,0,0,-1,245806244702
9305,6,1572,0,0,-1,245906244703
9306,6,1572,0,0,-1,245a06244704
9307,6,1572,0,0,-1,245b06244705
9308,6,1572,0,0,-1,245c06244706
9309,6,1572,0,0,-1,245d06244707
9310,6,1572,0,0,-1,245e06244708
9311,6,1572,0,0,-1,245f06244800
9312,6,1572,0,0,-1,246006244801
9313,6,1572,0,0,-1,246106244802
9314,6,1572,0,0,-1,246206244803
9315,6,1572,0,0,-1,246306244804
9316,6,1572,0,0,-1,246406244805
9317,6,1572,0,0,-1,246506244806
9318,6,1572,0,0,-1,246606244807
9319,6,1572,0,0,-1,246706244900
9320,6,1572,0,0,-1,246806244901
9321,6,1572,0,0,-1,246906244902
9322,6,1572,0,0,-1,246a06244903
9323,6,1572,0,0,-1,246b06244904
9324,6,1572,0,0,-1,246c06244905
9325,6,1572,0,0,-1,246d06244906
9326,6,1572,0,0,-1,246e06244a00
9327,6,1572,0,0,-1,246f06244a01
9328,6,1572,0,0,-1,247006244a02
9329,6,1572,0,0,-1,247106244a03
9330,6,1572,0,0,-1,247206244a04
9331,6,1572,0,0,-1,247306244b00
9332,6,1572,0,0,-1,247406244b01
9333,6,1572,0,0,-1,247506244b02
9334,6,1572,0,0,-1,247606244b03
9335,6,1572,0,0,-1,247706244c00
9336,6,1572,0,0,-1,247806244c01
9337,6,1572,0,0,-1,247906244c02
9338,6,1572,0,0,-1,247a06244c03
9339,6,1572,0,0,-1,247b06244c04
9340,6,1572,0,0,-1,247c06244c05
9341,6,1572,0,0,-1,247d06244d00
9342,6,1572,0,0,-1,247e06244d01
9343,6,1572,0,0,-1,247f06244d02
9344,6,1572,0,0,-1,248006244d03
9345,6,1572,0,0,-1,248106244d04
9346,6,1572,0,0,-1,248206244d05
9347,6,1572,0,0,-1,248306244d06
9348,6,1572,0,0,-1,248406244e00
9349,6,1572,0,0,-1,248506244e01
9350,6,1572,0,0,-1,248606244e02
9351,6,1572,0,0,-1,248706244e03
9352,6,1572,0,0,-1,248806244e04
9353,6,1572,0,0,-1,248906244e05
9354,6,1572,0,0,-1,248a06244e06
9355,6,1572,0,0,-1,248b06244e07
9356,6,1572,0,0,-1,248c06244e08
9357,6,1572,0,0,-1,248d06244e09
9358,6,1572,0,0,-1,248e06244e0a
9359,6,1572,0,0,-1,248f06244f00
9360,6,1572,0,0,-1,249006244f01
9361,6,1572,0,0,-1,249106244f02
9362,6,1572,0,0,-1,249206244f03
9363,6,1572,0,0,-1,249306244f04
9364,6,1572,0,0,-1,249406244f05
9365,6,1572,0,0,-1,249506244f06
9366,6,1572,0,0,-1,249606244f07
9367,6,1572,0,0,-1,249706245000
9368,6,1572,0,0,-1,249806245001
9369,6,1572,0,0,-1,249906245002
9370,6,1572,0,0,-1,249a06245003
9371,6,1572,0,0,-1,249b06245004
9372,6,1572,0,0,-1,249c06245005
9373,6,1572,0,0,-1,249d06245100
9374,6,1572,0,0,-1,249e06245101
9375,6,1572,0,0,-1,249f06245102
9376,6,1572,0,0,-1,24a006245103
9377,6,1572,0,0,-1,24a106245104
9378,6,1572,0,0,-1,24a206245105
9379,6,1572,0,0,-1,24a306245106
9380,6,1572,0,0,-1,24a406245107
9381,6,1572,0,0,-1,24a506245200
9382,6,1572,0,0,-1,24a606245201
9383,6,1572,0,0,-1,24a706245202
9384,6,1572,0,0,-1,24a806245203
9385,6,1572,0,0,-1,24a906245204
9386,6,1572,0,0,-1,24aa06245205
9387,6,1572,0,0,-1,24ab06245300
9388,6,1572,0,0,-1,24ac06245301
9389,6,1572,0,0,-1,24ad06245302
9390,6,1572,0,0,-1,24ae06245303
9391,6,1572,0,0,-1,24af06245304
9392,6,1572,0,0,-1,24b006245305
9393,6,1572,0,0,-1,24b106245306
9394,6,1572,0,0,-1,24b206245307
9395,6,1572,0,0,-1,24b306245308
9396,6,1572,0,0,-1,24b406245309
9397,6,1572,0,0,-1,24b506245400
9398,6,1572,0,0,-1,24b606245401
9399,6,1572,0,0,-1,24b706245402
9400,6,1572,0,0,-1,24b806245403
9401,6,1572,0,0,-1,24b906245404
9402,6,1572,0,0,-1,24ba06245405
9403,6,1572,0,0,-1,24bb06245406
9404,6,1572,0,0,-1,24bc06245500
9405,6,1572,0,0,-1,24bd06245501
9406,6,1572,0,0,-1,24be06245502
9407,6,1572,0,0,-1,24bf06245503
9408,6,1572,0,0,-1,24c006244100
9409,6,1572,0,0,-1,24c106244101
9410,6,1572,0,0,-1,24c206244102
9411,6,1572,0,0,-1,24c306244103
9412,6,1572,0,0,-1,24c406244104
9413,6,1572,0,0,-1,24c506244105
9414,6,1572,0,0,-1,24c606244200
9415,6,1572,0,0,-1,24c706244201
9416,6,1572,0,0,-1,24c806244202
9417,6,1572,0,0,-1,24c906244203
9418,6,1572,0,0,-1,24ca06244204
9419,6,1572,0,0,-1,24cb06244205
9420,6,1572,0,0,-1,24cc06244206
9421,6,1572,0,0,-1,24cd06244207
9422,6,1572,0,0,-1,24ce06244208
9423,6,1572,0,0,-1,24cf06244300
9424,6,1572,0,0,-1,24d006244301
9425,6,1572,0,0,-1,24d106244302
9426,6,1572,0,0,-1,24d206244303
9427,6,1572,0,0,-1,24d306244304
9428,6,1572,0,0,-1,24d406244305
9429,6,1572,0,0,-1,24d506244306
9430,6,1572,0,0,-1,24d606244307
9431,6,1572,0,0,-1,24d706244400
9432,6,1572,0,0,-1,24d806244401
9433,6,1572,0,0,-1,24d906244402
9434,6,1572,0,0,-1,24da06244403
9435,6,1572,0,0,-1,24db06244404
9436,6,1572,0,0,-1,24dc06244405
9437,6,1572,0,0,-1,24dd06244500
9438,6,1572,0,0,-1,24de06244501
9439,6,1572,0,0,-1,24df06244502
9440,6,1572,0,0,-1,24e006244503
9441,6,1572,0,0,-1,24e106244504
9442,6,1572,0,0,-1,24e206244505
9443,6,1572,0,0,-1,24e306244506
9444,6,1572,0,0,-1,24e406244600
9445,6,1572,0,0,-1,24e506244601
9446,6,1572,0,0,-1,24e606244602
9447,6,1572,0,0,-1,24e706244603
9450,141813,257,1,0,81,24ea01016400ac080000000000590056
9451,6,1572,0,0,-1,24eb0624ea00
9452,6,1572,0,0,-1,24ec0624ea01
9453,6,1586,0,0,-1,24ed06320e00
9454,6,1586,0,0,-1,24ee06320e01
9455,6,1586,0,0,-1,24ef06320e02
9456,6,1586,0,0,-1,24f006320e03
9457,6,1586,0,0,-1,24f106320e04
9458,6,1586,0,0,-1,24f206320e05
9459,6,1586,0,0,-1,24f306320e06
9461,6,1572,0,0,-1,24f50624ea02
9462,6,1572,0,0,-1,24f60624ea03
9463,6,1572,0,0,-1,24f70624ea04
9464,6,1572,0,0,-1,24f80624ea05
9465,6,1572,0,0,-1,24f90624ea06
9466,6,1572,0,0,-1,24fa0624ea07
9467,103747,260,1,0,81,24fb0104080100080000000000810100
9468,6,1572,0,0,-1,24fc0624fb00
9469,6,1572,0,0,-1,24fd0624fb01
9470,6,1572,0,0,-1,24fe0624fb02
9471,6,1572,0,0,-1,24ff0624fb03
9472,6,1572,0,0,-1,25000624fb04
9473,6,1572,0,0,-1,25010624fb05
9474,6,1572,0,0,-1,25020624fb06
9475,6,1572,0,0,-1,25030624fb07
9476,30775,257,1,0,25,2504010189004d01000000000189004d
9477,6,1573,0,0,-1,250506250400
9478,6,1572,0,0,-1,250606245300
9479,6,1572,0,0,-1,250706245301
9480,6,1572,0,0,-1,250806245302
9481,6,1572,0,0,-1,250906245303
9482,6,1572,0,0,-1,250a06245304
9483,6,1572,0,0,-1,250b06245305
9484,6,1572,0,0,-1,250c06245306
9485,6,1572,0,0,-1,250d06245307
9486,6,1572,0,0,-1,250e06245308
9487,6,1572,0,0,-1,250f06245309
9488,6,1572,0,0,-1,251006242a00
9489,6,1572,0,0,-1,251106242a01
9490,6,1572,0,0,-1,251206242a02
9491,6,1572,0,0,-1,251306242a03
9492,6,1572,0,0,-1,251406242a04
9493,6,1572,0,0,-1,251506242a05
9494,6,1572,0,0,-1,251606242a06
9495,6,1572,0,0,-1,251706242a07
9496,6,1572,0,0,-1,251806242a08
9497,213040,259,1,0,65,251901037e010a06000000000095010a
9498,129854,259,1,0,105,251a0103c601600b0000000000a100b0
9499,834347,262,1,0,97,251b0106b302700a0000000001570138
9500,285196,258,1,0,89,251c01024c026d090000000000c400cf
9501,6,1573,0,0,-1,251d06251e00
9502,916207,259,1,0,113,251e0103b103240c00000000013b00c9
9503,302236,259,1,0,81,251f0103100110080000000000c40088
9504,19733,257,1,0,49,252001018700c7040036000900350033
9505,27825,258,1,0,49,252101027400760400000000009d0076
9506,42967,257,1,0,33,2522010175012e020000000000b3012e
9507,43606,258,1,0,41,252301023500d9030005000300b000d1
9508,36065,256,1,0,25,25240100f4015b010000000000f4015b
9509,45393,257,1,0,25,252501015c01870100000000015c0187
9510,39074,257,1,0,25,25260101410155010000000001410155
9511,40348,257,1,0,25,2527010144016d01000000000144016d
9512,43989,257,1,0,25,252801014e01600100000000014e0160
9513,44439,257,1,0,25,252901014f01800100000000014f0180
9514,31871,257,1,0,25,252a01014e013b0100000000014e013b
9515,29269,257,1,0,33,252b01013f01480200000000013f00a4
9516,6,1573,0,0,-1,252c06251900
9517,6,1573,0,0,-1,252d06251901
9518,6,1573,0,0,-1,252e06251902
9519,6,1573,0,0,-1,252f06251903
9520,6,1573,0,0,-1,253006251904
9521,6,1573,0,0,-1,253106251905
9522,6,1573,0,0,-1,253206251a00
9523,6,1573,0,0,-1,253306251a01
9524,6,1573,0,0,-1,253406251a02
9525,6,1573,0,0,-1,253506251a03
9526,6,1573,0,0,-1,253606251a04
9527,6,1573,0,0,-1,253706251a05
9528,6,1573,0,0,-1,253806251a06
9529,6,1573,0,0,-1,253906251a07
9530,6,1573,0,0,-1,253a06251a08
9531,6,1573,0,0,-1,253b06251a09
9532,6,1573,0,0,-1,253c06251a0a
9534,6,1573,0,0,-1,253e06251b00
9535,6,1573,0,0,-1,253f06251b01
9536,6,1573,0,0,-1,254006251b02
9537,6,1573,0,0,-1,254106251b03
9538,6,1573,0,0,-1,254206251b04
9539,6,1573,0,0,-1,254306251b05
9540,6,1573,0,0,-1,254406251b06
9541,6,1573,0,0,-1,254506251b07
9542,6,1573,0,0,-1,254606251b08
9543,6,1573,0,0,-1,254706251b09
9544,6,1573,0,0,-1,254806251c00
9545,6,1573,0,0,-1,254906251c01
9546,6,1573,0,0,-1,254a06251c02
9547,6,1573,0,0,-1,254b06251c03
9548,6,1573,0,0,-1,254c06251c04
9549,6,1573,0,0,-1,254d06251c05
9550,6,1573,0,0,-1,254e06251c06
9551,6,1573,0,0,-1,254f06251c07
9552,6,1573,0,0,-1,255006251c08
9553,6,1573,0,0,-1,255106251e01
9554,6,1573,0,0,-1,255206251e02
9555,6,1573,0,0,-1,255306251e03
9556,6,1573,0,0,-1,255406251e04
9557,6,1573,0,0,-1,255506251e05
9558,6,1573,0,0,-1,255606251e06
9559,6,1573,0,0,-1,255706251e07
9560,6,1573,0,0,-1,255806251e08
9561,6,1573,0,0,-1,255906251e09
9562,6,1573,0,0,-1,255a06251e0a
9563,6,1573,0,0,-1,255b06251e0b
9564,6,1573,0,0,-1,255c06251f00
9565,6,1573,0,0,-1,255d06251f01
9566,6,1573,0,0,-1,255e06251f02
9567,6,1573,0,0,-1,255f06251f03
9568,6,1573,0,0,-1,256006251f04
9569,6,1573,0,0,-1,256106251f05
9570,6,1573,0,0,-1,256206251f06
9571,6,1573,0,0,-1,256306251f07
9572,6,1573,0,0,-1,256406252000
9573,6,1573,0,0,-1,256506252001
9574,6,1573,0,0,-1,256606252002
9575,6,1573,0,0,-1,256706252003
9576,6,1573,0,0,-1,256806252100
9577,6,1573,0,0,-1,256906252101
9578,6,1573,0,0,-1,256a06252102
9579,6,1573,0,0,-1,256b06252103
9580,6,1573,0,0,-1,256c06252300
9581,6,1573,0,0,-1,256d06252301
9582,6,1573,0,0,-1,256e06252302
9583,6,1573,0,0,-1,256f06252200
9584,6,1573,0,0,-1,257006252201
9585,6,1573,0,0,-1,257106252400
9586,6,1573,0,0,-1,257206252500
9587,6,1573,0,0,-1,257306252600
9588,6,1573,0,0,-1,257406252700
9589,6,1573,0,0,-1,257506252800
9590,6,1573,0,0,-1,257606252900
9591,6,1573,0,0,-1,257706252a00
9592,6,1573,0,0,-1,257806252b00
9593,6,1573,0,0,-1,257906252b01
9594,6,1573,0,0,-1,257a06251e00
9595,6,1573,0,0,-1,257b06251e01
9596,6,1573,0,0,-1,257c06251e02
9597,6,1573,0,0,-1,257d06251e03
9598,6,1573,0,0,-1,257e06251e04
9599,6,1573,0,0,-1,257f06251e05
9600,6,1573,0,0,-1,258006251e06
9601,6,1573,0,0,-1,258106251e07
9602,6,1573,0,0,-1,258206251e08
9603,6,1573,0,0,-1,258306251e09
9604,6,1573,0,0,-1,258406251e0a
9605,6,1573,0,0,-1,258506251e0b
9606,6,1573,0,0,-1,258606251f00
9607,6,1573,0,0,-1,258706251f01
9608,6,1573,0,0,-1,258806251f02
9609,6,1573,0,0,-1,258906251f03
9610,6,1573,0,0,-1,258a06251f04
9611,6,1573,0,0,-1,258b06251f05
9612,6,1573,0,0,-1,258c06251f06
9613,6,1573,0,0,-1,258d06251f07
9614,115887,258,1,0,73,258e0102f400930700000000006c0093
9615,6,1573,0,0,-1,258f06258e00
9616,6,1573,0,0,-1,259006258e01
9617,6,1573,0,0,-1,259106258e02
9618,6,1573,0,0,-1,259206258e03
9619,6,1573,0,0,-1,259306258e04
9620,6,1573,0,0,-1,259406258e05
9621,6,1573,0,0,-1,259506258e06
9622,46656,258,1,0,49,2596010218004f04000000000084004f
9623,6,1573,0,0,-1,259706259600
9624,6,1573,0,0,-1,259806259601
9625,6,1573,0,0,-1,259906259602
9626,6,1573,0,0,-1,259a06259603
9627,53352,258,1,0,57,259b01026200ad050000005400860059
9628,6,1573,0,0,-1,259c06259b00
9629,6,1573,0,0,-1,259d06259b01
9630,6,1573,0,0,-1,259e06259b02
9631,6,1573,0,0,-1,259f06259b03
9632,6,1573,0,0,-1,25a006259b04
9633,53747,259,1,0,57,25a10103910054050000000000940054
9634,6,1573,0,0,-1,25a20625a100
9635,6,1573,0,0,-1,25a30625a101
9636,6,1573,0,0,-1,25a40625a102
9637,6,1573,0,0,-1,25a50625a103
9638,6,1573,0,0,-1,25a60625a104
9639,28550,258,1,0,65,25a70102c30049060000000000750049
9640,6,1573,0,0,-1,25a80625a700
9641,6,1573,0,0,-1,25a90625a701
9642,6,1573,0,0,-1,25aa0625a702
9643,6,1573,0,0,-1,25ab0625a703
9644,6,1573,0,0,-1,25ac0625a704
9645,6,1573,0,0,-1,25ad0625a705
9646,55523,257,1,0,49,25ae01016e005f0400000000005a005f
9647,6,1573,0,0,-1,25af0625ae00
9648,6,1573,0,0,-1,25b00625ae01
9649,6,1573,0,0,-1,25b10625ae02
9650,6,1573,0,0,-1,25b20625ae03
9651,79623,258,1,0,57,25b30102220071050000000000580067
9652,6,1573,0,0,-1,25b40625b300
9653,6,1573,0,0,-1,25b50625b301
9654,6,1573,0,0,-1,25b60625b302
9655,6,1573,0,0,-1,25b70625b303
9656,6,1573,0,0,-1,25b80625b304
9657,93371,258,1,0,65,25b901028e0062060001000000690062
9658,6,1573,0,0,-1,25ba0625b900
9659,6,1573,0,0,-1,25bb0625b901
9660,6,1573,0,0,-1,25bc0625b902
9661,6,1573,0,0,-1,25bd0625b903
9662,6,1573,0,0,-1,25be0625b904
9663,6,1573,0,0,-1,25bf0625b905
9664,56227,257,1,0,49,25c001018c00570400000000005e0057
9665,6,1573,0,0,-1,25c10625c000
9666,6,1573,0,0,-1,25c20625c001
9667,6,1573,0,0,-1,25c30625c002
9668,6,1573,0,0,-1,25c40625c003
9669,125050,259,1,0,81,25c501032300630800000000005e0063
9670,6,1573,0,0,-1,25c60625c500
9671,6,1573,0,0,-1,25c70625c501
9672,6,1573,0,0,-1,25c80625c502
9673,6,1573,0,0,-1,25c90625c503
9674,6,1573,0,0,-1,25ca0625c504
9675,6,1573,0,0,-1,25cb0625c505
9676,6,1573,0,0,-1,25cc0625c506
9677,6,1573,0,0,-1,25cd0625c507
9678,91208,258,1,0,57,25ce01028c00b4050000004a0082006a
9679,6,1573,0,0,-1,25cf0625ce00
9680,6,1573,0,0,-1,25d00625ce01
9681,6,1573,0,0,-1,25d10625ce02
9682,6,1573,0,0,-1,25d20625ce03
9683,6,1573,0,0,-1,25d30625ce04
9684,136737,259,1,0,81,25d40103bc0077080000000000770077
9685,6,1573,0,0,-1,25d50625d400
9686,6,1573,0,0,-1,25d60625d401
9687,6,1573,0,0,-1,25d70625d402
9688,6,1573,0,0,-1,25d80625d403
9689,6,1573,0,0,-1,25d90625d404
9690,6,1573,0,0,-1,25da0625d405
9691,6,1573,0,0,-1,25db0625d406
9692,6,1573,0,0,-1,25dc0625d407
9693,67022,258,1,0,49,25dd010211006a04000000000083006a
9694,6,1573,0,0,-1,25de0625dd00
9695,6,1573,0,0,-1,25df0625dd01
9696,6,1573,0,0,-1,25e00625dd02
9697,6,1573,0,0,-1,25e10625dd03
9698,102718,258,1,0,65,25e20102ab0081060000000000760081
9699,6,1573,0,0,-1,25e30625e200
9700,6,1573,0,0,-1,25e40625e201
9701,6,1573,0,0,-1,25e50625e202
9702,6,1573,0,0,-1,25e60625e203
9703,6,1573,0,0,-1,25e70625e204
9704,6,1573,0,0,-1,25e80625e205
9705,60735,257,1,0,49,25e90101d70083040000000000660083
9706,6,1573,0,0,-1,25ea0625e900
9707,6,1573,0,0,-1,25eb0625e901
9708,6,1573,0,0,-1,25ec0625e902
9709,6,1573,0,0,-1,25ed0625e903
9710,24885,256,1,0,49,25ee0100c0006c0400000000002f006c
9711,6,1573,0,0,-1,25ef0625ee00
9712,6,1573,0,0,-1,25f00625ee01
9713,6,1573,0,0,-1,25f10625ee02
9714,6,1573,0,0,-1,25f20625ee03
9715,28530,257,1,0,49,25f301015f0068040000000000300068
9716,6,1573,0,0,-1,25f40625f300
9717,6,1573,0,0,-1,25f50625f301
9718,6,1573,0,0,-1,25f60625f302
9719,6,1573,0,0,-1,25f70625f303
9720,30024,257,1,0,57,25f801010a005b05000000000030005b
9721,6,1573,0,0,-1,25f90625f800
9722,6,1573,0,0,-1,25fa0625f801
9723,6,1573,0,0,-1,25fb0625f802
9724,6,1573,0,0,-1,25fc0625f803
9725,6,1573,0,0,-1,25fd0625f804
9726,36508,257,1,0,65,25fe0101e1004e0600000000005a004e
9727,6,1573,0,0,-1,25ff0625fe00
9728,6,1573,0,0,-1,26000625fe01
9729,6,1573,0,0,-1,26010625fe02
9730,6,1573,0,0,-1,26020625fe03
9731,6,1573,0,0,-1,26030625fe04
9732,6,1573,0,0,-1,26040625fe05
9733,46435,257,1,0,57,26050101ad006305000000000055005a
9734,6,1574,0,0,-1,260606260500
9735,6,1574,0,0,-1,260706260501
9736,6,1574,0,0,-1,260806260502
9737,6,1574,0,0,-1,260906260503
9738,6,1574,0,0,-1,260a06260504
9745,6,1587,0,0,-1,261106332400
9746,6,1587,0,0,-1,261206332401
9747,6,1587,0,0,-1,261306332402
9748,6,1587,0,0,-1,261406332403
9749,6,1587,0,0,-1,261506332404
9750,6,1587,0,0,-1,261606332405
9751,6,1587,0,0,-1,261706332500
9752,6,1587,0,0,-1,261806332501
9753,6,1587,0,0,-1,261906332502
9754,6,1587,0,0,-1,261a06332503
9755,6,1587,0,0,-1,261b06332504
9756,6,1587,0,0,-1,261c06332505
9757,6,1587,0,0,-1,261d06332300
9758,6,1587,0,0,-1,261e06332301
9759,6,1587,0,0,-1,261f06332302
9760,6,1587,0,0,-1,262006332303
9761,6,1587,0,0,-1,262106332304
9762,6,1587,0,0,-1,262206332200
9763,6,1587,0,0,-1,262306332201
9764,6,1587,0,0,-1,262406332202
9765,6,1587,0,0,-1,262506332203
9766,6,1587,0,0,-1,262606332204
10001,2095,256,1,0,17,27110100300030000000000822000000
10002,1990,256,1,0,17,271201003000300000000007b9000000
10003,1985,256,1,0,17,271301003000300000000007b4000000
10004,2024,256,1,0,17,271401003000300000000007db000000
10005,1963,256,1,0,17,2715010030003000000000079e000000
10006,2156,256,1,0,17,2716010030003000000000085f000000
10007,1968,256,1,0,17,271701003000300000000007a3000000
10008,1948,256,1,0,17,2718010030003000000000078f000000
10009,1907,256,1,0,17,27190100300030000000000766000000
10010,2014,256,1,0,17,271a01003000300000000007d1000000
10011,1773,256,1,0,17,271b01003000300000000006e0000000
10012,2035,256,1,0,17,271c01003000300000000007e6000000
10013,2058,256,1,0,17,271d01003000300000000007fd000000
10014,2093,256,1,0,17,271e0100300030000000000820000000
10015,2115,256,1,0,17,271f0100300030000000000836000000
10016,2123,256,1,0,17,2720010030003000000000083e000000
10017,2151,256,1,0,17,2721010030003000000000085a000000
10018,2160,256,1,0,17,27220100300030000000000863000000
10019,2136,256,1,0,17,2723010030003000000000084b000000
10020,2140,256,1,0,17,2724010030003000000000084f000000
10021,2195,256,1,0,17,27250100300030000000000886000000
10022,2070,256,1,0,17,27260100300030000000000809000000
10023,2117,256,1,0,17,27270100300030000000000838000000
10024,2022,256,1,0,17,272801003000300000000007d9000000
10025,2148,256,1,0,17,27290100300030000000000857000000
10099,4853,256,1,0,17,277301003000300000000012e8000000
10100,231,256,1,0,17,2774010030000d0000000000da000000
10101,261,256,1,0,17,2775010030000d0000000000f8000000
10102,652,256,1,0,17,277601003c000f00000000027f000000
10103,764,256,1,0,17,277701003c000f0000000002ef000000
10104,1548,256,1,0,17,27780100d400110000000005ff000000
10105,2134,257,1,0,17,27790101620011000000000849000000
10106,906,256,1,0,17,277a010046001200000000037d000000
10107,835,256,1,0,17,277b0100460012000000000336000000
10108,770,256,1,0,17,277c01004600120000000002f5000000
10109,871,256,1,0,17,277d010046001200000000035a000000
10110,829,256,1,0,17,277e0100460012000000000330000000
10111,135,256,1,0,17,277f010013001300000000007a000000
10112,124,256,1,0,17,2780010013001300000000006f000000
10113,120,256,1,0,17,2781010013001300000000006b000000
10114,112,256,1,0,17,27820100130013000000000063000000
10115,135,256,1,0,17,2783010013001300000000007a000000
10116,124,256,1,0,17,2784010013001300000000006f000000
10117,120,256,1,0,17,2785010013001300000000006b000000
10118,112,256,1,0,17,27860100130013000000000063000000
10119,521,256,1,0,17,278701003500120000000001fc000000
10120,775,256,1,0,17,278801004a00120000000002fa000000
10121,464,256,1,0,17,278901002d00120000000001c3000000
10122,4150,256,1,0,17,278a0100b70016000000001029000000
10123,1304,256,1,0,17,278b010082002000000000050b000000
10124,678,256,1,0,17,278c0100430012000000000299000000
10125,1306,256,1,0,17,278d010082002000000000050d000000
10126,1909,257,1,0,17,278e0101280011000000000768000000
10127,2418,257,1,0,17,278f0101900011000000000965000000
10128,459,256,1,0,17,279001003700120000000001be000000
10129,459,256,1,0,17,279101003700120000000001be000000
10130,412,256,1,0,17,2792010037001200000000018f000000
10131,451,256,1,0,17,279301003700120000000001b6000000
10132,5422,256,1,0,17,279401002e0031000000001521000000
10133,6247,256,1,0,17,2795010032003600000000185a000000
10134,6481,256,1,0,17,279601002f0034000000001944000000
10135,5979,256,1,0,17,279701002e003400000000174e000000
10136,5195,256,1,0,17,279801002e003300000000143e000000
10137,5950,256,1,0,17,27990100330032000000001731000000
10138,5540,256,1,0,17,279a01002e0030000000001597000000
10139,7049,256,1,0,17,279b0100390033000000001b7c000000
10140,6779,256,1,0,17,279c0100310045000000001a6e000000
10141,5510,256,1,0,17,279d0100320045000000001579000000
10142,5685,256,1,0,17,279e0100320045000000001628000000
10143,6220,256,1,0,17,279f010032004500000000183f000000
10144,6771,256,1,0,17,27a00100320045000000001a66000000
10145,6992,256,1,0,17,27a10100320045000000001b43000000
10146,7275,256,1,0,17,27a20100320045000000001c5e000000
10147,7366,256,1,0,17,27a30100320044000000001cb9000000
10148,6555,256,1,0,17,27a4010034004500000000198e000000
10149,6762,256,1,0,17,27a50100320044000000001a5d000000
10150,7560,256,1,0,17,27a60100320043000000001d7b000000
10151,5676,256,1,0,17,27a701002e003400000000161f000000
10152,3574,256,1,0,17,27a801002f0034000000000de9000000
10153,5166,256,1,0,17,27a901002e0034000000001421000000
10154,4395,256,1,0,17,27aa01002a003200000000111e000000
10155,5099,256,1,0,17,27ab01006c004b0000000013de000000
10156,2630,256,1,0,17,27ac0100320027000000000a39000000
10157,3288,256,1,0,17,27ad0100490027000000000ccb000000
10158,3424,256,1,0,17,27ae0100610027000000000d53000000
10159,2004,256,1,0,17,27af01001e001d0000000007c7000000
10160,274,256,1,0,17,27b001000a000a000000000105000000
10161,2812,256,1,0,17,27b101004b0020000000000aef000000
10162,1539,256,1,0,17,27b201002900160000000005f6000000
10163,1551,256,1,0,17,27b301002a0016000000000602000000
10164,1526,256,1,0,17,27b401002500160000000005e9000000
10165,1549,256,1,0,17,27b50100250016000000000600000000
10166,1329,256,1,0,17,27b60100280016000000000524000000
10167,1539,256,1,0,17,27b701002800160000000005f6000000
10168,1642,256,1,0,17,27b8010027001600000000065d000000
10169,1404,256,1,0,17,27b9010029001600000000056f000000
10170,1496,256,1,0,17,27ba01002600160000000005cb000000
10171,2398,256,1,0,17,27bb01005f0025000000000951000000
10172,4892,256,1,0,17,27bc010057002500000000130f000000
10173,12296,256,1,0,17,27bd0100400040000000002ffb000000
10174,9254,256,1,0,17,27be0100580081000000002419000000
10175,9073,256,1,0,17,27bf0100580081000000002364000000
10176,1919,256,1,0,17,27c001002a0016000000000772000000
10177,1743,256,1,0,17,27c101002a00160000000006c2000000
10178,1513,256,1,0,17,27c201002700140000000005dc000000
10179,1717,256,1,0,17,27c301002700170000000006a8000000
10180,1468,256,1,0,17,27c401002a00140000000005af000000
10181,1641,256,1,0,17,27c501002a001700000000065c000000
10182,1518,256,1,0,17,27c601002a00150000000005e1000000
10183,1716,256,1,0,17,27c701002600140000000006a7000000
10184,1433,256,1,0,17,27c8010028001400000000058c000000
10185,1653,256,1,0,17,27c901002a0014000000000668000000
10186,1631,256,1,0,17,27ca0100270015000000000652000000
10187,1595,256,1,0,17,27cb01002a001400000000062e000000
10188,2044,256,1,0,17,27cc01003100140000000007ef000000
10189,1677,256,1,0,17,27cd0100310014000000000680000000
10190,208,256,1,0,17,27ce01001000110000000000c3000000
10191,137,256,1,0,17,27cf010010001100000000007c000000
10192,157,256,1,0,17,27d00100100011000000000090000000
10193,4518,256,1,0,17,27d10100240031000000001199000000
10194,4547,256,1,0,17,27d201002400310000000011b6000000
10195,449,256,1,0,17,27d301002c001b0000000001b4000000
10196,560,256,1,0,17,27d401002d001b000000000223000000
10197,455,256,1,0,17,27d501003b00200000000001ba000000
10198,566,256,1,0,17,27d601003b0020000000000229000000
10199,310,256,1,0,17,27d70100110011000000000129000000
10200,487,256,1,0,17,27d801001000100000000001da000000
10201,405,256,1,0,17,27d901000c0011000000000188000000
10202,3421,256,1,0,17,27da0100620026000000000d50000000
10203,2795,256,1,0,17,27db0100490026000000000ade000000
10204,2502,256,1,0,17,27dc01003200260000000009b9000000
10205,452,256,1,0,17,27dd01001e000f0000000001b7000000
10206,479,256,1,0,17,27de01001e000f0000000001d2000000
10207,479,256,1,0,17,27df01001e000f0000000001d2000000
10208,472,256,1,0,17,27e001001e000f0000000001cb000000
10209,564,256,1,0,17,27e101002d000f000000000227000000
10210,561,256,1,0,17,27e201002d000f000000000224000000
10211,619,256,1,0,17,27e301002e000f00000000025e000000
10212,499,256,1,0,17,27e401001e000f0000000001e6000000
10213,444,256,1,0,17,27e501001e000f0000000001af000000
10214,485,256,1,0,17,27e601001d000f0000000001d8000000
10215,455,256,1,0,17,27e701001d000f0000000001ba000000
10216,462,256,1,0,17,27e801001e000f0000000001c1000000
10217,453,256,1,0,17,27e901001e000f0000000001b8000000
10218,41128,257,1,0,65,27ea010172005e06000000000030005e
10219,507,256,1,0,17,27eb01001e000f0000000001ee000000
10220,501,256,1,0,17,27ec01001e000f0000000001e8000000
10221,482,256,1,0,17,27ed01001e000f0000000001d5000000
10222,457,256,1,0,17,27ee01001e000f0000000001bc000000
10223,485,256,1,0,17,27ef01001d000f0000000001d8000000
10224,454,256,1,0,17,27f001001e000f0000000001b9000000
10225,489,256,1,0,17,27f101001e000f0000000001dc000000
10226,453,256,1,0,17,27f201001d000f0000000001b8000000
10227,487,256,1,0,17,27f301001e000f0000000001da000000
10228,435,256,1,0,17,27f401001e000f0000000001a6000000
10229,454,256,1,0,17,27f501001e000f0000000001b9000000
10230,460,256,1,0,17,27f601001e000f0000000001bf000000
10231,452,256,1,0,17,27f701001e000f0000000001b7000000
10232,431,256,1,0,17,27f801001e000f0000000001a2000000
10233,458,256,1,0,17,27f901001e000f0000000001bd000000
10234,478,256,1,0,17,27fa01001d000f0000000001d1000000
10235,510,256,1,0,17,27fb01001e000f0000000001f1000000
10236,680,256,1,0,17,27fc01003b000f00000000029b000000
10237,767,256,1,0,17,27fd01003d000f0000000002f2000000
10238,736,256,1,0,17,27fe01003b000f0000000002d3000000
10239,747,256,1,0,17,27ff01003b000f0000000002de000000
10240,659,256,1,0,17,280001003c000f000000000286000000
10241,639,256,1,0,17,280101003d000f000000000272000000
10242,473,256,1,0,17,280201001e000f0000000001cc000000
10243,440,256,1,0,17,280301001e000f0000000001ab000000
10244,489,256,1,0,17,280401001e000f0000000001dc000000
10245,567,256,1,0,17,280501002d000f00000000022a000000
10246,669,256,1,0,17,280601002c001b000000000290000000
10247,758,256,1,0,17,280701002d001b0000000002e9000000
10248,962,256,1,0,17,280801002c001b0000000003b5000000
10249,1011,256,1,0,17,280901002d001b0000000003e6000000
10250,746,256,1,0,17,280a01002c001b0000000002dd000000
10251,845,256,1,0,17,280b01002d001b000000000340000000
10252,1685,256,1,0,17,280c01001e001d000000000688000000
10253,46423,257,1,0,17,280d0101a5005e00000000b54a000000
10254,4338,256,1,0,17,280e01004a00240000000010e5000000
10255,1599,256,1,0,17,280f01004a002a000000000632000000
10256,4471,256,1,0,17,281001005c002400000000116a000000
10257,1708,256,1,0,17,281101005c002a00000000069f000000
10258,3433,256,1,0,17,28120100490024000000000d5c000000
10259,3197,256,1,0,17,28130100490024000000000c70000000
10260,9841,256,1,0,17,281401003d0044000000002664000000
10261,9173,256,1,0,17,281501003500440000000023c8000000
10262,9038,256,1,0,17,28160100350043000000002341000000
10263,9407,256,1,0,17,281701003500460000000024b2000000
10264,8380,256,1,0,17,281801003d003c0000000020af000000
10265,710,256,1,0,17,281901001500100000000002b9000000
10266,1664,256,1,0,17,281a0100250025000000000673000000
10267,826,256,1,0,17,281b010027004400000000032d000000
10268,2909,256,1,0,17,281c0100260044000000000b50000000
10269,795,256,1,0,17,281d010055002400000000030e000000
10270,558,256,1,0,17,281e0100550024000000000221000000
10271,891,256,1,0,17,281f010027008a00000000036e000000
10272,4954,256,1,0,17,2820010026008b00000000134d000000
10273,1392,256,1,0,17,28210100110027000000000563000000
10274,1414,256,1,0,17,28220100130025000000000579000000
10275,1252,256,1,0,17,282301000f00260000000004d7000000
10276,1321,256,1,0,17,2824010013002400000000051c000000
10277,2406,256,1,0,17,2825010013004b000000000959000000
10278,2501,256,1,0,17,2826010012004b0000000009b8000000
10279,1254,256,1,0,17,282701002400130000000004d9000000
10280,1226,256,1,0,17,282801002400130000000004bd000000
10281,1279,256,1,0,17,282901002100130000000004f2000000
10282,1422,256,1,0,17,282a0100210013000000000581000000
10283,1121,256,1,0,17,282b0100230012000000000454000000
10284,1264,256,1,0,17,282c01002300110000000004e3000000
10285,1364,256,1,0,17,282d0100220013000000000547000000
10286,1230,256,1,0,17,282e01002400120000000004c1000000
10287,1332,256,1,0,17,282f0100210013000000000527000000
10288,316,256,1,0,17,2830010013001b00000000012f000000
10289,148,256,1,0,17,2831010013001b000000000087000000
10290,869,256,1,0,17,283201002d0012000000000358000000
10291,855,256,1,0,17,283301002d001200000000034a000000
10292,768,256,1,0,17,283401002d00120000000002f3000000
10293,861,256,1,0,17,283501002d0012000000000350000000
10294,857,256,1,0,17,283601002d001200000000034c000000
10295,690,256,1,0,17,283701002d00120000000002a5000000
10296,651,256,1,0,17,283801002d001200000000027e000000
10297,794,256,1,0,17,283901002d001200000000030d000000
10298,751,256,1,0,17,283a01002d00120000000002e2000000
10299,771,256,1,0,17,283b01002d00120000000002f6000000
10300,728,256,1,0,17,283c01002d00120000000002cb000000
10301,911,256,1,0,17,283d01002d0012000000000382000000
10302,869,256,1,0,17,283e01002d0012000000000358000000
10303,780,256,1,0,17,283f01002d00120000000002ff000000
10304,847,256,1,0,17,284001002c0012000000000342000000
10305,697,256,1,0,17,284101002d00120000000002ac000000
10306,721,256,1,0,17,284201002d00120000000002c4000000
10307,767,256,1,0,17,284301002d00120000000002f2000000
10308,804,256,1,0,17,284401002c0012000000000317000000
10309,964,256,1,0,17,284501003700120000000003b7000000
10310,1175,256,1,0,17,284601004b001200000000048a000000
10311,1094,256,1,0,17,284701004b0012000000000439000000
10312,1203,256,1,0,17,284801004b00120000000004a6000000
10313,1162,256,1,0,17,284901004b001200000000047d000000
10314,1120,256,1,0,17,284a01004b0012000000000453000000
10315,681,256,1,0,17,284b01002b001200000000029c000000
10316,726,256,1,0,17,284c01002d00120000000002c9000000
10317,648,256,1,0,17,284d01002c001200000000027b000000
10318,857,256,1,0,17,284e01002d001200000000034c000000
10319,747,256,1,0,17,284f01002d00120000000002de000000
10320,741,256,1,0,17,285001002d00120000000002d8000000
10321,658,256,1,0,17,285101002d0012000000000285000000
10322,767,256,1,0,17,285201002d00120000000002f2000000
10323,620,256,1,0,17,285301002d001200000000025f000000
10324,668,256,1,0,17,285401002d001200000000028f000000
10325,748,256,1,0,17,285501002d00120000000002df000000
10326,822,256,1,0,17,285601002d0012000000000329000000
10327,856,256,1,0,17,285701002d001200000000034b000000
10328,913,256,1,0,17,285801002d0012000000000384000000
10329,698,256,1,0,17,285901002d00120000000002ad000000
10330,880,256,1,0,17,285a01002d0012000000000363000000
10331,872,256,1,0,17,285b01002d001200000000035b000000
10332,819,256,1,0,17,285c01002d0012000000000326000000
10333,783,256,1,0,17,285d01002b0012000000000302000000
10334,701,256,1,0,17,285e01002d00120000000002b0000000
10335,749,256,1,0,17,285f01002d00120000000002e0000000
10336,780,256,1,0,17,286001002d00120000000002ff000000
10337,714,256,1,0,17,286101002d00120000000002bd000000
10338,765,256,1,0,17,286201002c00120000000002f0000000
10339,768,256,1,0,17,286301002d00120000000002f3000000
10340,1161,256,1,0,17,286401004b001200000000047c000000
10341,1098,256,1,0,17,286501004b001200000000043d000000
10342,1151,256,1,0,17,28660100480012000000000472000000
10343,915,256,1,0,17,286701004b0012000000000386000000
10344,905,256,1,0,17,286801004b001200000000037c000000
10345,734,256,1,0,17,286901002d00120000000002d1000000
10346,340,256,1,0,17,286a01002a0023000000000147000000
10347,216,256,1,0,17,286b01002a00230000000000cb000000
10348,360,256,1,0,17,286c01002a002300000000015b000000
10349,3200,256,1,0,17,286d01005e0023000000000c73000000
10350,2835,256,1,0,17,286e01005e0023000000000b06000000
10351,1682,256,1,0,17,286f0100290018000000000685000000
10352,1604,256,1,0,17,28700100250025000000000637000000
10353,3818,256,1,0,17,28710100540025000000000edd000000
10354,3519,256,1,0,17,28720100540025000000000db2000000
10355,308,256,1,0,17,28730100120013000000000127000000
10356,504,256,1,0,17,287401002d00120000000001eb000000
10357,569,256,1,0,17,2875010037001200000000022c000000
10358,727,256,1,0,17,287601004b00120000000002ca000000
10359,691,256,1,0,17,287701004b00120000000002a6000000
10360,543,256,1,0,17,28780100380012000000000212000000
10361,392,256,1,0,17,2879010057001e00000000017b000000
10362,874,256,1,0,17,287a010010001500000000035d000000
10363,982,256,1,0,17,287b01001200160000000003c9000000
10364,964,256,1,0,17,287c01001500140000000003b7000000
10365,859,256,1,0,17,287d010012001600000000034e000000
10366,852,256,1,0,17,287e0100120012000000000347000000
10367,2658,256,1,0,17,287f01006e000f000000000a55000000
10368,4366,256,1,0,17,28800100960013000000001101000000
10369,1131,256,1,0,17,28810100a2001200000000045e000000
10370,10300,256,1,0,17,28820100c9003e00000000282f000000
10371,569,256,1,0,17,2883010019001900000000022c000000
10372,1366,256,1,0,17,288401003c004e000000000549000000
10373,1079,256,1,0,17,2885010020001300000000042a000000
10374,1394,256,1,0,17,28860100200013000000000565000000
10375,287,256,1,0,17,28870100400040000000000112000000
10376,202,256,1,0,17,288801004000400000000000bd000000
10377,197,256,1,0,17,288901004000400000000000b8000000
10378,174,256,1,0,17,288a01004000400000000000a1000000
10379,445,256,1,0,17,288b01004000400000000001b0000000
10380,776,256,1,0,17,288c01004c000f0000000002fb000000
10381,913,256,1,0,17,288d01004c000f000000000384000000
10382,701,256,1,0,17,288e01001700170000000002b0000000
10383,779,256,1,0,17,288f01001700170000000002fe000000
10384,454,256,1,0,17,289001002400120000000001b9000000
10385,279,256,1,0,17,2891010012001200000000010a000000
10386,287,256,1,0,17,28920100120012000000000112000000
10387,276,256,1,0,17,28930100120012000000000107000000
10388,283,256,1,0,17,2894010012001200000000010e000000
10389,286,256,1,0,17,28950100120012000000000111000000
10390,1899,256,1,0,17,289601003e001400000000075e000000
10391,2573,256,1,0,17,289701006b0011000000000a00000000
10392,450,256,1,0,17,289801002d00120000000001b5000000
10393,653,256,1,0,17,28990100480012000000000280000000
10394,446,256,1,0,17,289a01002d00120000000001b1000000
10395,2612,256,1,0,17,289b0100650013000000000a27000000
10396,4295,256,1,0,17,289c01007b00140000000010ba000000
10397,2600,256,1,0,17,289d0100640014000000000a1b000000
10398,2766,256,1,0,17,289e0100630014000000000ac1000000
10399,2254,256,1,0,17,289f01003e00150000000008c1000000
10400,2138,256,1,0,17,28a001003d001400000000084d000000
10401,779,256,1,0,17,28a101001700170000000002fe000000
10402,785,256,1,0,17,28a20100170017000000000304000000
10403,780,256,1,0,17,28a301001700170000000002ff000000
10404,2256,256,1,0,17,28a401002f001f0000000008c3000000
10405,2112,256,1,0,17,28a501002f001f000000000833000000
10406,84672,257,1,0,17,28a60101ec0175000000014ab3000000
10407,182633,257,1,0,17,28a70101d9010b00000002c95c000000
10408,647,256,1,0,17,28a8010049001200000000027a000000
10409,393,256,1,0,17,28a9010024001200000000017c000000
10410,603,256,1,0,17,28aa010047001200000000024e000000
10411,599,256,1,0,17,28ab010048001200000000024a000000
10412,610,256,1,0,17,28ac0100490012000000000255000000
10413,586,256,1,0,17,28ad010049001200000000023d000000
10414,1117,256,1,0,17,28ae0100910012000000000450000000
10415,593,256,1,0,17,28af01004b0012000000000244000000
10416,404,256,1,0,17,28b00100250012000000000187000000
10417,709,256,1,0,17,28b101004b00120000000002b8000000
10418,615,256,1,0,17,28b201004a001200000000025a000000
10419,753,256,1,0,17,28b301007100120000000002e4000000
10420,910,256,1,0,17,28b40100710012000000000381000000
10421,312,256,1,0,17,28b501001b000f00000000012b000000
10422,312,256,1,0,17,28b601001e000f00000000012b000000
10423,348,256,1,0,17,28b701001e000f00000000014f000000
10424,230,256,1,0,17,28b801000f000f0000000000d9000000
10425,200,256,1,0,17,28b901000d000f0000000000bb000000
10426,262,256,1,0,17,28ba01000f000f0000000000f9000000
10427,214,256,1,0,17,28bb01000f000f0000000000c9000000
10428,202,256,1,0,17,28bc01000f000f0000000000bd000000
10429,249,256,1,0,17,28bd01000f000f0000000000ec000000
10430,200,256,1,0,17,28be01000d000f0000000000bb000000
10431,251,256,1,0,17,28bf01000f000f0000000000ee000000
10432,469,256,1,0,17,28c001002d000f0000000001c8000000
10433,461,256,1,0,17,28c101002d000f0000000001c0000000
10434,416,256,1,0,17,28c201002c000f000000000193000000
10435,376,256,1,0,17,28c301002c000f00000000016b000000
10436,475,256,1,0,17,28c401002c000f0000000001ce000000
10437,360,256,1,0,17,28c501001e000f00000000015b000000
10438,355,256,1,0,17,28c601001e000f000000000156000000
10439,348,256,1,0,17,28c701001d000f00000000014f000000
10440,352,256,1,0,17,28c801001d000f000000000153000000
10441,393,256,1,0,17,28c901001e000f00000000017c000000
10442,422,256,1,0,17,28ca01002c000f000000000199000000
10443,4041,256,1,0,17,28cb010061001a000000000fbc000000
10444,330,256,1,0,17,28cc010039001d00000000013d000000
10445,394,256,1,0,17,28cd01002c001200000000017d000000
10446,688,256,1,0,17,28ce01004800120000000002a3000000
10447,2895,256,1,0,17,28cf01006a0013000000000b42000000
10448,2366,256,1,0,17,28d00100440013000000000931000000
10449,2292,256,1,0,17,28d101004500120000000008e7000000
10450,2886,256,1,0,17,28d201006b0013000000000b39000000
10451,2211,256,1,0,17,28d30100460013000000000896000000
10452,1992,256,1,0,17,28d401004800130000000007bb000000
10453,1966,256,1,0,17,28d501004700120000000007a1000000
10454,1693,256,1,0,17,28d60100bb0018000000000690000000
10455,67877,257,1,0,17,28d70101a90121000000010918000000
10456,8657,257,1,0,17,28d801010d001b0000000021c4000000
10457,3733,256,1,0,17,28d90100710018000000000e88000000
10458,3749,256,1,0,17,28da0100720017000000000e98000000
10459,3523,256,1,0,17,28db01006f0016000000000db6000000
10460,3727,256,1,0,17,28dc0100700017000000000e82000000
10461,2188,256,1,0,17,28dd010031001300000000087f000000
10462,1839,256,1,0,17,28de01002f0013000000000722000000
10463,821,257,1,0,17,28df0101080022000000000328000000
10464,5517,256,1,0,17,28e0010079001a000000001580000000
10465,172148,257,1,0,17,28e10101d900f900000002a067000000
10466,4232,256,1,0,17,28e20100e1004500000000107b000000
10467,4010,256,1,0,17,28e3010062001d000000000f9d000000
10468,112280,257,1,0,17,28e40101d9012300000001b68b000000
10469,566,256,1,0,17,28e50100d00056000000000229000000
10470,4371,256,1,0,17,28e6010061001c000000001106000000
10471,4322,256,1,0,17,28e701005e001c0000000010d5000000
10472,498,256,1,0,17,28e801002d00120000000001e5000000
10473,9141,256,1,0,17,28e901005400460000000023a8000000
10474,10842,256,1,0,17,28ea0100540045000000002a4d000000
10475,3100,256,1,0,17,28eb0100970013000000000c0f000000
10476,442,256,1,0,17,28ec01002d00120000000001ad000000
10477,2493,256,1,0,17,28ed01005800130000000009b0000000
10478,2080,256,1,0,17,28ee0100480013000000000813000000
10479,2386,256,1,0,17,28ef0100470014000000000945000000
10480,2222,256,1,0,17,28f001004700130000000008a1000000
10481,2136,256,1,0,17,28f1010046001300000000084b000000
10482,3209,256,1,0,17,28f20100630014000000000c7c000000
10483,1832,256,1,0,17,28f301003f001200000000071b000000
10484,2759,256,1,0,17,28f40100580013000000000aba000000
10485,2241,256,1,0,17,28f501004800130000000008b4000000
10486,3253,256,1,0,17,28f60100630014000000000ca8000000
10487,2924,256,1,0,17,28f70100630012000000000b5f000000
10488,3096,256,1,0,17,28f80100630014000000000c0b000000
10489,1729,256,1,0,17,28f901003200130000000006b4000000
10490,2115,256,1,0,17,28fa0100320014000000000836000000
10491,1621,256,1,0,17,28fb0100310013000000000648000000
10492,1916,256,1,0,17,28fc010032001400000000076f000000
10493,285,256,1,0,17,28fd010014000d000000000110000000
10494,155,256,1,0,17,28fe010014000d00000000008e000000
10495,253,256,1,0,17,28ff010014000b0000000000f0000000
10496,150,256,1,0,17,2900010014000b000000000089000000
10497,112583,257,1,0,17,29010101d900a000000001b7ba000000
10498,379,256,1,0,17,29020100fe001c00000000016e000000
10499,3296,256,1,0,17,29030100630014000000000cd3000000
10500,812,256,1,0,17,29040100b8002200000000031f000000
10501,381,256,1,0,17,29050100b80022000000000170000000
10502,360,256,1,0,17,2906010060001e00000000015b000000
10503,2186,256,1,0,17,2907010036001500000000087d000000
10504,1284,256,1,0,17,290801002200130000000004f7000000
10505,1277,256,1,0,17,290901002200130000000004f0000000
10506,1292,256,1,0,17,290a01002000100000000004ff000000
10507,1467,256,1,0,17,290b01002f00120000000005ae000000
10508,3705,256,1,0,17,290c0100640014000000000e6c000000
10509,3151,256,1,0,17,290d0100640014000000000c42000000
10510,3813,256,1,0,17,290e0100630014000000000ed8000000
10511,3375,256,1,0,17,290f0100620014000000000d22000000
10512,3286,256,1,0,17,29100100630015000000000cc9000000
10513,388,256,1,0,17,2911010024000f000000000177000000
10514,2219,256,1,0,17,291201003d001a00000000089e000000
10515,2274,256,1,0,17,291301003d001a0000000008d5000000
10516,3929,256,1,0,17,2914010042001f000000000f4c000000
10517,3721,256,1,0,17,2915010043001f000000000e7c000000
10518,3950,256,1,0,17,29160100440020000000000f61000000
10519,2068,256,1,0,17,291701001a0022000000000807000000
10520,683,256,1,0,17,2918010048001200000000029e000000
10521,675,256,1,0,17,29190100480012000000000296000000
10522,715,256,1,0,17,291a01004800120000000002be000000
10523,674,256,1,0,17,291b0100480012000000000295000000
10524,758,256,1,0,17,291c01004700120000000002e9000000
10525,669,256,1,0,17,291d0100480012000000000290000000
10526,3136,256,1,0,17,291e0100460025000000000c33000000
10527,2679,256,1,0,17,291f0100460025000000000a6a000000
10528,32158,256,1,0,17,29200100fd006c000000007d91000000
10529,3773,256,1,0,17,29210100630014000000000eb0000000
10530,2565,256,1,0,17,292201006a00130000000009f8000000
10531,2066,256,1,0,17,29230100440013000000000805000000
10532,557,256,1,0,17,29240100480012000000000220000000
10533,4813,256,1,0,17,292501006a00240000000012c0000000
10534,1800,256,1,0,17,292601006a002a0000000006fb000000
10535,2358,256,1,0,17,2927010011004b000000000929000000
10536,2523,256,1,0,17,2928010011004c0000000009ce000000
10537,1452,256,1,0,17,2929010012002300000000059f000000
10538,1340,256,1,0,17,292a010011002600000000052f000000
10539,1196,256,1,0,17,292b01000e002500000000049f000000
10540,1711,256,1,0,17,292c01002100210000000006a2000000
10541,1593,256,1,0,17,292d010021002100000000062c000000
10542,2092,256,1,0,17,292e010037001400000000081f000000
10543,1852,256,1,0,17,292f010026001500000000072f000000
10544,2165,256,1,0,17,29300100280016000000000868000000
10545,4748,256,1,0,17,2931010060001c00000000127f000000
10546,5095,256,1,0,17,293201007800190000000013da000000
10547,4497,256,1,0,17,293301005f001c000000001184000000
10548,3461,256,1,0,17,293401004e0015000000000d78000000
10551,719,256,1,0,17,293701004600120000000002c2000000
10552,504,256,1,0,17,293801005e00200000000001eb000000
10553,614,256,1,0,17,293901005e0020000000000259000000
10554,730,256,1,0,17,293a01005100120000000002cd000000
10555,280,256,1,0,17,293b010050000a00000000010b000000
10556,4548,256,1,0,17,293c010060001b0000000011b7000000
10557,444,256,1,0,17,293d01001e000f0000000001af000000
10558,2187,256,1,0,17,293e010037001400000000087e000000
10559,6741,256,1,0,17,293f0100300030000000001a48000000
10560,6145,256,1,0,17,294001003000300000000017f4000000
10561,6150,256,1,0,17,294101003000300000000017f9000000
10562,6388,256,1,0,17,294201003000300000000018e7000000
10563,5440,256,1,0,17,29430100300030000000001533000000
10564,6250,256,1,0,17,2944010030003000000000185d000000
10565,5441,256,1,0,17,29450100300030000000001534000000
10566,6482,256,1,0,17,29460100300030000000001945000000
10567,5397,256,1,0,17,29470100300030000000001508000000
10568,5013,256,1,0,17,29480100300030000000001388000000
10569,6319,256,1,0,17,294901003000300000000018a2000000
10570,7053,256,1,0,17,294a0100300030000000001b80000000
10571,5668,256,1,0,17,294b0100300030000000001617000000
10572,4821,256,1,0,17,294c01003000300000000012c8000000
10573,5779,256,1,0,17,294d0100300030000000001686000000
10574,6069,256,1,0,17,294e01003000300000000017a8000000
10575,5772,256,1,0,17,294f010030003000000000167f000000
10576,5775,256,1,0,17,29500100300030000000001682000000
10577,6149,256,1,0,17,295101003000300000000017f8000000
10578,6418,256,1,0,17,29520100300030000000001905000000
10579,6010,256,1,0,17,2953010030003000000000176d000000
10580,6036,256,1,0,17,29540100300030000000001787000000
10581,5956,256,1,0,17,29550100300030000000001737000000
10582,6926,256,1,0,17,29560100300030000000001b01000000
10583,6838,256,1,0,17,29570100300030000000001aa9000000
10584,5337,256,1,0,17,295801003000300000000014cc000000
10585,5681,256,1,0,17,29590100300030000000001624000000
10586,5811,256,1,0,17,295a01003000300000000016a6000000
10592,6115,256,1,0,17,296001003000300000000017d6000000
10593,6662,256,1,0,17,296101003000300000000019f9000000
10594,6396,256,1,0,17,296201003000300000000018ef000000
10595,6382,256,1,0,17,296301003000300000000018e1000000
10596,6365,256,1,0,17,296401003000300000000018d0000000
10597,5947,256,1,0,17,2965010030003000000000172e000000
10598,6106,256,1,0,17,296601003000300000000017cd000000
10599,6173,256,1,0,17,29670100300030000000001810000000
10600,6193,256,1,0,17,29680100300030000000001824000000
10601,6873,256,1,0,17,29690100300030000000001acc000000
10602,6590,256,1,0,17,296a01003000300000000019b1000000
10603,6512,256,1,0,17,296b0100300030000000001963000000
10604,6245,256,1,0,17,296c0100300030000000001858000000
10605,5907,256,1,0,17,296d0100300030000000001706000000
10606,1895,256,1,0,17,296e01008a002a00000000075a000000
10607,4844,256,1,0,17,296f01008a00240000000012df000000
10608,599,256,1,0,17,2970010043001200000000024a000000
10609,5234,256,1,0,17,29710100c80016000000001465000000
10610,2932,256,1,0,17,29720100620015000000000b67000000
10611,668,256,1,0,17,2973010048001200000000028f000000
10612,3022,256,1,0,17,29740100640014000000000bc1000000
10613,2017,256,1,0,17,297501004700130000000007d4000000
10614,1871,256,1,0,17,29760100460011000000000742000000
10615,609,256,1,0,17,29770100480012000000000254000000
10616,627,256,1,0,17,29780100470012000000000266000000
10617,414,256,1,0,17,297901002d0012000000000191000000
10618,475,256,1,0,17,297a01002d00120000000001ce000000
10619,2670,256,1,0,17,297b0100280028000000000a61000000
10620,2478,256,1,0,17,297c01002800280000000009a1000000
10621,1939,256,1,0,17,297d0100370014000000000786000000
10622,2289,256,1,0,17,297e01003800140000000008e4000000
10623,3242,256,1,0,17,297f0100640014000000000c9d000000
10624,609,256,1,0,17,29800100480012000000000254000000
10625,3363,256,1,0,17,298101004e0017000000000d16000000
10626,3500,256,1,0,17,298201004f0017000000000d9f000000
10627,2977,256,1,0,17,298301004e0014000000000b94000000
10628,2757,256,1,0,17,298401003c001a000000000ab8000000
10632,3436,256,1,0,17,29880100540019000000000d5f000000
10633,3290,256,1,0,17,29890100560018000000000ccd000000
10634,3186,256,1,0,17,298a0100550017000000000c65000000
10635,3221,256,1,0,17,298b0100560019000000000c88000000
10636,68776,257,1,0,17,298c01018e0165000000010c9b000000
10637,6191,256,1,0,17,298d0100300030000000001822000000
10638,5997,256,1,0,17,298e0100300030000000001760000000
10639,2613,256,1,0,17,298f0100300030000000000a28000000
10640,6433,256,1,0,17,29900100300030000000001914000000
10641,6339,256,1,0,17,299101003000300000000018b6000000
10642,6437,256,1,0,17,29920100300030000000001918000000
10643,6561,256,1,0,17,29930100300030000000001994000000
10644,6772,256,1,0,17,29940100300030000000001a67000000
10645,6016,256,1,0,17,29950100300030000000001773000000
10646,6088,256,1,0,17,299601003000300000000017bb000000
10647,6564,256,1,0,17,29970100300030000000001997000000
10648,6105,256,1,0,17,299801003000300000000017cc000000
10649,2776,256,1,0,17,29990100300030000000000acb000000
10650,6219,256,1,0,17,299a010030003000000000183e000000
10651,1802,256,1,0,17,299b01003400340000000006fd000000
10652,1800,256,1,0,17,299c01003500340000000006fb000000
10653,3978,256,1,0,17,299d01005f0019000000000f7d000000
10654,820,256,1,0,17,299e0100ea0022000000000327000000
10655,6710,256,1,0,17,299f0100300030000000001a29000000
10656,3150,256,1,0,17,29a00100640014000000000c41000000
10657,1827,256,1,0,17,29a10100320014000000000716000000
10658,3058,256,1,0,17,29a20100640014000000000be5000000
10659,3320,256,1,0,17,29a30100650015000000000ceb000000
10660,4773,256,1,0,17,29a401002a002a000000001298000000
10661,1844,256,1,0,17,29a5010019001b000000000727000000
10662,1003,256,1,0,17,29a601001400160000000003de000000
10663,989,256,1,0,17,29a701001100180000000003d0000000
10664,987,256,1,0,17,29a801001700140000000003ce000000
10665,964,256,1,0,17,29a901001100170000000003b7000000
10666,8391,256,1,0,17,29aa010065006a0000000020ba000000
10667,1200,256,1,0,17,29ab01002a002e0000000004a3000000
10668,664,256,1,0,17,29ac010047001200000000028b000000
10669,602,256,1,0,17,29ad010047001200000000024d000000
10670,644,256,1,0,17,29ae0100480012000000000277000000
10671,693,256,1,0,17,29af01004800120000000002a8000000
10672,491,256,1,0,17,29b001002a00120000000001de000000
10673,482,256,1,0,17,29b101003600120000000001d5000000
10674,644,256,1,0,17,29b20100480012000000000277000000
10675,631,256,1,0,17,29b3010047001200000000026a000000
10676,494,256,1,0,17,29b401001800180000000001e1000000
10677,399,256,1,0,17,29b501002a0012000000000182000000
10678,576,256,1,0,17,29b60100480012000000000233000000
10679,2828,256,1,0,17,29b70100630015000000000aff000000
10680,8191,256,1,0,17,29b8010032003f000000001ff2000000
10681,2005,256,1,0,17,29b901003700150000000007c8000000
10682,8266,256,1,0,17,29ba01004a003a00000000203d000000
10683,5786,256,1,0,17,29bb01002e003200000000168d000000
10684,5276,256,1,0,17,29bc01002e003200000000148f000000
10685,2291,256,1,0,17,29bd01003700150000000008e6000000
10686,256,256,1,0,17,29be01002a002e0000000000f3000000
10687,529,256,1,0,17,29bf0100120011000000000204000000
10688,3118,256,1,0,17,29c00100630014000000000c21000000
10689,549,256,1,0,17,29c10100470012000000000218000000
10690,472,256,1,0,17,29c201002d00120000000001cb000000
10691,721,256,1,0,17,29c301001200120000000002c4000000
10692,692,256,1,0,17,29c401002d00120000000002a7000000
10693,702,256,1,0,17,29c501002d00120000000002b1000000
10720,2451,256,1,0,17,29e001003f001a000000000986000000
10721,2377,256,1,0,17,29e1010040001a00000000093c000000
10800,2812,256,1,0,17,2a3001002a0027000000000aef000000
10801,798,256,1,0,17,2a310100630012000000000311000000
10802,796,256,1,0,17,2a32010063001200000000030f000000
10803,836,256,1,0,17,2a330100630012000000000337000000
10808,5986,256,1,0,17,2a380100300030000000001755000000
10809,5966,256,1,0,17,2a390100300030000000001741000000
10810,6109,256,1,0,17,2a3a01003000300000000017d0000000
10811,6021,256,1,0,17,2a3b0100300030000000001778000000
10812,6136,256,1,0,17,2a3c01003000300000000017eb000000
10813,6882,256,1,0,17,2a3d0100300030000000001ad5000000
10814,6639,256,1,0,17,2a3e01003000300000000019e2000000
10815,6732,256,1,0,17,2a3f0100300030000000001a3f000000
10816,6601,256,1,0,17,2a4001003000300000000019bc000000
10817,6724,256,1,0,17,2a410100300030000000001a37000000
10818,6877,256,1,0,17,2a420100300030000000001ad0000000
10819,6814,256,1,0,17,2a430100300030000000001a91000000
10820,6746,256,1,0,17,2a440100300030000000001a4d000000
11000,6571,256,1,0,17,2af8010030003000000000199e000000
11001,6056,256,1,0,17,2af9010030003000000000179b000000
11002,5928,256,1,0,17,2afa010030003000000000171b000000
11003,6291,256,1,0,17,2afb0100300030000000001886000000
11004,6327,256,1,0,17,2afc01003000300000000018aa000000
11005,6666,256,1,0,17,2afd01003000300000000019fd000000
12001,6295,256,1,0,17,2ee1010030003000000000188a000000
12002,6229,256,1,0,17,2ee20100300030000000001848000000
12003,6264,256,1,0,17,2ee3010030003000000000186b000000
12004,2734,256,1,0,17,2ee40100300030000000000aa1000000
12005,2751,256,1,0,17,2ee50100300030000000000ab2000000
12006,5719,256,1,0,17,2ee6010030003000000000164a000000
12007,6367,256,1,0,17,2ee701003000300000000018d2000000
12008,5175,256,1,0,17,2ee8010030003000000000142a000000
12009,5435,256,1,0,17,2ee9010030003000000000152e000000
12010,2732,256,1,0,17,2eea0100300030000000000a9f000000
12011,2801,256,1,0,17,2eeb0100300030000000000ae4000000
12012,2507,256,1,0,17,2eec01003000300000000009be000000
12013,2390,256,1,0,17,2eed0100300030000000000949000000
12014,2431,256,1,0,17,2eee0100300030000000000972000000
12015,2494,256,1,0,17,2eef01003000300000000009b1000000
12016,2455,256,1,0,17,2ef0010030003000000000098a000000
12017,2483,256,1,0,17,2ef101003000300000000009a6000000
12018,511,256,1,0,17,2ef201002000110000000001f2000000
12019,10878,256,1,0,17,2ef30100400040000000002a71000000
12020,10501,256,1,0,17,2ef401004000400000000028f8000000
12021,1016,256,1,0,17,2ef501002000120000000003eb000000
12022,10110,256,1,0,17,2ef60100400040000000002771000000
12023,865,256,1,0,17,2ef70100200013000000000354000000
12024,4930,256,1,0,17,2ef80100300030000000001335000000
12025,4695,256,1,0,17,2ef9010030003000000000124a000000
12026,3743,256,1,0,17,2efa0100300030000000000e92000000
12027,4794,256,1,0,17,2efb01003000300000000012ad000000
12028,5433,256,1,0,17,2efc010030003000000000152c000000
12029,5341,256,1,0,17,2efd01003000300000000014d0000000
12030,5402,256,1,0,17,2efe010030003000000000150d000000
12031,5015,256,1,0,17,2eff010030003000000000138a000000
12032,4396,256,1,0,17,2f00010030003000000000111f000000
12033,4669,256,1,0,17,2f010100300030000000001230000000
12034,5182,256,1,0,17,2f020100300030000000001431000000
12035,5114,256,1,0,17,2f0301003000300000000013ed000000
12036,234,256,1,0,17,2f0401002c00120000000000dd000000
12037,1025,256,1,0,17,2f0501002800280000000003f4000000
12038,1572,256,1,0,17,2f06010097003e000000000617000000
12039,1372,3328,0,0,-1,2f070d0032001400010300000001ff00
12040,1832,3328,0,0,-1,2f080d0048001400010300000001ff00
12041,339,256,1,0,17,2f0901004c0014000000000146000000
12042,1255,256,1,0,17,2f0a01003a00160000000004da000000
12043,3102,256,1,0,17,2f0b0100300030000000000c11000000
12044,3053,256,1,0,17,2f0c0100300030000000000be0000000
12045,2682,256,1,0,17,2f0d0100300030000000000a6d000000
12046,2731,256,1,0,17,2f0e0100300030000000000a9e000000
12047,7,1327,0,0,-1,2f0f052f0701ff
12048,7,1327,0,0,-1,2f10052f0801ff
12049,26102,256,1,0,57,2f110100d401ae0500000000004801ad
12050,447,768,0,0,-1,2f1203003c011000c80307007d02c800
12051,60014,257,1,0,73,2f1301018e0262070001001900620033
12053,3131,256,1,0,17,2f150100300030000000000c2e000000
12054,10661,256,1,0,17,2f160100400040000000002998000000
12055,10115,256,1,0,17,2f170100400040000000002776000000
12056,8438,256,1,0,17,2f1801004000400000000020e9000000
12057,2471,256,1,0,17,2f19010030003000000000099a000000
12058,2635,256,1,0,17,2f1a0100300030000000000a3e000000
12059,2636,256,1,0,17,2f1b0100300030000000000a3f000000
12060,2563,256,1,0,17,2f1c01003000300000000009f6000000
12061,2578,256,1,0,17,2f1d0100300030000000000a05000000
12062,2577,256,1,0,17,2f1e0100300030000000000a04000000
12063,2832,256,1,0,17,2f1f0100300030000000000b03000000
12064,2618,256,1,0,17,2f200100300030000000000a2d000000
12065,2843,256,1,0,17,2f210100300030000000000b0e000000
12066,2553,256,1,0,17,2f2201003000300000000009ec000000
12067,2662,256,1,0,17,2f230100300030000000000a59000000
12068,5566,256,1,0,17,2f2401003000300000000015b1000000
12069,2666,256,1,0,17,2f250100300030000000000a5d000000
12070,2547,256,1,0,17,2f2601003000300000000009e6000000
12071,6221,256,1,0,17,2f270100300030000000001840000000
12072,911,256,1,0,17,2f2801004b0012000000000382000000
12073,2256,256,1,0,17,2f2901005100160000000008c3000000
12074,719,256,1,0,17,2f2a01004b00120000000002c2000000
12075,2616,256,1,0,17,2f2b0100660015000000000a2b000000
12076,1862,256,1,0,17,2f2c0100500015000000000739000000
12077,434,256,1,0,17,2f2d01002c00120000000001a5000000
12078,404,256,1,0,17,2f2e0100260012000000000187000000
12079,1708,256,1,0,17,2f2f01003f001300000000069f000000
12080,477,256,1,0,17,2f3001004300120000000001d0000000
12081,2762,256,1,0,17,2f310100640013000000000abd000000
12082,1666,256,1,0,17,2f3201001e001e000000000675000000
12083,1239,256,1,0,17,2f3301001400140000000004ca000000
12084,345,256,1,0,17,2f3401002b001200000000014c000000
12085,1661,256,1,0,17,2f3501003e0013000000000670000000
12086,1920,256,1,0,17,2f3601003f0013000000000773000000
12087,1839,256,1,0,17,2f370100400013000000000722000000
12088,351,256,1,0,17,2f3801002b0012000000000152000000
12089,1820,256,1,0,17,2f39010040001200000000070f000000
12090,584,256,1,0,17,2f3a010031001400000000023b000000
12091,2794,256,1,0,17,2f3b0100480015000000000add000000
12092,2523,256,1,0,17,2f3c01004800150000000009ce000000
12100,5760,256,1,0,17,2f440100300030000000001673000000
12101,5776,256,1,0,17,2f450100300030000000001683000000
12102,5225,256,1,0,17,2f46010030003000000000145c000000
12103,5585,256,1,0,17,2f4701003000300000000015c4000000
12104,5003,256,1,0,17,2f48010030003000000000137e000000
12105,4891,256,1,0,17,2f49010030003000000000130e000000
12106,6213,256,1,0,17,2f4a0100300030000000001838000000
12107,6080,256,1,0,17,2f4b01003000300000000017b3000000
12108,7007,256,1,0,17,2f4c0100300030000000001b52000000
12109,7144,256,1,0,17,2f4d0100300030000000001bdb000000
12110,6315,256,1,0,17,2f4e010030003000000000189e000000
12111,7037,256,1,0,17,2f4f0100300030000000001b70000000
12112,6755,256,1,0,17,2f500100300030000000001a56000000
12113,6808,256,1,0,17,2f510100300030000000001a8b000000
12114,6512,256,1,0,17,2f520100300030000000001963000000
12115,6344,256,1,0,17,2f5301003000300000000018bb000000
12116,5706,256,1,0,17,2f54010030003000000000163d000000
12117,6150,256,1,0,17,2f5501003000300000000017f9000000
12118,5710,256,1,0,17,2f560100300030000000001641000000
12119,5994,256,1,0,17,2f57010030003000000000175d000000
12120,6150,256,1,0,17,2f5801003000300000000017f9000000
12121,6753,256,1,0,17,2f590100300030000000001a54000000
12122,6369,256,1,0,17,2f5a01003000300000000018d4000000
12123,5410,256,1,0,17,2f5b0100300030000000001515000000
12124,5649,256,1,0,17,2f5c0100300030000000001604000000
12125,5022,256,1,0,17,2f5d0100300030000000001391000000
12126,5854,256,1,0,17,2f5e01003000300000000016d1000000
12127,5106,256,1,0,17,2f5f01003000300000000013e5000000
12129,477,256,1,0,17,2f6101003b00110000000001d0000000
12130,2978,256,1,0,17,2f620100620013000000000b95000000
12131,5571,256,1,0,17,2f6301003000300000000015b6000000
12132,6448,256,1,0,17,2f640100300030000000001923000000
12133,5607,256,1,0,17,2f6501003000300000000015da000000
12134,6434,256,1,0,17,2f660100300030000000001915000000
12135,5301,256,1,0,17,2f6701003000300000000014a8000000
12136,5211,256,1,0,17,2f68010030003000000000144e000000
12137,4910,256,1,0,17,2f690100300030000000001321000000
12138,5158,256,1,0,17,2f6a0100300030000000001419000000
12139,4531,256,1,0,17,2f6b01003000300000000011a6000000
12140,5542,256,1,0,17,2f6c0100300030000000001599000000
12141,4417,256,1,0,17,2f6d0100300030000000001134000000
12142,11054,256,1,0,17,2f6e0100400040000000002b21000000
12143,9966,256,1,0,17,2f6f01004000400000000026e1000000
12144,5629,256,1,0,17,2f7001003000300000000015f0000000
12145,3650,256,1,0,17,2f710100300030000000000e35000000
12146,3912,256,1,0,17,2f720100300030000000000f3b000000
12147,4202,256,1,0,17,2f73010030003000000000105d000000
12148,4023,256,1,0,17,2f740100300030000000000faa000000
12149,4288,256,1,0,17,2f7501003000300000000010b3000000
12150,5402,256,1,0,17,2f76010030003000000000150d000000
12151,5954,256,1,0,17,2f770100300030000000001735000000
12152,5558,256,1,0,17,2f7801003000300000000015a9000000
12153,6127,256,1,0,17,2f7901003000300000000017e2000000
12154,6195,256,1,0,17,2f7a0100300030000000001826000000
12155,6325,256,1,0,17,2f7b01003000300000000018a8000000
12156,5925,256,1,0,17,2f7c0100300030000000001718000000
12157,6030,256,1,0,17,2f7d0100300030000000001781000000
12158,6315,256,1,0,17,2f7e01002e003100000000189e000000
12159,597,256,1,0,17,2f7f01004b0012000000000248000000
12160,5928,256,1,0,17,2f80010030003000000000171b000000
12161,5836,256,1,0,17,2f8101003000300000000016bf000000
12162,5760,256,1,0,17,2f820100300030000000001673000000
12163,5893,256,1,0,17,2f8301003000300000000016f8000000
12164,5888,256,1,0,17,2f8401003000300000000016f3000000
12165,5927,256,1,0,17,2f85010030003000000000171a000000
12166,5945,256,1,0,17,2f86010030003000000000172c000000
12167,5975,256,1,0,17,2f87010030003000000000174a000000
12168,5938,256,1,0,17,2f880100300030000000001725000000
12169,6169,256,1,0,17,2f89010030003000000000180c000000
12170,5971,256,1,0,17,2f8a0100300030000000001746000000
12171,5800,256,1,0,17,2f8b010030003000000000169b000000
12172,5882,256,1,0,17,2f8c01003000300000000016ed000000
12173,5939,256,1,0,17,2f8d0100300030000000001726000000
12174,5990,256,1,0,17,2f8e0100300030000000001759000000
12175,6000,256,1,0,17,2f8f0100300030000000001763000000
12176,5986,256,1,0,17,2f900100300030000000001755000000
12177,6020,256,1,0,17,2f910100300030000000001777000000
12178,5942,256,1,0,17,2f920100300030000000001729000000
12179,6118,256,1,0,17,2f9301003000300000000017d9000000
12180,6165,256,1,0,17,2f940100300030000000001808000000
12181,5878,256,1,0,17,2f9501003000300000000016e9000000
12182,5987,256,1,0,17,2f960100300030000000001756000000
12183,6018,256,1,0,17,2f970100300030000000001775000000
12184,6151,256,1,0,17,2f9801003000300000000017fa000000
12185,5961,256,1,0,17,2f99010030003000000000173c000000
12186,5939,256,1,0,17,2f9a0100300030000000001726000000
12187,5985,256,1,0,17,2f9b0100300030000000001754000000
12188,5983,256,1,0,17,2f9c0100300030000000001752000000
12189,6030,256,1,0,17,2f9d0100300030000000001781000000
12190,5916,256,1,0,17,2f9e010030003000000000170f000000
12191,6054,256,1,0,17,2f9f0100300030000000001799000000
12192,5947,256,1,0,17,2fa0010030003000000000172e000000
12200,5752,256,1,0,17,2fa8010030003000000000166b000000
12201,5900,256,1,0,17,2fa901003000300000000016ff000000
12202,5962,256,1,0,17,2faa010030003000000000173d000000
12203,5853,256,1,0,17,2fab01003000300000000016d0000000
12204,5865,256,1,0,17,2fac01003000300000000016dc000000
12205,5498,256,1,0,17,2fad010030003000000000156d000000
12206,5827,256,1,0,17,2fae01003000300000000016b6000000
12207,5889,256,1,0,17,2faf01003000300000000016f4000000
12208,5710,256,1,0,17,2fb00100300030000000001641000000
12209,5806,256,1,0,17,2fb101003000300000000016a1000000
12210,5730,256,1,0,17,2fb20100300030000000001655000000
12211,5811,256,1,0,17,2fb301003000300000000016a6000000
12212,5861,256,1,0,17,2fb401003000300000000016d8000000
12213,5422,256,1,0,17,2fb50100300030000000001521000000
12214,5633,256,1,0,17,2fb601003000300000000015f4000000
12215,5388,256,1,0,17,2fb701003000300000000014ff000000
12216,5671,256,1,0,17,2fb8010030003000000000161a000000
12217,5408,256,1,0,17,2fb90100300030000000001513000000
12218,5539,256,1,0,17,2fba0100300030000000001596000000
12219,5824,256,1,0,17,2fbb01003000300000000016b3000000
12220,5212,256,1,0,17,2fbc010030003000000000144f000000
12221,5640,256,1,0,17,2fbd01003000300000000015fb000000
12222,5597,256,1,0,17,2fbe01003000300000000015d0000000
12223,5926,256,1,0,17,2fbf0100300030000000001719000000
12224,5668,256,1,0,17,2fc00100300030000000001617000000
12225,5986,256,1,0,17,2fc10100300030000000001755000000
12226,5968,256,1,0,17,2fc20100300030000000001743000000
12227,5836,256,1,0,17,2fc301003000300000000016bf000000
12228,5516,256,1,0,17,2fc4010030003000000000157f000000
12229,5622,256,1,0,17,2fc501003000300000000015e9000000
12230,5910,256,1,0,17,2fc60100300030000000001709000000
12231,5671,256,1,0,17,2fc7010030003000000000161a000000
12232,5504,256,1,0,17,2fc80100300030000000001573000000
12233,5512,256,1,0,17,2fc9010030003000000000157b000000
12234,5974,256,1,0,17,2fca0100300030000000001749000000
12235,5793,256,1,0,17,2fcb0100300030000000001694000000
12236,5779,256,1,0,17,2fcc0100300030000000001686000000
12237,5770,256,1,0,17,2fcd010030003000000000167d000000
12238,5858,256,1,0,17,2fce01003000300000000016d5000000
12239,5868,256,1,0,17,2fcf01003000300000000016df000000
12240,5852,256,1,0,17,2fd001003000300000000016cf000000
12241,5630,256,1,0,17,2fd101003000300000000015f1000000
12242,5502,256,1,0,17,2fd20100300030000000001571000000
12243,5436,256,1,0,17,2fd3010030003000000000152f000000
12244,5848,256,1,0,17,2fd401003000300000000016cb000000
12245,5818,256,1,0,17,2fd501003000300000000016ad000000
12246,5768,256,1,0,17,2fd6010030003000000000167b000000
12247,5277,256,1,0,17,2fd70100300030000000001490000000
12248,5706,256,1,0,17,2fd8010030003000000000163d000000
12249,5697,256,1,0,17,2fd90100300030000000001634000000
12250,5628,256,1,0,17,2fda01003000300000000015ef000000
12251,5986,256,1,0,17,2fdb0100300030000000001755000000
12252,611,256,1,0,17,2fdc0100430012000000000256000000
12253,3124,256,1,0,17,2fdd0100650012000000000c27000000
12254,3152,256,1,0,17,2fde0100650012000000000c43000000
12255,895,256,1,0,17,2fdf0100290010000000000372000000
12256,2741,256,1,0,17,2fe00100650012000000000aa8000000
12257,588,256,1,0,17,2fe1010043001200000000023f000000
12258,3189,256,1,0,17,2fe20100650012000000000c68000000
12259,336,256,1,0,17,2fe301002b0012000000000143000000
12260,10633,256,1,0,17,2fe4010040004000000000297c000000
12261,3602,256,1,0,17,2fe501002e002e000000000e05000000
12262,5820,256,1,0,17,2fe601002e002e0000000016af000000
12263,9035,256,1,0,17,2fe7010043003600000000233e000000
12264,3455,256,1,0,17,2fe801002e002e000000000d72000000
12265,5702,256,1,0,17,2fe901002e002e000000001639000000
12266,9098,256,1,0,17,2fea010043003600000000237d000000
12267,5712,256,1,0,17,2feb0100300030000000001643000000
12268,5890,256,1,0,17,2fec01003000300000000016f5000000
12269,521,256,1,0,17,2fed01004300120000000001fc000000
12270,576,256,1,0,17,2fee0100440012000000000233000000
12271,1953,256,1,0,17,2fef0100330012000000000794000000
12272,1712,256,1,0,17,2ff001003200120000000006a3000000
12273,2186,256,1,0,17,2ff1010033001300000000087d000000
12274,3308,256,1,0,17,2ff20100630012000000000cdf000000
12275,3741,256,1,0,17,2ff30100650012000000000e90000000
12276,3500,256,1,0,17,2ff40100650012000000000d9f000000
12277,3667,256,1,0,17,2ff50100630013000000000e46000000
12278,3631,256,1,0,17,2ff60100650013000000000e22000000
12279,3145,256,1,0,17,2ff70100660012000000000c3c000000
12280,3836,256,1,0,17,2ff80100660013000000000eef000000
12281,3969,256,1,0,17,2ff90100660012000000000f74000000
12282,3500,256,1,0,17,2ffa0100640013000000000d9f000000
12283,2018,256,1,0,17,2ffb01003300120000000007d5000000
12284,1821,256,1,0,17,2ffc0100320012000000000710000000
12285,2030,256,1,0,17,2ffd01003200120000000007e1000000
12286,3859,256,1,0,17,2ffe0100650013000000000f06000000
12287,3867,256,1,0,17,2fff0100650012000000000f0e000000
12288,402,256,1,0,17,300001002b0012000000000185000000
12289,427,256,1,0,17,300101002b001200000000019e000000
12290,613,256,1,0,17,30020100430012000000000258000000
12291,719,256,1,0,17,300301005400120000000002c2000000
12292,645,256,1,0,17,30040100430012000000000278000000
12293,401,256,1,0,17,30050100220012000000000184000000
12294,698,256,1,0,17,300601005200120000000002ad000000
12295,624,256,1,0,17,30070100410012000000000263000000
12296,519,256,1,0,17,300801003100120000000001fa000000
12297,466,256,1,0,17,300901002b00120000000001c5000000
12298,373,256,1,0,17,300a01002b0012000000000168000000
12299,381,256,1,0,17,300b01002b0012000000000170000000
12300,600,256,1,0,17,300c010043001200000000024b000000
12301,456,256,1,0,17,300d01002b00120000000001bb000000
12302,1634,256,1,0,17,300e0100260014000000000655000000
12303,3219,256,1,0,17,300f01004a0014000000000c86000000
12304,3426,256,1,0,17,30100100490013000000000d55000000
12305,5236,256,1,0,17,30110100300030000000001467000000
12306,5490,256,1,0,17,30120100300030000000001565000000
12307,5591,256,1,0,17,301301003000300000000015ca000000
12308,6018,256,1,0,17,30140100300030000000001775000000
12309,5353,256,1,0,17,301501003000300000000014dc000000
12310,5528,256,1,0,17,3016010030003000000000158b000000
12311,5690,256,1,0,17,3017010030003000000000162d000000
12312,5858,256,1,0,17,301801003000300000000016d5000000
12313,6064,256,1,0,17,301901003000300000000017a3000000
12314,5868,256,1,0,17,301a01003000300000000016df000000
12315,6261,256,1,0,17,301b0100300030000000001868000000
12316,6323,256,1,0,17,301c01003000300000000018a6000000
12317,5944,256,1,0,17,301d010030003000000000172b000000
12318,5776,256,1,0,17,301e0100300030000000001683000000
12319,6023,256,1,0,17,301f010030003000000000177a000000
12320,5665,256,1,0,17,30200100300030000000001614000000
12321,5999,256,1,0,17,30210100300030000000001762000000
12322,6148,256,1,0,17,302201003000300000000017f7000000
12323,5787,256,1,0,17,3023010030003000000000168e000000
12324,5910,256,1,0,17,30240100300030000000001709000000
12325,4797,256,1,0,17,302501003000300000000012b0000000
12326,5137,256,1,0,17,30260100300030000000001404000000
12327,5186,256,1,0,17,30270100300030000000001435000000
12328,4769,256,1,0,17,30280100300030000000001294000000
12329,4627,256,1,0,17,30290100300030000000001206000000
12330,4754,256,1,0,17,302a0100300030000000001285000000
12331,4749,256,1,0,17,302b0100300030000000001280000000
12332,5251,256,1,0,17,302c0100300030000000001476000000
12333,5178,256,1,0,17,302d010030003000000000142d000000
12334,5567,256,1,0,17,302e01003000300000000015b2000000
12335,5516,256,1,0,17,302f010030003000000000157f000000
12336,5550,256,1,0,17,303001003000300000000015a1000000
12337,30270,256,1,0,17,30310100a00050000000007631000000
12338,30135,256,1,0,17,30320100a000500000000075aa000000
12339,32208,256,1,0,17,30330100a00050000000007dc3000000
12340,29222,256,1,0,17,30340100a00050000000007219000000
12341,31556,256,1,0,17,30350100a00050000000007b37000000
12342,29786,256,1,0,17,30360100a0005000000000744d000000
12343,4716,256,1,0,17,303701002e002f00000000125f000000
12344,5171,256,1,0,17,30380100300030000000001426000000
12345,4961,256,1,0,17,303901002f002e000000001354000000
12346,3449,256,1,0,17,303a01002e0030000000000d6c000000
12347,5399,256,1,0,17,303b01002f002b00000000150a000000
12348,5044,256,1,0,17,303c010029002f0000000013a7000000
12349,5522,256,1,0,17,303d010030002b000000001585000000
12350,5843,256,1,0,17,303e010030002c0000000016c6000000
12351,4987,256,1,0,17,303f01002e003000000000136e000000
12352,5439,256,1,0,17,3040010030002f000000001532000000
12353,6484,256,1,0,17,304101002f002f000000001947000000
12354,4973,256,1,0,17,30420100300030000000001360000000
12355,4143,256,1,0,17,304301002e002b000000001022000000
12356,3610,256,1,0,17,30440100640032000000000e0d000000
12357,601,256,1,0,17,3045010043001200000000024c000000
12358,618,256,1,0,17,3046010043001200000000025d000000
12359,603,256,1,0,17,3047010043001200000000024e000000
12360,371,256,1,0,17,304801002b0012000000000166000000
12361,5419,256,1,0,17,3049010030003000000000151e000000
12362,5239,256,1,0,17,304a010030003000000000146a000000
12363,5827,256,1,0,17,304b01003000300000000016b6000000
12364,5286,256,1,0,17,304c0100300030000000001499000000
12365,5208,256,1,0,17,304d010030003000000000144b000000
12366,5509,256,1,0,17,304e0100300030000000001578000000
12367,5105,256,1,0,17,304f01003000300000000013e4000000
12368,5936,256,1,0,17,30500100300030000000001723000000
12369,4520,256,1,0,17,3051010030003000000000119b000000
12370,4726,256,1,0,17,30520100300030000000001269000000
12371,4854,256,1,0,17,305301003000300000000012e9000000
12372,5101,256,1,0,17,305401003000300000000013e0000000
12373,5543,256,1,0,17,3055010030003000000000159a000000
12374,4954,256,1,0,17,3056010030003000000000134d000000
12375,5369,256,1,0,17,305701003000300000000014ec000000
12376,5503,256,1,0,17,30580100300030000000001572000000
12377,5439,256,1,0,17,30590100300030000000001532000000
12378,5641,256,1,0,17,305a01003000300000000015fc000000
12379,4706,256,1,0,17,305b0100300030000000001255000000
12380,5052,256,1,0,17,305c01003000300000000013af000000
12381,5568,256,1,0,17,305d01003000300000000015b3000000
12382,5446,256,1,0,17,305e0100300030000000001539000000
12383,5785,256,1,0,17,305f010030003000000000168c000000
12384,5539,256,1,0,17,30600100300030000000001596000000
12385,5197,256,1,0,17,30610100300030000000001440000000
12386,5794,256,1,0,17,30620100300030000000001695000000
12387,4908,256,1,0,17,3063010030003000000000131f000000
12388,5541,256,1,0,17,30640100300030000000001598000000
12389,5527,256,1,0,17,3065010030003000000000158a000000
12390,5274,256,1,0,17,3066010030003000000000148d000000
12391,5656,256,1,0,17,3067010030003000000000160b000000
12392,5354,256,1,0,17,306801003000300000000014dd000000
12393,10453,256,1,0,17,306901004000400000000028c8000000
12394,10444,256,1,0,17,306a01004000400000000028bf000000
12395,2852,256,1,0,17,306b0100300030000000000b17000000
12396,2885,256,1,0,17,306c0100300030000000000b38000000
12397,4574,256,1,0,17,306d01003000300000000011d1000000
12398,583,256,1,0,17,306e010041001200000000023a000000
12399,8019,256,1,0,17,306f010032003f000000001f46000000
12400,564,256,1,0,17,30700100430012000000000227000000
12401,606,256,1,0,17,30710100430012000000000251000000
12402,5939,256,1,0,17,30720100300030000000001726000000
12403,23904,256,1,0,17,30730100960064000000005d53000000
12404,24074,256,1,0,17,30740100960064000000005dfd000000
12405,23921,256,1,0,17,30750100960064000000005d64000000
12406,24883,256,1,0,17,30760100960064000000006126000000
12407,25696,256,1,0,17,30770100960064000000006453000000
12408,5570,256,1,0,17,307801003000300000000015b5000000
12409,5724,256,1,0,17,3079010030003000000000164f000000
12410,5817,256,1,0,17,307a01003000300000000016ac000000
12411,5838,256,1,0,17,307b01003000300000000016c1000000
12412,6065,256,1,0,17,307c01003000300000000017a4000000
12413,5718,256,1,0,17,307d0100300030000000001649000000
12414,1596,256,1,0,17,307e010032001200000000062f000000
12415,1439,256,1,0,17,307f0100320012000000000592000000
12416,1852,256,1,0,17,3080010032001500000000072f000000
12417,1856,256,1,0,17,30810100320015000000000733000000
12418,3035,256,1,0,17,30820100640016000000000bce000000
12419,2645,256,1,0,17,308301006b0013000000000a48000000
12420,2830,256,1,0,17,308401006a0013000000000b01000000
12421,3073,256,1,0,17,308501006b0013000000000bf4000000
12422,507,256,1,0,17,308601004300120000000001ee000000
12423,385,256,1,0,17,30870100220012000000000174000000
12424,530,256,1,0,17,30880100420012000000000205000000
12425,550,256,1,0,17,30890100430012000000000219000000
12426,558,256,1,0,17,308a0100430012000000000221000000
12427,536,256,1,0,17,308b010043001200000000020b000000
12428,3009,256,1,0,17,308c0100640015000000000bb4000000
12429,1455,256,1,0,17,308d01001200260000000005a2000000
12430,5867,256,1,0,17,308e01003000300000000016de000000
12431,5945,256,1,0,17,308f010030003000000000172c000000
12432,6410,256,1,0,17,309001003000300000000018fd000000
12433,6146,256,1,0,17,309101003000300000000017f5000000
12434,6091,256,1,0,17,309201003000300000000017be000000
12435,6091,256,1,0,17,309301003000300000000017be000000
12436,5850,256,1,0,17,309401003000300000000016cd000000
12437,5995,256,1,0,17,3095010030003000000000175e000000
12438,5635,256,1,0,17,309601003000300000000015f6000000
12439,6473,256,1,0,17,3097010030003000000000193c000000
12440,6197,256,1,0,17,30980100300030000000001828000000
12441,5839,256,1,0,17,309901003000300000000016c2000000
12442,6129,256,1,0,17,309a01003000300000000017e4000000
12443,5637,256,1,0,17,309b01003000300000000015f8000000
12444,5323,256,1,0,17,309c01003000300000000014be000000
12445,5565,256,1,0,17,309d01003000300000000015b0000000
12446,5884,256,1,0,17,309e01003000300000000016ef000000
12447,6565,256,1,0,17,309f0100300030000000001998000000
12448,5961,256,1,0,17,30a0010030003000000000173c000000
12449,5889,256,1,0,17,30a101003000300000000016f4000000
12450,5881,256,1,0,17,30a201003000300000000016ec000000
12451,6193,256,1,0,17,30a30100300030000000001824000000
12452,6160,256,1,0,17,30a40100300030000000001803000000
12453,6164,256,1,0,17,30a50100300030000000001807000000
12454,6163,256,1,0,17,30a60100300030000000001806000000
12455,6050,256,1,0,17,30a70100300030000000001795000000
12456,6004,256,1,0,17,30a80100300030000000001767000000
12457,5510,256,1,0,17,30a90100300030000000001579000000
12458,5971,256,1,0,17,30aa0100300030000000001746000000
12459,5848,256,1,0,17,30ab01003000300000000016cb000000
12460,5928,256,1,0,17,30ac010030003000000000171b000000
12461,6512,256,1,0,17,30ad0100300030000000001963000000
12462,6207,256,1,0,17,30ae0100300030000000001832000000
12463,5899,256,1,0,17,30af01003000300000000016fe000000
12464,6047,256,1,0,17,30b00100300030000000001792000000
12465,4814,256,1,0,17,30b101003000300000000012c1000000
12466,4732,256,1,0,17,30b2010030003000000000126f000000
12467,5936,256,1,0,17,30b30100300030000000001723000000
12468,6503,256,1,0,17,30b4010030003000000000195a000000
12469,6083,256,1,0,17,30b501003000300000000017b6000000
12470,6539,256,1,0,17,30b6010030003000000000197e000000
12471,6514,256,1,0,17,30b70100300030000000001965000000
12472,6320,256,1,0,17,30b801003000300000000018a3000000
12473,6443,256,1,0,17,30b9010030003000000000191e000000
12474,4798,256,1,0,17,30ba01003000300000000012b1000000
12475,3216,256,1,0,17,30bb0100630015000000000c83000000
12476,364,256,1,0,17,30bc010021001200000000015f000000
12477,9479,256,1,0,17,30bd01004000400000000024fa000000
12478,9747,256,1,0,17,30be0100400040000000002606000000
12479,9804,256,1,0,17,30bf010040004000000000263f000000
12480,9555,256,1,0,17,30c00100400040000000002546000000
12481,9565,256,1,0,17,30c10100400040000000002550000000
12482,9800,256,1,0,17,30c2010040004000000000263b000000
12483,9873,256,1,0,17,30c30100400040000000002684000000
12484,9623,256,1,0,17,30c4010040004000000000258a000000
12485,9335,256,1,0,17,30c5010040004000000000246a000000
12486,9648,256,1,0,17,30c601004000400000000025a3000000
12487,9740,256,1,0,17,30c701004000400000000025ff000000
12488,9411,256,1,0,17,30c801004000400000000024b6000000
12489,9447,256,1,0,17,30c901004000400000000024da000000
12490,9730,256,1,0,17,30ca01004000400000000025f5000000
12491,9738,256,1,0,17,30cb01004000400000000025fd000000
12492,9516,256,1,0,17,30cc010040004000000000251f000000
12493,542,256,1,0,17,30cd0100430012000000000211000000
12494,570,256,1,0,17,30ce010043001200000000022d000000
12495,557,256,1,0,17,30cf0100430012000000000220000000
12496,1046,256,1,0,17,30d001004b0014000000000409000000
12497,4944,256,1,0,17,30d10100300030000000001343000000
12498,6595,256,1,0,17,30d201003000300000000019b6000000
12499,6133,256,1,0,17,30d301003000300000000017e8000000
12500,6001,256,1,0,17,30d40100300030000000001764000000
12501,6460,256,1,0,17,30d5010030003000000000192f000000
12502,6482,256,1,0,17,30d60100300030000000001945000000
12503,5919,256,1,0,17,30d70100300030000000001712000000
12504,6499,256,1,0,17,30d80100300030000000001956000000
12505,6276,256,1,0,17,30d90100300030000000001877000000
12506,6538,256,1,0,17,30da010030003000000000197d000000
12507,6526,256,1,0,17,30db0100300030000000001971000000
12508,6446,256,1,0,17,30dc0100300030000000001921000000
12509,6587,256,1,0,17,30dd01003000300000000019ae000000
12510,6635,256,1,0,17,30de01003000300000000019de000000
12511,6228,256,1,0,17,30df0100300030000000001847000000
12512,6545,256,1,0,17,30e00100300030000000001984000000
12513,6754,256,1,0,17,30e10100300030000000001a55000000
12514,6444,256,1,0,17,30e2010030003000000000191f000000
12515,6675,256,1,0,17,30e30100300030000000001a06000000
12516,6038,256,1,0,17,30e40100300030000000001789000000
12517,6116,256,1,0,17,30e501003000300000000017d7000000
12518,6516,256,1,0,17,30e60100300030000000001967000000
12519,6658,256,1,0,17,30e701003000300000000019f5000000
12520,6479,256,1,0,17,30e80100300030000000001942000000
12521,6594,256,1,0,17,30e901003000300000000019b5000000
12522,6519,256,1,0,17,30ea010030003000000000196a000000
12523,6923,256,1,0,17,30eb0100300030000000001afe000000
12524,6384,256,1,0,17,30ec01003000300000000018e3000000
12525,6174,256,1,0,17,30ed0100300030000000001811000000
12526,6516,256,1,0,17,30ee0100300030000000001967000000
12527,6712,256,1,0,17,30ef0100300030000000001a2b000000
12528,6662,256,1,0,17,30f001003000300000000019f9000000
12529,6733,256,1,0,17,30f10100300030000000001a40000000
12530,6457,256,1,0,17,30f2010030003000000000192c000000
12531,6389,256,1,0,17,30f301003000300000000018e8000000
12532,169,768,0,0,-1,30f4030064010e0066005f0034002f00
12533,169,768,0,0,-1,30f5030064010e0066005f0034002f00
12534,169,768,0,0,-1,30f6030064010e0066005f0034002f00
12535,169,768,0,0,-1,30f7030064010e0066005f0034002f00
12536,169,768,0,0,-1,30f8030064010e0066005f0034002f00
12537,147,768,0,0,-1,30f9030096010c011001560088010700
12538,169,768,0,0,-1,30fa030096010e00a100390051001c00
12539,169,768,0,0,-1,30fb030096010e008d00310046001500
12540,92,768,0,0,-1,30fc0300c8010700980049004c002400
12541,169,768,0,0,-1,30fd030096010e0082002d0041001300
12542,6160,256,1,0,17,30fe0100300030000000001803000000
12543,1597,256,1,0,17,30ff01002f0013000000000630000000
12544,1728,256,1,0,17,310001002f00130000000006b3000000
12545,6310,256,1,0,17,31010100300030000000001899000000
12546,125,768,0,0,-1,3102030064010a003a0035001c001a00
12547,7158,256,1,0,17,31030100500067000000001be9000000
12548,439,256,1,0,17,310401002b00120000000001aa000000
12549,2117,256,1,0,17,310501002f0014000000000838000000
12550,1264,256,1,0,17,310601002000130000000004e3000000
12551,2194,256,1,0,17,31070100340013000000000885000000
12552,435,256,1,0,17,310801002d00120000000001a6000000
12556,5729,256,1,0,17,310c0100300030000000001654000000
12557,6034,256,1,0,17,310d0100300030000000001785000000
12558,5737,256,1,0,17,310e010030003000000000165c000000
12559,6031,256,1,0,17,310f0100300030000000001782000000
12560,5643,256,1,0,17,311001003000300000000015fe000000
12561,5742,256,1,0,17,31110100300030000000001661000000
12562,5826,256,1,0,17,311201003000300000000016b5000000
12563,6057,256,1,0,17,3113010030003000000000179c000000
12564,5958,256,1,0,17,31140100300030000000001739000000
12565,6028,256,1,0,17,3115010030003000000000177f000000
12566,6002,256,1,0,17,31160100300030000000001765000000
12567,6652,256,1,0,17,311701003000300000000019ef000000
12568,5394,256,1,0,17,31180100300030000000001505000000
12569,4669,256,1,0,17,31190100300030000000001230000000
12570,4413,256,1,0,17,311a0100300030000000001130000000
12571,4558,256,1,0,17,311b01003000300000000011c1000000
12572,4684,256,1,0,17,311c010030003000000000123f000000
12573,6154,256,1,0,17,311d01003000300000000017fd000000
12574,10736,256,1,0,17,311e01004000400000000029e3000000
12575,6325,256,1,0,17,311f01003000300000000018a8000000
12576,6165,256,1,0,17,31200100300030000000001808000000
12577,6546,256,1,0,17,31210100300030000000001985000000
12578,6539,256,1,0,17,3122010030003000000000197e000000
12579,6545,256,1,0,17,31230100300030000000001984000000
12580,9296,256,1,0,17,31240100400040000000002443000000
12581,10562,256,1,0,17,31250100400040000000002935000000
12582,10005,256,1,0,17,31260100400040000000002708000000
12583,10488,256,1,0,17,312701004000400000000028eb000000
12584,9334,256,1,0,17,31280100400040000000002469000000
12585,9063,256,1,0,17,3129010040004000000000235a000000
12586,9450,256,1,0,17,312a01004000400000000024dd000000
12587,9227,256,1,0,17,312b01004000400000000023fe000000
12588,9444,256,1,0,17,312c01004000400000000024d7000000
12589,9318,256,1,0,17,312d0100400040000000002459000000
12590,10011,256,1,0,17,312e010040004000000000270e000000
12591,9433,256,1,0,17,312f01004000400000000024cc000000
12592,11328,256,1,0,17,31300100400040000000002c33000000
12593,8667,256,1,0,17,313101004000400000000021ce000000
12594,10168,256,1,0,17,313201004000400000000027ab000000
12595,9752,256,1,0,17,3133010040004000000000260b000000
12596,2551,256,1,0,17,313401004a00140000000009ea000000
12597,2461,256,1,0,17,31350100490013000000000990000000
12598,3037,256,1,0,17,31360100650013000000000bd0000000
12599,548,256,1,0,17,31370100440012000000000217000000
12600,362,256,1,0,17,313801002b001200000000015d000000
12601,147,768,0,0,-1,3139030064010c004b00490025002400
12602,147,768,0,0,-1,313a030064010c00a700630058003300
12603,2531,256,1,0,17,313b01001e001e0000000009d6000000
12604,170,768,0,0,-1,313c0300c80109005a007e002d006e00
12605,147,768,0,0,-1,313d0300c8010c00b5005f005d002a00
12606,103,768,0,0,-1,313e0300640108006d00770031004300
12607,3690,256,1,0,17,313f0100240028000000000e5d000000
12608,6334,256,1,0,17,314001003000300000000018b1000000
12609,6159,256,1,0,17,31410100300030000000001802000000
12610,560,256,1,0,17,31420100440012000000000223000000
12611,519,256,1,0,17,314301004300120000000001fa000000
12612,252641,257,1,0,17,31440101e7016600000003dad4000000
12613,207676,257,1,0,17,31450101e70166000000032b2f000000
12614,210104,257,1,0,17,31460101e701660000000334ab000000
12615,5929,256,1,0,17,3147010030003000000000171c000000
12616,10271,257,1,0,17,31480101680058000000002812000000
12617,5364,256,1,0,17,314901007000560000000014e7000000
12618,6165,256,1,0,17,314a0100300030000000001808000000
12619,20677,257,1,0,17,314b01012700480000000050b8000000
12620,21856,257,1,0,17,314c0101250048000000005553000000
12621,9322,257,1,0,17,314d0101cc003b00000000245d000000
12622,9529,256,1,0,17,314e010050005000000000252c000000
12623,213,768,0,0,-1,314f0300960112009300af0048008500
12624,125,768,0,0,-1,3150030096010a00ae00900056006e00
12625,262,768,0,0,-1,3151030078010d005000500028002800
12626,1428,256,1,0,17,315201007d000f000000000587000000
12627,1367,256,1,0,17,315301007c001000000000054a000000
12628,1352,256,1,0,17,315401007d000f00000000053b000000
12629,1350,256,1,0,17,315501007c0010000000000539000000
12630,9006,256,1,0,17,31560100400040000000002321000000
12631,501,256,1,0,17,315701004100120000000001e8000000
12632,6018,256,1,0,17,31580100300030000000001775000000
12633,6184,256,1,0,17,3159010030003000000000181b000000
12634,5348,256,1,0,17,315a01003000300000000014d7000000
12635,5295,256,1,0,17,315b01003000300000000014a2000000
12636,5076,256,1,0,17,315c01003000300000000013c7000000
12637,5952,256,1,0,17,315d0100300030000000001733000000
12638,6296,256,1,0,17,315e010030003000000000188b000000
12639,6721,256,1,0,17,315f0100300030000000001a34000000
12640,10267,256,1,0,17,3160010040004000000000280e000000
12641,10690,256,1,0,17,316101004000400000000029b5000000
12642,9997,256,1,0,17,31620100400040000000002700000000
12643,10108,256,1,0,17,3163010040004000000000276f000000
12644,213,768,0,0,-1,3164030096011200b400f0005c00b300
12645,213,768,0,0,-1,3165030096011200b400f0005c00b300
12646,125,768,0,0,-1,3166030078010a006500640032003200
12647,5591,256,1,0,17,316701003000300000000015ca000000
12648,105545,256,1,0,17,31680100a0012c000000019c3c000000
12649,3420,256,1,0,17,31690100560100000000000d4f000000
12650,11741,256,1,0,17,316a0100490046000000002dd0000000
12651,3210,256,1,0,17,316b010039003c000000000c7d000000
12652,1296,256,1,0,17,316c0100140014000000000503000000
12653,1222,256,1,0,17,316d01001400140000000004b9000000
12654,2266,256,1,0,17,316e01001a001e0000000008cd000000
12655,2296,256,1,0,17,316f01001e001a0000000008eb000000
12656,3401,256,1,0,17,31700100280028000000000d3c000000
12657,3776,256,1,0,17,317101004b0014000000000eb3000000
12658,2568,256,1,0,17,317201004b00140000000009fb000000
12659,878889,261,1,0,17,317301056a02800000000d691c000000
12660,3202,256,1,0,17,31740100410031000000000c75000000
12661,84551,257,1,0,17,31750101a700c9000000014a3a000000
12662,31434,256,1,0,17,31760100d000d8000000007abd000000
12663,29711,256,1,0,17,31770100d000d8000000007402000000
12664,9056,256,1,0,17,317801003e0040000000002353000000
12665,2031,258,1,0,17,3179010258000c0000000007e2000000
12666,234,258,1,0,17,317a010258000c0000000000dd000000
12667,870,256,1,0,17,317b01001b001a000000000359000000
12668,1399,256,1,0,17,317c01001b001a00000000056a000000
12669,7975,256,1,0,17,317d01004d004c000000001f1a000000
12670,560,256,1,0,17,317e0100410012000000000223000000
12671,337,256,1,0,17,317f0100200012000000000144000000
12672,364,256,1,0,17,3180010022001200000000015f000000
12673,1317,256,1,0,17,31810100220014000000000518000000
12674,2328,256,1,0,17,318201004c001200000000090b000000
12675,2363,256,1,0,17,3183010065001200000000092e000000
12676,1673,256,1,0,17,3184010032001300000000067c000000
12677,1785,256,1,0,17,318501003300130000000006ec000000
12678,2921,256,1,0,17,31860100650012000000000b5c000000
12679,1643,256,1,0,17,3187010033001200000000065e000000
12680,10472,256,1,0,17,318801004000400000000028db000000
12681,261,256,1,0,17,3189010024000e0000000000f8000000
12682,5789,256,1,0,17,318a0100300030000000001690000000
12683,1335,256,1,0,17,318b01001e001e00000000052a000000
12684,1275,256,1,0,17,318c01001e001e0000000004ee000000
12685,92,768,0,0,-1,318d0300780107006c00930036007800
12686,136,768,0,0,-1,318e030096010b00a100b00050008500
12687,70,768,0,0,-1,318f030096010500f500f9007a00ae00
12688,103,768,0,0,-1,31900300960108009a008c0052004c00
12689,92,768,0,0,-1,3191030078010700b300aa0056006e00
12690,114,768,0,0,-1,31920300640109009f00be0052009f00
12691,92,768,0,0,-1,3193030078010700ca00c7006c009100
12692,1491,256,1,0,17,319401001400140000000005c6000000
12693,1489,256,1,0,17,319501001400140000000005c4000000
12694,1443,256,1,0,17,31960100140014000000000596000000
12695,1415,256,1,0,17,3197010014001400000000057a000000
12696,1379,256,1,0,17,31980100140014000000000556000000
12697,1413,256,1,0,17,31990100140014000000000578000000
12698,6233,256,1,0,17,319a010030003000000000184c000000
12699,5608,256,1,0,17,319b01003000300000000015db000000
12700,6111,256,1,0,17,319c01003000300000000017d2000000
12701,5953,256,1,0,17,319d0100300030000000001734000000
12702,6166,256,1,0,17,319e0100300030000000001809000000
12703,6285,256,1,0,17,319f0100300030000000001880000000
12704,5439,256,1,0,17,31a00100300030000000001532000000
12705,103,768,0,0,-1,31a10300780108006800c8003400a500
12706,527,256,1,0,17,31a20100430012000000000202000000
12707,11659,256,1,0,17,31a30100400040000000002d7e000000
12708,12359,256,1,0,17,31a4010040004000000000303a000000
12709,12007,256,1,0,17,31a50100400040000000002eda000000
12710,12682,256,1,0,17,31a6010040004000000000317d000000
12711,12451,256,1,0,17,31a70100400040000000003096000000
12712,12288,256,1,0,17,31a80100400040000000002ff3000000
12713,12366,256,1,0,17,31a90100400040000000003041000000
12714,11301,256,1,0,17,31aa0100400040000000002c18000000
12715,11600,256,1,0,17,31ab0100400040000000002d43000000
12716,12141,256,1,0,17,31ac0100400040000000002f60000000
12717,12474,256,1,0,17,31ad01004000400000000030ad000000
12718,11638,256,1,0,17,31ae0100400040000000002d69000000
12719,6436,256,1,0,17,31af0100300030000000001917000000
12720,5954,256,1,0,17,31b00100300030000000001735000000
12721,6382,256,1,0,17,31b101003000300000000018e1000000
12722,6324,256,1,0,17,31b201003000300000000018a7000000
12723,6373,256,1,0,17,31b301003000300000000018d8000000
12724,6341,256,1,0,17,31b401003000300000000018b8000000
12725,5696,256,1,0,17,31b50100300030000000001633000000
12726,267,256,1,0,17,31b601002200110000000000fe000000
12727,423971,258,1,0,17,31b701026c0186000000067816000000
12728,142978,257,1,0,17,31b801017e012b000000022e75000000
12729,74018,256,1,0,17,31b90100e200e6000000012115000000
12730,5778,256,1,0,17,31ba0100300030000000001685000000
12731,1919,256,1,0,17,31bb010018001b000000000772000000
12732,1859,256,1,0,17,31bc010018001a000000000736000000
12733,2748,256,1,0,17,31bd0100650012000000000aaf000000
12734,3413,256,1,0,17,31be01007d0012000000000d48000000
12735,348,256,1,0,17,31bf010021001200000000014f000000
12736,490,256,1,0,17,31c001003300120000000001dd000000
12737,553,256,1,0,17,31c1010043001200000000021c000000
12738,8647,256,1,0,17,31c20100b2002c0000000021ba000000
12739,114,768,0,0,-1,31c3030096010900bc009e005b005700
12740,92,768,0,0,-1,31c4030096010700cb00d70067008b00
12741,92,768,0,0,-1,31c50300960107009f00910052007100
12742,127,768,0,0,-1,31c6030096010801aa022300ee017b00
12743,103,768,0,0,-1,31c7030096010800b300b8005c009700
12744,81,768,0,0,-1,31c8030096010600c000a30063007a00
12745,92,768,0,0,-1,31c9030096010700b400810058005100
12746,136,768,0,0,-1,31ca030064010b008500ba004400a400
12747,255,768,0,0,-1,31cb030096010800bd0148006000c800
12748,81,768,0,0,-1,31cc030096010600b700a10057005500
12749,70,768,0,0,-1,31cd030096010500f500f9007a00ae00
12750,103,768,0,0,-1,31ce03009601080196014200ca00df00
12751,81,768,0,0,-1,31cf030096010600d500b20079006700
12752,125,768,0,0,-1,31d0030096010a009600c8004b00b400
12753,221,768,0,0,-1,31d1030096020700ec011b007b00f500
12754,103,768,0,0,-1,31d2030096010800a900c2005600a500
12755,151,768,0,0,-1,31d30300960108009f00d5005200ac00
12756,192,768,0,0,-1,31d4030096010b00a900fa005100bc00
12757,243,768,0,0,-1,31d5030096010c00f600d20080009f00
12758,189,768,0,0,-1,31d6030078010a00d600f3006b00c900
12759,262,768,0,0,-1,31d7030096020900ca011e006c00e800
12760,189,768,0,0,-1,31d8030078010a00c80103006600da00
12761,154,768,0,0,-1,31d9030096010900b300c9005800a000
12762,125,768,0,0,-1,31da030064010a00b9009b005d007800
12763,81,768,0,0,-1,31db03007801060095010a004e00cc00
12764,6232,256,1,0,17,31dc010030003000000000184b000000
12765,5366,256,1,0,17,31dd01003000300000000014e9000000
12766,5540,256,1,0,17,31de0100300030000000001597000000
12767,5089,256,1,0,17,31df01003000300000000013d4000000
12768,6392,256,1,0,17,31e001003000300000000018eb000000
12769,6007,256,1,0,17,31e1010030003000000000176a000000
12770,5525,256,1,0,17,31e20100300030000000001588000000
12771,5560,256,1,0,17,31e301003000300000000015ab000000
12772,5865,256,1,0,17,31e401003000300000000016dc000000
12773,5691,256,1,0,17,31e5010030003000000000162e000000
12774,6192,256,1,0,17,31e60100300030000000001823000000
12775,5635,256,1,0,17,31e701003000300000000015f6000000
12776,5713,256,1,0,17,31e80100300030000000001644000000
12777,6076,256,1,0,17,31e901003000300000000017af000000
12778,4848,256,1,0,17,31ea01003000300000000012e3000000
12779,6518,256,1,0,17,31eb0100300030000000001969000000
12780,6605,256,1,0,17,31ec01003000300000000019c0000000
12781,6782,256,1,0,17,31ed0100300030000000001a71000000
12782,5770,256,1,0,17,31ee010030003000000000167d000000
12783,5115,256,1,0,17,31ef01003000300000000013ee000000
12784,5954,256,1,0,17,31f00100300030000000001735000000
12785,5668,256,1,0,17,31f10100300030000000001617000000
12786,5933,256,1,0,17,31f20100300030000000001720000000
12787,6037,256,1,0,17,31f30100300030000000001788000000
12788,6503,256,1,0,17,31f4010030003000000000195a000000
12789,5936,256,1,0,17,31f50100300030000000001723000000
12790,6013,256,1,0,17,31f60100300030000000001770000000
12791,5685,256,1,0,17,31f70100300030000000001628000000
12792,6738,256,1,0,17,31f80100300030000000001a45000000
12793,6500,256,1,0,17,31f90100300030000000001957000000
12794,6269,256,1,0,17,31fa0100300030000000001870000000
12795,6273,256,1,0,17,31fb0100300030000000001874000000
12796,6269,256,1,0,17,31fc0100300030000000001870000000
12797,6239,256,1,0,17,31fd0100300030000000001852000000
12798,6524,256,1,0,17,31fe010030003000000000196f000000
12799,6156,256,1,0,17,31ff01003000300000000017ff000000
12800,6192,256,1,0,17,32000100300030000000001823000000
12801,6229,256,1,0,17,32010100300030000000001848000000
12802,5523,256,1,0,17,32020100300030000000001586000000
12803,6752,256,1,0,17,32030100300030000000001a53000000
12804,6840,256,1,0,17,32040100300030000000001aab000000
12805,6967,256,1,0,17,32050100300030000000001b2a000000
12806,6331,256,1,0,17,320601003000300000000018ae000000
12807,5835,256,1,0,17,320701003000300000000016be000000
12808,6303,256,1,0,17,32080100300030000000001892000000
12809,6147,256,1,0,17,320901003000300000000017f6000000
12810,6312,256,1,0,17,320a010030003000000000189b000000
12811,6403,256,1,0,17,320b01003000300000000018f6000000
12812,3867,256,1,0,17,320c0100320038000000000f0e000000
12813,63499,256,1,0,17,320d0100c800b600000000f7fe000000
12814,375174,259,1,0,73,320e0103c001e0070000000000f000f0
12815,92,768,0,0,-1,320f030064010700f000f00078007800
12816,6660,256,1,0,17,321001003000300000000019f7000000
12817,6265,256,1,0,17,3211010030003000000000186c000000
12818,6384,256,1,0,17,321201003000300000000018e3000000
12819,6365,256,1,0,17,321301003000300000000018d0000000
12820,3631,256,1,0,17,32140100960012000000000e22000000
12821,554,256,1,0,17,3215010043001200000000021d000000
12822,364,256,1,0,17,321601002b001200000000015f000000
12823,518,256,1,0,17,321701004300120000000001f9000000
12824,394,256,1,0,17,321801002b001200000000017d000000
12825,103,768,0,0,-1,3219030064010800590056002d002b00
12826,103,768,0,0,-1,321a0300640108008101000041008000
12827,154,768,0,0,-1,321b0300780109018900f000b0007800
12828,1768,256,1,0,17,321c01009e00400000000006db000000
12829,1892,256,1,0,17,321d01009e0040000000000757000000
12830,2481,256,1,0,17,321e01006400120000000009a4000000
12831,2670,256,1,0,17,321f0100640013000000000a61000000
12832,399,256,1,0,17,322001002b0012000000000182000000
12833,371,256,1,0,17,32210100290012000000000166000000
12834,645,256,1,0,17,322201004d0012000000000278000000
12835,2838,256,1,0,17,322301007e0013000000000b09000000
12836,3010,256,1,0,17,322401007c0013000000000bb5000000
12837,1472,256,1,0,17,322501002800100000000005b3000000
12838,2303,256,1,0,17,322601002d00130000000008f2000000
12839,108399,257,1,0,17,32270101e7006400000001a762000000
12840,85282,257,1,0,17,32280101f40064000000014d15000000
12841,89300,257,1,0,17,32290101e70166000000015cc7000000
12842,5577,256,1,0,17,322a01005a00320000000015bc000000
12843,5745,256,1,0,17,322b0100300030000000001664000000
12844,1877,256,1,0,17,322c0100180018000000000748000000
12845,114,768,0,0,-1,322d03007801090165015300b300be00
12846,114,768,0,0,-1,322e030078010900c400cf0066009d00
12847,147,768,0,0,-1,322f030078010c013b00c90099007d00
12848,103,768,0,0,-1,3230030096010800c400880064004b00
12849,381,768,0,0,-1,3231030078010a0135011400ad00b300
12850,169,768,0,0,-1,3232030078010e015c019200a1014500
12851,92,768,0,0,-1,3233030096010700e201360073010c00
12852,6270,256,1,0,17,32340100300030000000001871000000
12853,5953,256,1,0,17,32350100300030000000001734000000
12854,6094,256,1,0,17,323601003000300000000017c1000000
12855,6222,256,1,0,17,32370100300030000000001841000000
12856,5074,256,1,0,17,323801003000300000000013c5000000
12857,5475,256,1,0,17,32390100300030000000001556000000
12858,7480,256,1,0,17,323a0100300030000000001d2b000000
12859,6320,256,1,0,17,323b01003000300000000018a3000000
12860,5039,256,1,0,17,323c01003000300000000013a2000000
12861,6071,256,1,0,17,323d01003000300000000017aa000000
12862,6479,256,1,0,17,323e0100300030000000001942000000
12863,6512,256,1,0,17,323f0100300030000000001963000000
12864,6447,256,1,0,17,32400100300030000000001922000000
12865,6703,256,1,0,17,32410100300030000000001a22000000
12866,6054,256,1,0,17,32420100300030000000001799000000
12867,5743,256,1,0,17,32430100300030000000001662000000
12868,6519,256,1,0,17,3244010030003000000000196a000000
12869,6566,256,1,0,17,32450100300030000000001999000000
12870,5754,256,1,0,17,3246010030003000000000166d000000
12871,6516,256,1,0,17,32470100300030000000001967000000
12872,1182,256,1,0,17,32480100140014000000000491000000
12873,1159,256,1,0,17,3249010014001400000000047a000000
12874,1133,256,1,0,17,324a0100140014000000000460000000
12875,1176,256,1,0,17,324b010014001400000000048b000000
12876,1195,256,1,0,17,324c010014001400000000049e000000
12877,1204,256,1,0,17,324d01001400140000000004a7000000
12878,1174,256,1,0,17,324e0100140014000000000489000000
12879,1163,256,1,0,17,324f010014001400000000047e000000
12880,1209,256,1,0,17,325001001400140000000004ac000000
12881,1185,256,1,0,17,32510100140014000000000494000000
12882,1196,256,1,0,17,3252010014001400000000049f000000
12883,1119,256,1,0,17,32530100140014000000000452000000
12884,1152,256,1,0,17,32540100140014000000000473000000
12885,1196,256,1,0,17,3255010014001400000000049f000000
12886,1193,256,1,0,17,3256010014001400000000049c000000
12887,1193,256,1,0,17,3257010014001400000000049c000000
12888,1257,256,1,0,17,325801001400140000000004dc000000
12889,2825,256,1,0,17,32590100240028000000000afc000000
12890,2943,256,1,0,17,325a0100240028000000000b72000000
12891,2849,256,1,0,17,325b0100240028000000000b14000000
12892,1657,256,1,0,17,325c01002f001400000000066c000000
12893,548,256,1,0,17,325d0100430012000000000217000000
12894,510,256,1,0,17,325e01004200120000000001f1000000
12895,100445,257,1,0,17,325f0101f40064000000018850000000
12896,1674,256,1,0,17,3260010025001400000000067d000000
12897,10789,256,1,0,17,32610100400040000000002a18000000
12898,9299,256,1,0,17,32620100400040000000002446000000
12899,814,256,1,0,17,32630100630012000000000321000000
12900,239,256,1,0,17,326401000f00100000000000e2000000
12901,209,256,1,0,17,326501000f000f0000000000c4000000
12902,1176,256,1,0,17,3266010014001400000000048b000000
12903,1287,256,1,0,17,326701001400140000000004fa000000
12904,2224,256,1,0,17,326801002200220000000008a3000000
12905,117833,257,1,0,17,32690101e7006400000001cc3c000000
12906,359,256,1,0,17,326a01002b001200000000015a000000
12907,349,256,1,0,17,326b01002a0012000000000150000000
12908,548,256,1,0,17,326c0100430012000000000217000000
12909,394,256,1,0,17,326d01002b001200000000017d000000
12910,6158,256,1,0,17,326e0100300030000000001801000000
12911,6449,256,1,0,17,326f0100300030000000001924000000
12912,6195,256,1,0,17,32700100300030000000001826000000
12913,6330,256,1,0,17,327101003000300000000018ad000000
12914,6560,256,1,0,17,32720100300030000000001993000000
12915,5413,256,1,0,17,32730100340034000000001518000000
12916,5194,256,1,0,17,3274010034003400000000143d000000
12917,5594,256,1,0,17,327501003400340000000015cd000000
12918,5598,256,1,0,17,327601003400340000000015d1000000
12919,1579,256,1,0,17,3277010019001900000000061e000000
12920,243,256,1,0,17,327801000800150000000000e6000000
12921,149,256,1,0,17,32790100c80015000000000088000000
12922,104,256,1,0,17,327a010005000f00000000005b000000
12923,127,256,1,0,17,327b0100c8000f000000000072000000
12924,107,256,1,0,17,327c0100c8000f00000000005e000000
12925,153,256,1,0,17,327d010006000900000000008c000000
12926,10143,256,1,0,17,327e0100400040000000002792000000
12927,5466,256,1,0,17,327f010030003000000000154d000000
12928,5345,256,1,0,17,328001003000300000000014d4000000
12929,5459,256,1,0,17,32810100300030000000001546000000
12930,4968,256,1,0,17,3282010030003000000000135b000000
12931,5261,256,1,0,17,32830100300030000000001480000000
12932,5049,256,1,0,17,328401003000300000000013ac000000
12933,5694,256,1,0,17,32850100300030000000001631000000
12934,5704,256,1,0,17,3286010030003000000000163b000000
12935,5940,256,1,0,17,32870100300030000000001727000000
12936,534,256,1,0,17,32880100420012000000000209000000
12937,545,256,1,0,17,32890100420012000000000214000000
12938,2646,256,1,0,17,328a0100630012000000000a49000000
12939,6090,256,1,0,17,328b01003000300000000017bd000000
12940,466,768,0,0,-1,328c030064050600be00ae0087009c00
12941,403,768,0,0,-1,328d03006405070094007d0048006b00
12942,381,768,0,0,-1,328e030064050500de00c3006300a300
12943,370,768,0,0,-1,328f030096050700a900b30053007c00
12944,4307,256,1,0,17,3290010085002a0000000010c6000000
12945,57601,257,1,0,17,32910101e7016600000000e0f4000000
12946,10116,256,1,0,17,32920100f4004a000000002777000000
12947,2208,256,1,0,17,32930100300030000000000893000000
12948,2344,256,1,0,17,3294010030003000000000091b000000
12949,2209,256,1,0,17,32950100300030000000000894000000
12950,1862,256,1,0,17,32960100300030000000000739000000
12951,77583,257,1,0,17,32970101e70166000000012f02000000
12952,60318,257,1,0,17,329801018901d900000000eb91000000
12953,130745,259,1,0,17,329901034f01fa00000001feac000000
12954,3817,256,1,0,17,329a0100640064000000000edc000000
12955,1174,256,1,0,17,329b0100640064000000000489000000
12956,281246,262,1,0,17,329c0106400320000000044a91000000
12957,25604,256,1,0,17,329d0100e703200000000063f7000000
12958,5842,256,1,0,17,329e0100e4004d0000000016c5000000
12959,3088,256,1,0,17,329f0100400040000000000c03000000
12960,10027,258,1,0,17,32a0010249004100000000271e000000
12961,1341,256,1,0,17,32a101004c001f000000000530000000
12962,7077,256,1,0,17,32a20100e7004e000000001b98000000
12963,2091,256,1,0,17,32a3010068003c00000000081e000000
12964,5677,256,1,0,17,32a40100910042000000001620000000
12965,2708,256,1,0,17,32a501002e0030000000000a87000000
12966,2595,256,1,0,17,32a601002e0030000000000a16000000
12967,115535,257,1,0,17,32a70101fb034700000001c342000000
12968,55119,258,1,0,17,32a8010225010b00000000d742000000
12969,16643,257,1,0,17,32a901015e006e0000000040f6000000
12970,154846,258,1,0,17,32aa01029304b0000000025cd1000000
12971,126720,259,1,0,17,32ab01038d032000000001eef3000000
12972,111126,259,1,0,17,32ac010398022d00000001b209000000
12973,18571,257,1,0,17,32ad010178005400000000487e000000
12974,18246,257,1,0,17,32ae0101890066000000004739000000
12975,146637,258,1,0,17,32af01025202d0000000023cc0000000
12976,73555,258,1,0,17,32b0010225016a000000011f46000000
12977,5776,256,1,0,17,32b10100640064000000001683000000
12978,108709,258,1,0,17,32b201028b032000000001a898000000
12979,60979,260,1,0,17,32b301041e015400000000ee26000000
12980,18856,257,1,0,17,32b40101a900a200000000499b000000
12981,4949,256,1,0,17,32b50100640064000000001348000000
12982,5166,256,1,0,17,32b60100640064000000001421000000
12983,5545,256,1,0,17,32b7010064006400000000159c000000
12984,5637,256,1,0,17,32b801006400640000000015f8000000
12985,5710,256,1,0,17,32b90100640064000000001641000000
12986,6015,256,1,0,17,32ba0100640064000000001772000000
12987,6153,256,1,0,17,32bb01006400640000000017fc000000
12988,6318,256,1,0,17,32bc01006400640000000018a1000000
12989,6302,256,1,0,17,32bd0100640064000000001891000000
12990,6575,256,1,0,17,32be01006400640000000019a2000000
12991,1713,256,1,0,17,32bf010027001e0000000006a4000000
12992,6105,256,1,0,17,32c0010049005f0000000017cc000000
12993,4738,256,1,0,17,32c1010049005f000000001275000000
12994,5644,256,1,0,17,32c2010049005f0000000015ff000000
12995,5336,256,1,0,17,32c3010049005f0000000014cb000000
12996,5052,256,1,0,17,32c4010049005f0000000013af000000
12997,5496,256,1,0,17,32c5010049005f00000000156b000000
12998,5248,256,1,0,17,32c6010049005f000000001473000000
12999,5111,256,1,0,17,32c7010049005f0000000013ea000000
13000,4294,256,1,0,17,32c801004500450000000010b9000000
13001,3910,256,1,0,17,32c90100450045000000000f39000000
13002,4018,256,1,0,17,32ca0100450045000000000fa5000000
13003,3929,256,1,0,17,32cb0100450045000000000f4c000000
13004,4098,256,1,0,17,32cc0100450045000000000ff5000000
13005,4214,256,1,0,17,32cd0100450045000000001069000000
13006,4100,256,1,0,17,32ce0100450045000000000ff7000000
13007,3787,256,1,0,17,32cf0100450045000000000ebe000000
13008,4311,256,1,0,17,32d001008d00320000000010ca000000
13009,578,256,1,0,17,32d101002b0015000000000235000000
13010,997,256,1,0,17,32d201005200160000000003d8000000
13011,1072,256,1,0,17,32d30100520016000000000423000000
13012,1272,256,1,0,17,32d4010076001d0000000004eb000000
13013,75944,260,1,0,17,32d501046e01f200000001289b000000
13014,380,256,1,0,17,32d6010086000300000000016f000000
13015,1072,257,1,0,17,32d7010175005f000000000423000000
13016,1683,256,1,0,17,32d801003b0041000000000686000000
13017,480,256,1,0,17,32d901001e00410000000001d3000000
13018,4831,256,1,0,17,32da01004000400000000012d2000000
13019,4258,256,1,0,17,32db0100400040000000001095000000
13020,351,256,1,0,17,32dc0100430012000000000152000000
13021,320,256,1,0,17,32dd0100420012000000000133000000
13022,338,256,1,0,17,32de0100430012000000000145000000
13023,247,256,1,0,17,32df01002300120000000000ea000000
13024,248,256,1,0,17,32e001002b00120000000000eb000000
13025,1562,256,1,0,17,32e1010064001300000000060d000000
13026,1810,256,1,0,17,32e20100650013000000000705000000
13027,1671,256,1,0,17,32e3010065001200000000067a000000
13028,11797,256,1,0,17,32e40100880089000000002e08000000
13029,8368,256,1,0,17,32e501008800890000000020a3000000
13030,9820,256,1,0,17,32e6010088008900000000264f000000
13031,11950,256,1,0,17,32e70100880089000000002ea1000000
13032,10471,256,1,0,17,32e801008800890000000028da000000
13033,9807,256,1,0,17,32e90100880089000000002642000000
13034,9232,256,1,0,17,32ea0100880089000000002403000000
13035,10252,256,1,0,17,32eb01008800890000000027ff000000
13036,2219,256,1,0,17,32ec010059005c00000000089e000000
13037,1436,256,1,0,17,32ed010058001800000000058f000000
13038,347,256,1,0,17,32ee010044001200000000014e000000
13039,960,256,1,0,17,32ef01003100180000000003b3000000
13040,1568,256,1,0,17,32f001005a0018000000000613000000
13041,2146,256,1,0,17,32f10100240024000000000855000000
13042,2147,256,1,0,17,32f20100240024000000000856000000
13043,9257,259,1,0,17,32f3010312003d00000000241c000000
13044,335,256,1,0,17,32f40100430012000000000142000000
13045,1644,256,1,0,17,32f5010094009400000000065f000000
13046,60991,257,1,0,17,32f601018901d900000000ee32000000
13047,5034,257,1,0,17,32f701011d011d00000000139d000000
13048,4716,257,1,0,17,32f801013b013b00000000125f000000
13049,4680,257,1,0,17,32f9010159015900000000123b000000
13050,3813,257,1,0,17,32fa0101770177000000000ed8000000
13051,2585,257,1,0,17,32fb0101960196000000000a0c000000
13052,32367,260,1,0,17,32fc01041e0154000000007e62000000
13053,29190,258,1,0,17,32fd01022e01860000000071f9000000
13054,247132,259,1,0,17,32fe01034f03db00000003c54f000000
13055,210529,259,1,0,17,32ff0103d004b0000000033654000000
13056,363254,262,1,0,17,33000106400320000000058ae9000000
13057,454420,262,1,0,17,3301010640032000000006ef07000000
13058,454,256,1,0,17,330201004b00140000000001b9000000
13059,1894,256,1,0,17,330301002f0033000000000759000000
13060,1866,256,1,0,17,330401002f003300000000073d000000
13061,343935,262,1,0,17,33050106400320000000053f72000000
13062,374308,262,1,0,17,3306010640032000000005b617000000
13063,114109,259,1,0,17,33070103e101ac00000001bdb0000000
13064,211719,259,1,0,17,330801036e01e6000000033afa000000
13065,359,256,1,0,17,3309010060004600000000015a000000
13066,7059,257,1,0,17,330a01013b0046000000001b86000000
13067,675,258,1,0,17,330b010234010f000000000296000000
13068,1442,256,1,0,17,330c0100420034000000000595000000
13069,918,256,1,0,17,330d0100660019000000000389000000
13070,51068,259,1,0,17,330e01036d020d00000000c76f000000
13071,1491,256,1,0,17,330f01005900180000000005c6000000
13072,24061,258,1,0,17,331001026c00e0000000005df0000000
13073,1330,259,1,0,17,33110103840017000000000525000000
13074,328,258,1,0,17,331201026f006200000000013b000000
13075,517665,262,1,0,17,3313010640032000000007e614000000
13076,108823,259,1,0,17,331401030f01e000000001a90a000000
13077,30976,257,1,0,17,331501010301a30000000078f3000000
13078,4675,256,1,0,17,33160100890041000000001236000000
13079,3923,258,1,0,17,3317010290004c000000000f46000000
13080,1724,256,1,0,17,331801001e001e0000000006af000000
13081,2367,256,1,0,17,3319010044003c000000000932000000
13082,1701,256,1,0,17,331a01003c0044000000000698000000
13083,82828,259,1,0,17,331b01036801fb00000001437f000000
13084,10047,258,1,0,17,331c01026c00ff000000002732000000
13085,1974,3328,0,0,-1,331d0d004800480001030000000d7445
13086,169,256,1,0,17,331e01004a004200000000009c000000
13087,966,256,1,0,17,331f01002e00180000000003b9000000
13088,2693,256,1,0,17,332001002e0030000000000a78000000
13089,2610,256,1,0,17,33210100600040000000000a25000000
13090,31766,257,1,0,57,33220101950040050000000000510040
13091,29923,257,1,0,57,332301018600350500000000004e0035
13092,42029,257,1,0,65,33240101a40048060000000000460048
13093,38507,257,1,0,65,33250101c2003e0600000000004b003e
13094,5708,256,1,0,17,3326010086004600000000163f000000
13095,5805,256,1,0,17,332701008600460000000016a0000000
13096,5809,256,1,0,17,332801008600460000000016a4000000
13097,5758,256,1,0,17,33290100860046000000001671000000
13098,5712,256,1,0,17,332a0100860046000000001643000000
13099,5815,256,1,0,17,332b01008600460000000016aa000000
13100,5773,256,1,0,17,332c0100860046000000001680000000
13101,496456,260,1,0,17,332d010400032000000007933b000000
13102,284,768,0,0,-1,332e0300640405005100400024002f00
13103,4282,256,1,0,17,332f0100a0002d0000000010ad000000
13104,3168,257,1,0,17,333001010a008b000000000c53000000
13105,7,1331,0,0,-1,333105331d01ff
13106,1956,256,1,0,17,33320100390038000000000797000000
13107,1783,256,1,0,17,333301002f00330000000006ea000000
13108,743,256,1,0,17,333401001d002d0000000002da000000
13109,1868,256,1,0,17,3335010023002100000000073f000000
13110,2021,256,1,0,17,333601002500240000000007d8000000
13111,2002,256,1,0,17,333701002b00230000000007c5000000
13112,7966,257,1,0,17,333801011801d1000000001f11000000
13113,2919,256,1,0,17,3339010059002a000000000b5a000000
13114,5768,256,1,0,17,333a01005b005200000000167b000000
13115,6465,256,1,0,17,333b01005a0059000000001934000000
13116,4273,256,1,0,17,333c01005700440000000010a4000000
13117,4975,256,1,0,17,333d0100520052000000001362000000
13118,4835,256,1,0,17,333e01005200520000000012d6000000
13119,4915,256,1,0,17,333f0100520052000000001326000000
13120,3440,256,1,0,17,33400100c70071000000000d63000000
13121,1006,256,1,0,17,334101002e00180000000003e1000000
13122,975,256,1,0,17,334201002f00180000000003c2000000
13123,1556,256,1,0,17,334301005a0018000000000607000000
13124,932,256,1,0,17,334401002e0018000000000397000000
13125,1568,256,1,0,17,334501005a0018000000000613000000
13126,1211,256,1,0,17,334601005a00180000000004ae000000
13127,1273,256,1,0,17,334701005a00170000000004ec000000
13128,902,256,1,0,17,334801002e0018000000000379000000
13129,956,256,1,0,17,3349010032001a0000000003af000000
13130,10137,259,1,0,17,334a0103df004300000000278c000000
13131,3394,256,1,0,17,334b01004c0030000000000d35000000
13132,250849,258,1,0,17,334c010200032000000003d3d4000000
13133,1621,256,1,0,17,334d0100280028000000000648000000
13134,2594,256,1,0,17,334e010028004e000000000a15000000
13135,1192,256,1,0,17,334f01005a001700000000049b000000
13136,4773,256,1,0,17,33500100400040000000001298000000
13137,4633,256,1,0,17,3351010040004000000000120c000000
13138,1524,256,1,0,17,335201004a00140000000005e7000000
13139,1466,256,1,0,17,335301001400500000000005ad000000
13140,1543,256,1,0,17,335401002f00330000000005fa000000
13141,10312,256,1,0,17,335501009f006c00000000283b000000
13142,2234,256,1,0,17,3356010042002c0000000008ad000000
13143,335585,262,1,0,17,33570106400320000000051ed4000000
